{"type": "FeatureCollection", "features": [{"type": "Feature", "properties": {"id": "URY", "nombre": "Uruguay"}, "geometry": {"type": "MultiPolygon", "coordinates": [[[[-53.37, -33.74], [-53.42, -33.78], [-53.47, -33.85], [-53.535, -34.015], [-53.745, -34.25], [-53.785, -34.38], [-54.01, -34.515], [-54.17, -34.67], [-54.27, -34.665], [-54.365, -34.735], [-54.9, -34.935], [-55.095, -34.895], [-55.24, -34.895], [-55.37, -34.81], [-55.675, -34.775], [-55.865, -34.81], [-56.12, -34.91], [-56.195, -34.905], [-56.25, -34.9], [-56.39, -34.86], [-56.465, -34.775], [-56.855, -34.675], [-57.17, -34.45], [-57.545, -34.45], [-57.83, -34.475], [-57.875, -34.45], [-57.9, -34.39], [-57.96, -34.305], [-58.205, -34.11], [-58.4, -33.91], [-58.44, -33.72], [-58.41, -33.51], [-58.355, -33.26], [-58.365, -33.18], [-58.29, -33.14], [-58.22, -33.13], [-58.155, -33.065], [-58.095, -32.965], [-58.08, -32.895], [-58.13, -32.755], [-58.16, -32.565], [-58.2, -32.47], [-58.125, -32.32], [-58.12, -32.25], [-58.165, -32.185], [-58.175, -32.12], [-58.155, -32.05], [-58.16, -31.985], [-58.19, -31.925], [-58.165, -31.875], [-58.095, -31.83], [-58.04, -31.77], [-58.005, -31.685], [-57.99, -31.62], [-57.99, -31.575], [-58.01, -31.535], [-58.055, -31.495], [-58.035, -31.415], [-57.95, -31.3], [-57.895, -31.195], [-57.87, -31.105], [-57.87, -31.03], [-57.9, -30.975], [-57.885, -30.935], [-57.835, -30.915], [-57.81, -30.86], [-57.82, -30.71], [-57.875, -30.59], [-57.83, -30.495], [-57.715, -30.385], [-57.65, -30.295], [-57.645, -30.225], [-57.61, -30.19], [-57.55, -30.26], [-57.385, -30.28], [-57.215, -30.285], [-57.185, -30.265], [-57.12, -30.145], [-57.035, -30.11], [-56.935, -30.1], [-56.835, -30.105], [-56.72, -30.185], [-56.405, -30.445], [-56.175, -30.63], [-56.105, -30.715], [-56.045, -30.78], [-56.0, -30.835], [-56.02, -30.99], [-56.015, -31.06], [-56.005, -31.08], [-55.95, -31.08], [-55.875, -31.07], [-55.81, -31.035], [-55.755, -30.985], [-55.705, -30.945], [-55.665, -30.925], [-55.65, -30.89], [-55.625, -30.86], [-55.605, -30.85], [-55.555, -30.875], [-55.45, -30.965], [-55.365, -31.045], [-55.345, -31.095], [-55.315, -31.14], [-55.28, -31.185], [-55.255, -31.225], [-55.175, -31.28], [-55.09, -31.315], [-55.035, -31.28], [-54.895, -31.39], [-54.59, -31.485], [-54.53, -31.54], [-54.48, -31.625], [-54.37, -31.745], [-54.22, -31.855], [-54.1, -31.9], [-53.985, -31.93], [-53.92, -31.95], [-53.875, -31.995], [-53.805, -32.04], [-53.76, -32.055], [-53.745, -32.095], [-53.7, -32.185], [-53.655, -32.3], [-53.6, -32.405], [-53.49, -32.505], [-53.365, -32.58], [-53.23, -32.625], [-53.155, -32.68], [-53.125, -32.735], [-53.215, -32.82], [-53.31, -32.925], [-53.395, -33.01], [-53.485, -33.07], [-53.51, -33.11], [-53.53, -33.17], [-53.53, -33.5], [-53.54, -33.625], [-53.53, -33.655], [-53.52, -33.675], [-53.465, -33.71], [-53.4, -33.735], [-53.37, -33.74]]]]}}, {"type": "Feature", "properties": {"id": "USA", "nombre": "United States of America"}, "geometry": {"type": "MultiPolygon", "coordinates": [[[[-132.745, 56.525], [-132.76, 56.51], [-132.885, 56.51], [-132.93, 56.525], [-132.95, 56.565], [-132.935, 56.605], [-132.905, 56.635], [-132.87, 56.695], [-132.845, 56.795], [-132.655, 56.685], [-132.6, 56.635], [-132.57, 56.575], [-132.635, 56.555], [-132.715, 56.545], [-132.745, 56.525]]], [[[-132.78, 56.245], [-132.83, 56.245], [-132.89, 56.26], [-133.035, 56.34], [-133.04, 56.365], [-133.015, 56.39], [-132.935, 56.44], [-132.9, 56.455], [-132.705, 56.45], [-132.645, 56.435], [-132.63, 56.41], [-132.63, 56.39], [-132.655, 56.365], [-132.66, 56.34], [-132.645, 56.315], [-132.67, 56.285], [-132.78, 56.245]]], [[[-134.315, 58.23], [-134.32, 58.205], [-134.455, 58.205], [-134.595, 58.245], [-134.66, 58.29], [-134.65, 58.31], [-134.52, 58.335], [-134.4, 58.285], [-134.315, 58.23]]], [[[-145.12, 60.335], [-145.15, 60.315], [-145.24, 60.32], [-145.285, 60.335], [-145.13, 60.4], [-145.1, 60.39], [-145.12, 60.335]]], [[[-144.565, 59.82], [-144.615, 59.815], [-144.54, 59.88], [-144.445, 59.95], [-144.355, 59.995], [-144.235, 60.015], [-144.25, 59.98], [-144.405, 59.92], [-144.565, 59.82]]], [[[-148.02, 60.065], [-148.075, 60.035], [-148.27, 60.055], [-148.23, 60.115], [-148.08, 60.15], [-147.915, 60.09], [-148.02, 60.065]]], [[[-152.02, 60.36], [-152.07, 60.36], [-152.005, 60.405], [-151.96, 60.505], [-151.9, 60.49], [-151.885, 60.475], [-151.985, 60.375], [-152.02, 60.36]]], [[[-160.33, 55.34], [-160.345, 55.26], [-160.48, 55.31], [-160.515, 55.335], [-160.495, 55.35], [-160.36, 55.355], [-160.33, 55.34]]], [[[-159.36, 54.97], [-159.395, 54.965], [-159.42, 54.98], [-159.46, 55.035], [-159.46, 55.06], [-159.39, 55.04], [-159.365, 55.0], [-159.36, 54.97]]], [[[-159.515, 55.15], [-159.52, 55.07], [-159.535, 55.06], [-159.56, 55.08], [-159.62, 55.055], [-159.65, 55.075], [-159.635, 55.1], [-159.64, 55.125], [-159.6, 55.125], [-159.59, 55.165], [-159.595, 55.18], [-159.575, 55.22], [-159.545, 55.225], [-159.515, 55.15]]], [[[-166.21, 53.725], [-166.225, 53.72], [-166.25, 53.745], [-166.25, 53.77], [-166.235, 53.785], [-166.19, 53.82], [-166.155, 53.835], [-166.115, 53.845], [-166.105, 53.835], [-166.14, 53.785], [-166.185, 53.755], [-166.21, 53.725]]], [[[-176.01, 51.81], [-176.095, 51.79], [-176.205, 51.835], [-176.195, 51.885], [-176.07, 51.845], [-176.01, 51.81]]], [[[-166.11, 66.225], [-166.15, 66.22], [-166.145, 66.235], [-166.035, 66.28], [-165.82, 66.33], [-165.83, 66.315], [-165.94, 66.28], [-166.11, 66.225]]], [[[-171.465, 63.64], [-171.45, 63.615], [-171.345, 63.62], [-171.195, 63.61], [-171.035, 63.585], [-170.875, 63.595], [-170.675, 63.67], [-170.55, 63.69], [-170.43, 63.7], [-170.3, 63.68], [-170.17, 63.64], [-170.12, 63.62], [-170.08, 63.575], [-170.055, 63.525], [-170.015, 63.49], [-169.775, 63.45], [-169.625, 63.43], [-169.585, 63.405], [-169.555, 63.375], [-169.43, 63.35], [-169.295, 63.36], [-169.22, 63.35], [-168.995, 63.345], [-168.715, 63.31], [-168.76, 63.215], [-168.85, 63.17], [-169.11, 63.185], [-169.365, 63.17], [-169.47, 63.12], [-169.56, 63.06], [-169.57, 62.995], [-169.625, 62.97], [-169.675, 62.955], [-169.72, 62.99], [-169.78, 63.095], [-169.82, 63.12], [-169.865, 63.14], [-169.99, 63.175], [-170.115, 63.195], [-170.19, 63.195], [-170.245, 63.23], [-170.275, 63.285], [-170.325, 63.31], [-170.425, 63.35], [-170.525, 63.38], [-170.85, 63.445], [-170.955, 63.455], [-171.06, 63.445], [-171.175, 63.415], [-171.285, 63.37], [-171.4, 63.34], [-171.52, 63.33], [-171.63, 63.35], [-171.74, 63.395], [-171.79, 63.425], [-171.82, 63.475], [-171.82, 63.53], [-171.805, 63.58], [-171.745, 63.705], [-171.645, 63.725], [-171.465, 63.64]]], [[[-166.135, 60.385], [-166.045, 60.335], [-165.995, 60.33], [-165.84, 60.345], [-165.785, 60.335], [-165.73, 60.315], [-165.695, 60.28], [-165.69, 60.225], [-165.715, 60.175], [-165.705, 60.1], [-165.71, 60.07], [-165.63, 60.03], [-165.605, 59.975], [-165.59, 59.915], [-165.77, 59.895], [-165.945, 59.89], [-166.1, 59.85], [-166.13, 59.82], [-166.105, 59.775], [-166.15, 59.765], [-166.19, 59.775], [-166.26, 59.815], [-166.345, 59.835], [-166.63, 59.865], [-166.985, 59.985], [-167.14, 60.01], [-167.295, 60.095], [-167.435, 60.205], [-167.345, 60.225], [-167.25, 60.235], [-166.835, 60.215], [-166.785, 60.295], [-166.73, 60.315], [-166.6, 60.34], [-166.475, 60.385], [-166.42, 60.38], [-166.365, 60.365], [-166.245, 60.39], [-166.185, 60.395], [-166.135, 60.385]]], [[[-152.9, 57.825], [-152.89, 57.77], [-152.85, 57.775], [-152.695, 57.83], [-152.615, 57.85], [-152.51, 57.85], [-152.43, 57.825], [-152.41, 57.805], [-152.42, 57.78], [-152.485, 57.735], [-152.485, 57.705], [-152.41, 57.645], [-152.235, 57.615], [-152.215, 57.6], [-152.215, 57.575], [-152.335, 57.48], [-152.38, 57.46], [-152.41, 57.455], [-152.63, 57.47], [-152.83, 57.505], [-152.91, 57.51], [-152.94, 57.5], [-152.995, 57.47], [-152.955, 57.46], [-152.78, 57.455], [-152.72, 57.41], [-152.695, 57.38], [-152.68, 57.345], [-152.715, 57.33], [-152.79, 57.32], [-152.88, 57.32], [-152.99, 57.28], [-153.05, 57.24], [-153.275, 57.225], [-153.445, 57.165], [-153.505, 57.14], [-153.525, 57.105], [-153.59, 57.08], [-153.735, 57.05], [-153.645, 57.03], [-153.635, 57.01], [-153.63, 56.985], [-153.645, 56.96], [-153.755, 56.86], [-153.975, 56.775], [-154.025, 56.78], [-154.05, 56.79], [-154.07, 56.805], [-154.07, 56.82], [-153.795, 56.99], [-153.805, 57.0], [-153.88, 57.005], [-154.0, 57.05], [-154.085, 57.02], [-154.105, 57.02], [-154.08, 57.06], [-154.025, 57.11], [-154.035, 57.12], [-154.065, 57.135], [-154.135, 57.14], [-154.245, 57.145], [-154.325, 57.13], [-154.375, 57.105], [-154.38, 57.095], [-154.27, 57.1], [-154.24, 57.085], [-154.21, 57.065], [-154.19, 57.035], [-154.185, 57.005], [-154.21, 56.965], [-154.26, 56.91], [-154.34, 56.92], [-154.5, 57.035], [-154.57, 57.205], [-154.705, 57.335], [-154.71, 57.365], [-154.675, 57.445], [-154.535, 57.56], [-154.385, 57.59], [-154.28, 57.64], [-154.18, 57.65], [-154.115, 57.65], [-154.03, 57.63], [-153.995, 57.585], [-154.015, 57.565], [-154.01, 57.555], [-153.945, 57.53], [-153.88, 57.44], [-153.805, 57.36], [-153.755, 57.325], [-153.69, 57.305], [-153.755, 57.365], [-153.8, 57.445], [-153.82, 57.595], [-153.84, 57.635], [-153.8, 57.645], [-153.69, 57.64], [-153.695, 57.665], [-153.81, 57.715], [-153.88, 57.755], [-153.905, 57.79], [-153.905, 57.82], [-153.84, 57.865], [-153.805, 57.875], [-153.77, 57.88], [-153.695, 57.87], [-153.665, 57.86], [-153.57, 57.76], [-153.525, 57.73], [-153.49, 57.73], [-153.455, 57.745], [-153.425, 57.78], [-153.39, 57.8], [-153.355, 57.805], [-153.25, 57.79], [-153.215, 57.795], [-153.2, 57.82], [-153.2, 57.865], [-153.175, 57.88], [-153.17, 57.91], [-153.225, 57.96], [-153.16, 57.97], [-152.945, 57.935], [-152.85, 57.895], [-152.9, 57.825]]], [[[-130.025, 55.89], [-130.075, 55.835], [-130.11, 55.78], [-130.135, 55.72], [-130.145, 55.655], [-130.14, 55.585], [-130.12, 55.525], [-130.06, 55.41], [-130.04, 55.345], [-130.035, 55.3], [-130.17, 55.135], [-130.22, 55.06], [-130.215, 55.025], [-130.315, 54.945], [-130.495, 54.835], [-130.575, 54.77], [-130.615, 54.79], [-130.85, 54.81], [-130.935, 54.95], [-130.98, 55.06], [-131.05, 55.16], [-131.045, 55.18], [-130.985, 55.245], [-130.75, 55.295], [-130.75, 55.32], [-130.835, 55.33], [-130.855, 55.355], [-130.88, 55.46], [-130.875, 55.55], [-130.88, 55.61], [-130.92, 55.735], [-130.975, 55.81], [-131.13, 55.96], [-131.14, 56.0], [-131.075, 56.045], [-131.035, 56.09], [-131.29, 56.01], [-131.635, 55.93], [-131.785, 55.875], [-131.815, 55.855], [-131.825, 55.835], [-131.8, 55.785], [-131.805, 55.765], [-131.835, 55.735], [-131.87, 55.645], [-131.945, 55.555], [-131.985, 55.535], [-132.12, 55.57], [-132.155, 55.6], [-132.225, 55.72], [-132.21, 55.755], [-132.16, 55.78], [-132.09, 55.84], [-132.005, 55.93], [-131.845, 56.16], [-131.74, 56.16], [-131.55, 56.205], [-131.845, 56.23], [-131.89, 56.24], [-131.925, 56.275], [-131.96, 56.325], [-132.02, 56.38], [-132.135, 56.4], [-132.18, 56.42], [-132.255, 56.49], [-132.305, 56.52], [-132.33, 56.56], [-132.335, 56.605], [-132.36, 56.625], [-132.435, 56.635], [-132.475, 56.65], [-132.485, 56.765], [-132.64, 56.795], [-132.7, 56.82], [-132.8, 56.895], [-132.83, 56.93], [-132.84, 56.96], [-132.815, 57.04], [-132.825, 57.055], [-132.915, 57.045], [-133.465, 57.17], [-133.435, 57.335], [-133.54, 57.555], [-133.65, 57.64], [-133.625, 57.675], [-133.605, 57.695], [-133.555, 57.695], [-133.34, 57.63], [-133.145, 57.555], [-133.115, 57.565], [-133.435, 57.725], [-133.515, 57.775], [-133.535, 57.835], [-133.535, 57.865], [-133.51, 57.88], [-133.21, 57.865], [-133.195, 57.88], [-133.495, 57.925], [-133.56, 57.925], [-133.625, 57.855], [-133.655, 57.84], [-133.72, 57.845], [-133.745, 57.855], [-133.82, 57.935], [-133.895, 57.995], [-134.03, 58.07], [-134.055, 58.13], [-134.065, 58.21], [-134.045, 58.29], [-133.935, 58.47], [-133.89, 58.5], [-133.875, 58.52], [-133.91, 58.515], [-133.945, 58.5], [-134.035, 58.415], [-134.13, 58.28], [-134.21, 58.235], [-134.26, 58.245], [-134.33, 58.3], [-134.485, 58.365], [-134.665, 58.385], [-134.775, 58.455], [-134.945, 58.645], [-134.965, 58.74], [-134.985, 58.765], [-135.075, 58.795], [-135.13, 58.845], [-135.215, 59.075], [-135.33, 59.24], [-135.36, 59.325], [-135.35, 59.41], [-135.365, 59.42], [-135.405, 59.355], [-135.415, 59.32], [-135.485, 59.31], [-135.415, 59.24], [-135.4, 59.21], [-135.435, 59.21], [-135.5, 59.2], [-135.385, 59.09], [-135.335, 58.91], [-135.255, 58.78], [-135.205, 58.67], [-135.185, 58.59], [-135.15, 58.51], [-135.06, 58.34], [-135.05, 58.305], [-135.06, 58.28], [-135.09, 58.245], [-135.14, 58.235], [-135.305, 58.255], [-135.365, 58.3], [-135.45, 58.375], [-135.57, 58.41], [-135.875, 58.395], [-135.9, 58.4], [-135.895, 58.465], [-135.86, 58.575], [-135.89, 58.625], [-136.045, 58.79], [-136.045, 58.82], [-135.825, 58.9], [-135.93, 58.905], [-136.015, 58.875], [-136.05, 58.895], [-136.1, 59.0], [-136.135, 59.04], [-136.15, 59.05], [-136.16, 58.945], [-136.125, 58.895], [-136.12, 58.865], [-136.125, 58.82], [-136.145, 58.79], [-136.185, 58.77], [-136.225, 58.765], [-136.3, 58.785], [-136.38, 58.825], [-136.45, 58.845], [-136.48, 58.86], [-136.51, 58.905], [-136.565, 58.94], [-136.83, 58.985], [-136.99, 59.035], [-137.0, 59.02], [-136.955, 58.965], [-136.95, 58.935], [-136.99, 58.925], [-137.06, 58.875], [-137.04, 58.865], [-136.965, 58.885], [-136.88, 58.88], [-136.74, 58.85], [-136.615, 58.81], [-136.57, 58.785], [-136.55, 58.75], [-136.535, 58.74], [-136.41, 58.7], [-136.405, 58.68], [-136.485, 58.62], [-136.32, 58.625], [-136.225, 58.6], [-136.105, 58.505], [-136.06, 58.455], [-136.055, 58.385], [-136.08, 58.365], [-136.13, 58.35], [-136.46, 58.33], [-136.585, 58.245], [-136.605, 58.245], [-136.7, 58.265], [-136.865, 58.33], [-137.07, 58.395], [-137.545, 58.58], [-137.555, 58.59], [-137.565, 58.625], [-137.595, 58.645], [-137.66, 58.66], [-137.75, 58.705], [-137.865, 58.785], [-137.935, 58.845], [-137.96, 58.89], [-138.025, 58.94], [-138.24, 59.045], [-138.35, 59.085], [-138.45, 59.11], [-138.535, 59.115], [-138.56, 59.13], [-138.52, 59.15], [-138.515, 59.165], [-138.705, 59.19], [-138.885, 59.235], [-139.34, 59.375], [-139.575, 59.46], [-139.715, 59.505], [-139.775, 59.525], [-139.8, 59.545], [-139.765, 59.565], [-139.675, 59.585], [-139.61, 59.61], [-139.515, 59.7], [-139.505, 59.725], [-139.56, 59.79], [-139.58, 59.85], [-139.58, 59.88], [-139.57, 59.91], [-139.555, 59.935], [-139.51, 59.955], [-139.485, 59.965], [-139.445, 59.955], [-139.33, 59.875], [-139.315, 59.85], [-139.32, 59.74], [-139.285, 59.61], [-139.275, 59.62], [-139.265, 59.665], [-139.26, 59.745], [-139.245, 59.78], [-139.22, 59.82], [-139.18, 59.84], [-139.05, 59.83], [-138.99, 59.835], [-139.24, 59.895], [-139.4, 60.0], [-139.43, 60.01], [-139.52, 60.015], [-139.61, 59.975], [-139.85, 59.83], [-139.915, 59.805], [-140.215, 59.725], [-140.42, 59.71], [-140.65, 59.725], [-140.845, 59.75], [-141.33, 59.875], [-141.41, 59.905], [-141.295, 59.98], [-141.29, 60.005], [-141.33, 60.085], [-141.36, 60.105], [-141.41, 60.12], [-141.42, 60.11], [-141.42, 60.085], [-141.41, 60.04], [-141.445, 60.02], [-141.53, 59.995], [-141.67, 59.97], [-142.105, 60.035], [-142.55, 60.085], [-142.945, 60.095], [-143.505, 60.055], [-143.805, 60.015], [-143.98, 60.01], [-144.145, 60.015], [-144.16, 60.045], [-144.085, 60.065], [-144.09, 60.085], [-144.185, 60.15], [-144.335, 60.19], [-144.53, 60.205], [-144.645, 60.225], [-144.67, 60.25], [-144.74, 60.275], [-144.85, 60.295], [-144.9, 60.335], [-144.86, 60.46], [-144.825, 60.535], [-144.785, 60.585], [-144.69, 60.67], [-144.725, 60.665], [-144.865, 60.6], [-144.985, 60.535], [-145.095, 60.455], [-145.165, 60.415], [-145.25, 60.38], [-145.38, 60.39], [-145.565, 60.44], [-145.72, 60.47], [-145.85, 60.47], [-145.9, 60.48], [-145.81, 60.525], [-145.76, 60.56], [-145.69, 60.62], [-145.675, 60.65], [-146.15, 60.66], [-146.165, 60.69], [-146.165, 60.715], [-146.18, 60.735], [-146.25, 60.75], [-146.345, 60.74], [-146.505, 60.7], [-146.57, 60.73], [-146.545, 60.745], [-146.495, 60.755], [-146.39, 60.81], [-146.53, 60.84], [-146.605, 60.87], [-146.64, 60.895], [-146.635, 60.995], [-146.6, 61.055], [-146.285, 61.115], [-146.385, 61.135], [-146.585, 61.13], [-146.715, 61.08], [-146.875, 61.005], [-146.98, 60.98], [-147.035, 60.995], [-147.105, 61.005], [-147.195, 60.995], [-147.255, 60.98], [-147.285, 60.945], [-147.32, 60.925], [-147.36, 60.915], [-147.39, 60.92], [-147.435, 60.95], [-147.525, 60.97], [-147.565, 60.995], [-147.595, 60.98], [-147.625, 60.935], [-147.655, 60.91], [-147.81, 60.885], [-147.89, 60.89], [-147.99, 60.95], [-148.005, 60.97], [-147.97, 61.02], [-147.75, 61.22], [-147.775, 61.22], [-147.845, 61.185], [-147.985, 61.105], [-148.05, 61.085], [-148.16, 61.08], [-148.21, 61.09], [-148.27, 61.08], [-148.34, 61.06], [-148.39, 61.035], [-148.41, 61.01], [-148.395, 61.005], [-148.285, 61.035], [-148.225, 61.045], [-148.21, 61.03], [-148.295, 60.94], [-148.345, 60.855], [-148.395, 60.83], [-148.47, 60.835], [-148.555, 60.825], [-148.555, 60.805], [-148.4, 60.735], [-148.34, 60.725], [-148.27, 60.7], [-148.255, 60.675], [-148.285, 60.61], [-148.305, 60.585], [-148.34, 60.57], [-148.47, 60.57], [-148.51, 60.565], [-148.595, 60.525], [-148.64, 60.49], [-148.625, 60.485], [-148.55, 60.515], [-148.44, 60.53], [-148.295, 60.53], [-148.19, 60.545], [-148.12, 60.575], [-148.05, 60.565], [-147.985, 60.525], [-147.965, 60.485], [-147.99, 60.45], [-148.045, 60.43], [-148.13, 60.415], [-148.18, 60.395], [-148.205, 60.365], [-148.215, 60.325], [-148.22, 60.27], [-148.2, 60.17], [-148.215, 60.155], [-148.245, 60.145], [-148.29, 60.145], [-148.335, 60.12], [-148.43, 59.99], [-148.465, 59.975], [-148.505, 59.99], [-148.54, 59.985], [-148.575, 59.97], [-148.645, 59.955], [-148.75, 59.95], [-148.845, 59.95], [-149.005, 59.98], [-149.07, 60.0], [-149.12, 60.035], [-149.265, 60.0], [-149.305, 60.015], [-149.395, 60.105], [-149.415, 60.1], [-149.43, 60.0], [-149.46, 59.965], [-149.55, 59.895], [-149.6, 59.77], [-149.615, 59.765], [-149.63, 59.785], [-149.685, 59.895], [-149.715, 59.92], [-149.795, 59.855], [-149.805, 59.835], [-149.78, 59.75], [-149.8, 59.74], [-149.965, 59.78], [-150.005, 59.785], [-150.015, 59.775], [-149.96, 59.715], [-149.965, 59.69], [-150.2, 59.565], [-150.26, 59.57], [-150.295, 59.585], [-150.34, 59.58], [-150.485, 59.535], [-150.525, 59.535], [-150.58, 59.565], [-150.605, 59.565], [-150.62, 59.535], [-150.625, 59.48], [-150.675, 59.425], [-150.855, 59.34], [-150.9, 59.305], [-150.935, 59.25], [-150.96, 59.245], [-151.065, 59.28], [-151.185, 59.3], [-151.2, 59.29], [-151.165, 59.255], [-151.17, 59.235], [-151.22, 59.23], [-151.29, 59.23], [-151.365, 59.245], [-151.475, 59.23], [-151.62, 59.185], [-151.74, 59.19], [-151.905, 59.26], [-151.95, 59.265], [-151.965, 59.285], [-151.93, 59.345], [-151.885, 59.385], [-151.85, 59.405], [-151.695, 59.46], [-151.515, 59.485], [-151.4, 59.515], [-151.26, 59.585], [-151.19, 59.64], [-151.045, 59.77], [-151.055, 59.78], [-151.09, 59.79], [-151.405, 59.66], [-151.45, 59.65], [-151.515, 59.65], [-151.765, 59.7], [-151.815, 59.72], [-151.855, 59.78], [-151.785, 59.92], [-151.735, 59.99], [-151.61, 60.09], [-151.45, 60.205], [-151.395, 60.275], [-151.315, 60.465], [-151.32, 60.555], [-151.355, 60.66], [-151.355, 60.725], [-151.32, 60.745], [-150.955, 60.84], [-150.78, 60.915], [-150.44, 61.025], [-150.35, 61.025], [-150.28, 60.985], [-150.205, 60.955], [-150.115, 60.935], [-150.0, 60.935], [-149.855, 60.96], [-149.63, 60.95], [-149.175, 60.88], [-149.075, 60.875], [-149.07, 60.885], [-149.14, 60.935], [-149.46, 60.965], [-149.59, 60.995], [-149.97, 61.12], [-150.055, 61.17], [-150.02, 61.195], [-149.925, 61.215], [-149.895, 61.23], [-149.88, 61.265], [-149.83, 61.31], [-149.735, 61.365], [-149.595, 61.415], [-149.33, 61.495], [-149.435, 61.5], [-149.625, 61.485], [-149.695, 61.47], [-149.825, 61.415], [-149.875, 61.375], [-149.945, 61.295], [-149.975, 61.28], [-150.11, 61.27], [-150.47, 61.26], [-150.535, 61.3], [-150.565, 61.305], [-150.61, 61.3], [-150.945, 61.2], [-151.065, 61.145], [-151.15, 61.085], [-151.28, 61.04], [-151.46, 61.015], [-151.595, 60.98], [-151.735, 60.91], [-151.78, 60.86], [-151.785, 60.835], [-151.75, 60.755], [-151.785, 60.74], [-151.865, 60.735], [-151.995, 60.68], [-152.27, 60.53], [-152.305, 60.47], [-152.305, 60.455], [-152.26, 60.41], [-152.29, 60.38], [-152.37, 60.335], [-152.54, 60.265], [-152.655, 60.24], [-152.725, 60.235], [-152.8, 60.245], [-152.925, 60.295], [-153.025, 60.295], [-153.03, 60.29], [-152.895, 60.24], [-152.75, 60.175], [-152.665, 60.125], [-152.63, 60.085], [-152.63, 60.04], [-152.66, 59.995], [-152.76, 59.92], [-152.855, 59.9], [-153.105, 59.875], [-153.185, 59.855], [-153.21, 59.845], [-153.04, 59.81], [-153.025, 59.795], [-153.05, 59.73], [-153.095, 59.71], [-153.235, 59.67], [-153.365, 59.66], [-153.385, 59.665], [-153.36, 59.715], [-153.365, 59.73], [-153.415, 59.74], [-153.485, 59.72], [-153.655, 59.645], [-153.67, 59.635], [-153.61, 59.615], [-153.62, 59.6], [-153.715, 59.545], [-153.755, 59.51], [-153.815, 59.475], [-154.09, 59.365], [-154.065, 59.335], [-154.14, 59.24], [-154.18, 59.155], [-154.13, 59.12], [-153.9, 59.08], [-153.79, 59.07], [-153.655, 59.04], [-153.42, 58.96], [-153.34, 58.91], [-153.325, 58.885], [-153.335, 58.86], [-153.365, 58.82], [-153.44, 58.755], [-153.615, 58.655], [-153.7, 58.625], [-153.82, 58.605], [-153.86, 58.59], [-154.02, 58.495], [-154.06, 58.44], [-154.055, 58.395], [-154.085, 58.365], [-154.29, 58.305], [-154.28, 58.295], [-154.21, 58.29], [-154.235, 58.235], [-154.245, 58.16], [-154.28, 58.145], [-154.41, 58.145], [-154.57, 58.12], [-154.58, 58.11], [-154.585, 58.055], [-155.005, 58.015], [-155.1, 57.915], [-155.145, 57.88], [-155.315, 57.805], [-155.415, 57.775], [-155.53, 57.76], [-155.59, 57.735], [-155.595, 57.7], [-155.63, 57.675], [-155.73, 57.625], [-155.78, 57.57], [-155.815, 57.56], [-156.0, 57.545], [-156.035, 57.525], [-156.055, 57.45], [-156.09, 57.445], [-156.155, 57.465], [-156.24, 57.45], [-156.435, 57.36], [-156.48, 57.33], [-156.475, 57.31], [-156.445, 57.295], [-156.4, 57.24], [-156.4, 57.205], [-156.475, 57.105], [-156.5, 57.09], [-156.59, 57.065], [-156.63, 57.01], [-156.715, 57.015], [-156.78, 57.005], [-156.825, 56.97], [-156.87, 56.95], [-156.925, 56.94], [-156.99, 56.915], [-157.065, 56.86], [-157.14, 56.825], [-157.205, 56.81], [-157.27, 56.81], [-157.335, 56.815], [-157.39, 56.81], [-157.44, 56.79], [-157.49, 56.76], [-157.53, 56.675], [-157.58, 56.635], [-157.61, 56.63], [-157.675, 56.635], [-157.77, 56.65], [-157.87, 56.645], [-158.03, 56.59], [-158.08, 56.55], [-157.98, 56.545], [-157.93, 56.53], [-157.93, 56.52], [-157.98, 56.51], [-158.07, 56.51], [-158.125, 56.5], [-158.19, 56.48], [-158.35, 56.455], [-158.415, 56.435], [-158.535, 56.335], [-158.55, 56.315], [-158.535, 56.31], [-158.465, 56.32], [-158.385, 56.3], [-158.345, 56.28], [-158.315, 56.255], [-158.29, 56.205], [-158.275, 56.195], [-158.43, 56.11], [-158.475, 56.075], [-158.505, 56.06], [-158.525, 56.07], [-158.545, 56.165], [-158.555, 56.185], [-158.59, 56.185], [-158.625, 56.155], [-158.705, 56.045], [-158.79, 55.985], [-159.43, 55.845], [-159.525, 55.81], [-159.54, 55.75], [-159.57, 55.695], [-159.61, 55.655], [-159.66, 55.625], [-159.67, 55.645], [-159.665, 55.795], [-159.68, 55.825], [-159.745, 55.845], [-159.77, 55.84], [-159.81, 55.835], [-159.875, 55.8], [-159.915, 55.79], [-159.96, 55.795], [-160.045, 55.765], [-160.245, 55.66], [-160.375, 55.635], [-160.405, 55.615], [-160.465, 55.56], [-160.5, 55.535], [-160.555, 55.535], [-160.625, 55.55], [-160.685, 55.54], [-160.725, 55.5], [-160.77, 55.485], [-160.895, 55.515], [-160.95, 55.495], [-161.025, 55.44], [-161.1, 55.405], [-161.18, 55.39], [-161.38, 55.37], [-161.465, 55.385], [-161.48, 55.4], [-161.475, 55.465], [-161.445, 55.515], [-161.415, 55.535], [-161.375, 55.555], [-161.315, 55.56], [-161.2, 55.545], [-161.215, 55.56], [-161.255, 55.58], [-161.355, 55.61], [-161.46, 55.63], [-161.515, 55.62], [-161.6, 55.595], [-161.655, 55.565], [-161.685, 55.53], [-161.72, 55.42], [-161.74, 55.39], [-161.98, 55.2], [-162.075, 55.14], [-162.165, 55.145], [-162.21, 55.12], [-162.275, 55.075], [-162.335, 55.05], [-162.385, 55.05], [-162.43, 55.06], [-162.455, 55.08], [-162.45, 55.095], [-162.415, 55.105], [-162.425, 55.145], [-162.495, 55.21], [-162.54, 55.245], [-162.63, 55.245], [-162.645, 55.22], [-162.615, 55.07], [-162.62, 55.04], [-162.675, 54.995], [-162.82, 54.95], [-162.865, 54.955], [-162.995, 55.045], [-163.12, 55.065], [-163.13, 55.035], [-163.1, 54.975], [-163.13, 54.915], [-163.22, 54.865], [-163.29, 54.84], [-163.335, 54.84], [-163.34, 54.875], [-163.295, 54.95], [-163.285, 55.01], [-163.305, 55.06], [-163.305, 55.095], [-163.28, 55.12], [-163.115, 55.195], [-163.045, 55.205], [-163.01, 55.185], [-162.96, 55.185], [-162.905, 55.195], [-162.87, 55.22], [-162.855, 55.255], [-162.785, 55.295], [-162.66, 55.35], [-162.515, 55.45], [-162.35, 55.595], [-162.155, 55.72], [-161.935, 55.825], [-161.695, 55.905], [-161.215, 56.02], [-161.18, 56.015], [-161.225, 55.975], [-161.195, 55.955], [-161.145, 55.95], [-160.97, 55.97], [-160.9, 55.995], [-160.88, 55.97], [-160.9, 55.94], [-161.01, 55.91], [-161.005, 55.885], [-160.85, 55.77], [-160.805, 55.755], [-160.765, 55.755], [-160.745, 55.77], [-160.76, 55.855], [-160.705, 55.87], [-160.6, 55.875], [-160.53, 55.865], [-160.5, 55.84], [-160.435, 55.815], [-160.345, 55.8], [-160.29, 55.805], [-160.27, 55.83], [-160.31, 55.865], [-160.48, 55.935], [-160.525, 55.965], [-160.54, 56.005], [-160.515, 56.06], [-160.46, 56.14], [-160.375, 56.24], [-160.3, 56.315], [-160.15, 56.395], [-160.045, 56.435], [-159.785, 56.56], [-159.285, 56.69], [-159.16, 56.77], [-158.99, 56.86], [-158.92, 56.88], [-158.92, 56.845], [-158.895, 56.815], [-158.78, 56.795], [-158.71, 56.79], [-158.675, 56.795], [-158.665, 56.83], [-158.68, 56.89], [-158.685, 56.945], [-158.675, 56.995], [-158.66, 57.04], [-158.585, 57.115], [-158.475, 57.2], [-158.32, 57.3], [-158.225, 57.345], [-158.135, 57.365], [-158.045, 57.41], [-157.895, 57.51], [-157.845, 57.53], [-157.735, 57.55], [-157.695, 57.54], [-157.675, 57.515], [-157.645, 57.5], [-157.535, 57.485], [-157.46, 57.505], [-157.475, 57.52], [-157.535, 57.525], [-157.57, 57.54], [-157.61, 57.6], [-157.68, 57.64], [-157.695, 57.68], [-157.685, 57.745], [-157.62, 57.895], [-157.61, 58.05], [-157.555, 58.14], [-157.445, 58.17], [-157.195, 58.195], [-157.34, 58.235], [-157.395, 58.235], [-157.49, 58.255], [-157.525, 58.35], [-157.525, 58.42], [-157.46, 58.505], [-157.23, 58.64], [-156.975, 58.735], [-157.01, 58.745], [-157.04, 58.775], [-156.925, 58.965], [-156.81, 59.135], [-156.965, 58.99], [-157.14, 58.88], [-157.665, 58.75], [-158.02, 58.64], [-158.19, 58.615], [-158.305, 58.64], [-158.39, 58.745], [-158.44, 58.785], [-158.505, 58.85], [-158.475, 58.94], [-158.425, 59.0], [-158.315, 59.01], [-158.19, 58.98], [-158.08, 58.975], [-158.22, 59.04], [-158.425, 59.09], [-158.515, 59.075], [-158.585, 58.99], [-158.68, 58.93], [-158.76, 58.95], [-158.81, 58.975], [-158.775, 58.905], [-158.84, 58.795], [-158.86, 58.72], [-158.77, 58.52], [-158.79, 58.44], [-158.95, 58.405], [-159.085, 58.47], [-159.36, 58.72], [-159.455, 58.795], [-159.67, 58.91], [-159.74, 58.895], [-159.83, 58.835], [-159.92, 58.82], [-160.155, 58.905], [-160.26, 58.97], [-160.365, 59.05], [-160.52, 59.005], [-160.655, 58.955], [-160.815, 58.87], [-160.925, 58.87], [-161.215, 58.8], [-161.245, 58.8], [-161.29, 58.76], [-161.33, 58.745], [-161.36, 58.67], [-161.755, 58.61], [-162.145, 58.645], [-162.01, 58.685], [-161.855, 58.715], [-161.725, 58.795], [-161.78, 58.895], [-161.79, 58.95], [-161.79, 59.015], [-161.645, 59.11], [-161.795, 59.11], [-161.89, 59.075], [-161.98, 59.145], [-162.025, 59.285], [-161.92, 59.365], [-161.87, 59.43], [-161.83, 59.515], [-161.83, 59.59], [-161.91, 59.715], [-162.14, 59.98], [-162.24, 60.18], [-162.42, 60.285], [-162.29, 60.455], [-162.14, 60.615], [-161.945, 60.685], [-161.96, 60.695], [-162.07, 60.695], [-162.14, 60.685], [-162.2, 60.635], [-162.265, 60.595], [-162.47, 60.395], [-162.6, 60.295], [-162.685, 60.27], [-162.55, 60.23], [-162.525, 60.2], [-162.5, 60.125], [-162.535, 60.04], [-162.57, 59.99], [-162.735, 59.995], [-162.88, 59.925], [-163.22, 59.845], [-163.68, 59.8], [-163.905, 59.805], [-164.145, 59.895], [-164.14, 59.95], [-164.13, 59.995], [-164.47, 60.15], [-164.66, 60.305], [-164.8, 60.305], [-164.92, 60.35], [-165.06, 60.415], [-165.05, 60.465], [-165.025, 60.5], [-165.115, 60.525], [-165.225, 60.525], [-165.355, 60.54], [-165.015, 60.74], [-164.9, 60.875], [-164.805, 60.89], [-164.68, 60.87], [-164.515, 60.82], [-164.37, 60.795], [-164.32, 60.77], [-164.265, 60.725], [-164.32, 60.645], [-164.37, 60.59], [-164.31, 60.605], [-164.13, 60.69], [-164.0, 60.765], [-163.935, 60.76], [-163.895, 60.745], [-163.82, 60.67], [-163.73, 60.59], [-163.53, 60.665], [-163.42, 60.755], [-163.51, 60.8], [-163.625, 60.82], [-163.905, 60.855], [-163.835, 60.88], [-163.655, 60.875], [-163.585, 60.905], [-163.66, 60.94], [-163.75, 60.97], [-163.995, 60.865], [-164.44, 60.87], [-164.755, 60.93], [-165.065, 60.92], [-165.115, 60.935], [-165.175, 60.965], [-165.0, 61.045], [-164.875, 61.085], [-164.87, 61.11], [-164.94, 61.115], [-165.075, 61.095], [-165.14, 61.13], [-165.13, 61.19], [-165.15, 61.185], [-165.205, 61.155], [-165.28, 61.17], [-165.345, 61.2], [-165.31, 61.23], [-165.245, 61.27], [-165.275, 61.275], [-165.335, 61.265], [-165.39, 61.21], [-165.38, 61.17], [-165.38, 61.105], [-165.48, 61.095], [-165.565, 61.1], [-165.63, 61.165], [-165.69, 61.3], [-165.865, 61.335], [-165.905, 61.405], [-165.795, 61.49], [-165.845, 61.535], [-165.96, 61.55], [-166.095, 61.505], [-166.155, 61.545], [-166.165, 61.59], [-166.17, 61.65], [-166.13, 61.655], [-166.1, 61.645], [-165.835, 61.68], [-165.81, 61.695], [-166.02, 61.75], [-166.08, 61.805], [-165.99, 61.835], [-165.835, 61.835], [-165.615, 61.87], [-165.705, 61.925], [-165.725, 61.96], [-165.745, 62.01], [-165.705, 62.1], [-165.45, 62.305], [-165.195, 62.475], [-165.115, 62.515], [-165.0, 62.535], [-164.89, 62.52], [-164.78, 62.48], [-164.76, 62.495], [-164.795, 62.51], [-164.845, 62.58], [-164.69, 62.61], [-164.595, 62.685], [-164.59, 62.71], [-164.69, 62.675], [-164.795, 62.625], [-164.82, 62.675], [-164.845, 62.8], [-164.8, 62.92], [-164.765, 62.97], [-164.675, 63.02], [-164.43, 63.04], [-164.385, 63.03], [-164.375, 63.055], [-164.525, 63.13], [-164.465, 63.185], [-164.41, 63.215], [-164.11, 63.26], [-163.945, 63.245], [-163.735, 63.195], [-163.615, 63.125], [-163.635, 63.09], [-163.665, 63.07], [-163.725, 63.05], [-163.75, 63.03], [-163.74, 63.015], [-163.65, 63.055], [-163.505, 63.105], [-163.425, 63.085], [-163.36, 63.045], [-163.29, 63.045], [-163.06, 63.08], [-162.95, 63.115], [-162.81, 63.205], [-162.62, 63.265], [-162.36, 63.455], [-162.285, 63.53], [-162.195, 63.54], [-162.11, 63.535], [-162.055, 63.47], [-161.975, 63.455], [-161.505, 63.47], [-161.265, 63.495], [-161.1, 63.56], [-160.925, 63.66], [-160.825, 63.73], [-160.78, 63.82], [-160.84, 63.935], [-160.905, 64.03], [-160.99, 64.25], [-161.22, 64.395], [-161.385, 64.44], [-161.49, 64.435], [-161.415, 64.525], [-161.195, 64.515], [-161.05, 64.535], [-160.93, 64.58], [-160.895, 64.615], [-160.835, 64.68], [-160.855, 64.755], [-160.885, 64.795], [-160.965, 64.84], [-161.065, 64.905], [-161.13, 64.925], [-161.185, 64.925], [-161.465, 64.795], [-161.635, 64.79], [-161.76, 64.815], [-161.87, 64.745], [-162.17, 64.68], [-162.335, 64.615], [-162.635, 64.45], [-162.71, 64.38], [-162.805, 64.375], [-162.875, 64.515], [-163.205, 64.65], [-163.305, 64.605], [-163.25, 64.565], [-163.175, 64.535], [-163.05, 64.52], [-163.105, 64.48], [-163.145, 64.425], [-163.265, 64.475], [-163.485, 64.55], [-163.715, 64.59], [-164.305, 64.585], [-164.69, 64.505], [-164.725, 64.525], [-164.765, 64.53], [-164.83, 64.51], [-164.855, 64.48], [-164.9, 64.46], [-164.98, 64.455], [-165.14, 64.465], [-165.445, 64.515], [-166.145, 64.585], [-166.325, 64.625], [-166.48, 64.73], [-166.48, 64.8], [-166.41, 64.825], [-166.415, 64.925], [-166.55, 64.955], [-166.825, 65.095], [-166.93, 65.155], [-166.905, 65.165], [-166.855, 65.145], [-166.765, 65.135], [-166.53, 65.155], [-166.45, 65.245], [-166.28, 65.275], [-166.12, 65.26], [-166.155, 65.285], [-166.195, 65.305], [-166.61, 65.355], [-166.665, 65.34], [-167.405, 65.42], [-167.985, 65.57], [-168.035, 65.595], [-168.09, 65.66], [-168.01, 65.72], [-167.93, 65.75], [-167.925, 65.715], [-167.915, 65.68], [-167.58, 65.76], [-167.405, 65.86], [-167.075, 65.875], [-166.995, 65.905], [-166.895, 65.96], [-166.75, 66.05], [-166.54, 66.1], [-166.4, 66.145], [-166.215, 66.17], [-166.055, 66.125], [-166.01, 66.12], [-165.725, 66.115], [-165.63, 66.13], [-165.59, 66.145], [-165.56, 66.165], [-165.84, 66.245], [-165.81, 66.29], [-165.775, 66.32], [-165.45, 66.41], [-165.2, 66.44], [-165.065, 66.44], [-164.675, 66.555], [-164.46, 66.59], [-164.06, 66.61], [-163.73, 66.615], [-163.64, 66.575], [-163.815, 66.585], [-163.895, 66.575], [-163.84, 66.56], [-163.775, 66.53], [-163.795, 66.495], [-163.905, 66.38], [-163.895, 66.285], [-163.965, 66.255], [-164.035, 66.215], [-163.695, 66.085], [-163.17, 66.075], [-162.885, 66.1], [-162.72, 66.06], [-162.585, 66.05], [-162.215, 66.07], [-161.935, 66.045], [-161.815, 66.055], [-161.555, 66.25], [-161.455, 66.28], [-161.345, 66.245], [-161.2, 66.22], [-161.11, 66.24], [-161.035, 66.19], [-161.07, 66.295], [-161.12, 66.335], [-161.545, 66.405], [-161.83, 66.37], [-161.915, 66.41], [-161.89, 66.495], [-162.19, 66.695], [-162.32, 66.735], [-162.465, 66.735], [-162.545, 66.805], [-162.605, 66.895], [-162.48, 66.93], [-162.36, 66.945], [-162.255, 66.92], [-162.13, 66.8], [-162.02, 66.785], [-162.05, 66.665], [-161.91, 66.56], [-161.59, 66.46], [-161.335, 66.495], [-161.155, 66.495], [-161.05, 66.475], [-160.785, 66.385], [-160.65, 66.375], [-160.23, 66.42], [-160.225, 66.51], [-160.265, 66.57], [-160.36, 66.61], [-160.645, 66.605], [-160.865, 66.67], [-161.05, 66.655], [-161.4, 66.55], [-161.57, 66.59], [-161.68, 66.645], [-161.855, 66.7], [-161.88, 66.805], [-161.73, 66.925], [-161.62, 66.98], [-161.72, 67.02], [-161.965, 67.05], [-162.39, 67.02], [-162.41, 67.06], [-162.41, 67.105], [-162.585, 67.02], [-162.76, 67.035], [-163.0, 67.025], [-163.53, 67.105], [-163.72, 67.195], [-163.8, 67.27], [-163.945, 67.48], [-164.125, 67.605], [-165.385, 68.045], [-165.96, 68.155], [-166.235, 68.28], [-166.41, 68.31], [-166.575, 68.32], [-166.785, 68.36], [-166.645, 68.41], [-166.545, 68.425], [-166.65, 68.375], [-166.57, 68.36], [-166.445, 68.39], [-166.38, 68.425], [-166.285, 68.575], [-166.18, 68.795], [-166.21, 68.885], [-165.51, 68.87], [-165.045, 68.88], [-164.89, 68.9], [-164.3, 68.935], [-164.15, 68.96], [-163.87, 69.035], [-163.535, 69.17], [-163.25, 69.345], [-163.205, 69.395], [-163.185, 69.38], [-163.16, 69.39], [-163.13, 69.455], [-163.095, 69.61], [-162.95, 69.76], [-162.35, 70.095], [-162.07, 70.225], [-161.98, 70.29], [-161.88, 70.33], [-161.815, 70.29], [-161.78, 70.275], [-161.76, 70.26], [-161.82, 70.25], [-161.91, 70.205], [-162.04, 70.175], [-162.075, 70.16], [-161.995, 70.165], [-161.77, 70.195], [-161.64, 70.235], [-160.995, 70.305], [-160.65, 70.42], [-160.635, 70.445], [-160.115, 70.59], [-160.045, 70.585], [-159.965, 70.57], [-160.105, 70.475], [-160.005, 70.45], [-160.095, 70.335], [-159.91, 70.33], [-159.865, 70.28], [-159.855, 70.325], [-159.86, 70.39], [-159.845, 70.455], [-159.815, 70.495], [-159.685, 70.475], [-159.385, 70.525], [-159.745, 70.53], [-159.96, 70.635], [-160.08, 70.635], [-159.68, 70.785], [-159.315, 70.88], [-159.23, 70.875], [-159.19, 70.86], [-159.185, 70.83], [-159.26, 70.815], [-159.34, 70.78], [-159.305, 70.755], [-159.25, 70.75], [-159.075, 70.77], [-158.995, 70.8], [-158.62, 70.8], [-158.51, 70.82], [-158.485, 70.84], [-158.0, 70.845], [-157.91, 70.86], [-157.605, 70.94], [-157.325, 71.04], [-157.195, 71.095], [-156.975, 71.23], [-156.785, 71.32], [-156.47, 71.41], [-156.395, 71.395], [-156.495, 71.38], [-156.565, 71.34], [-156.47, 71.29], [-155.81, 71.19], [-155.645, 71.185], [-155.58, 71.12], [-155.635, 71.06], [-155.805, 70.995], [-156.145, 70.93], [-156.04, 70.9], [-155.975, 70.84], [-155.87, 70.835], [-155.71, 70.855], [-155.58, 70.895], [-155.315, 71.015], [-155.23, 71.08], [-155.165, 71.1], [-154.945, 71.085], [-154.82, 71.05], [-154.675, 70.985], [-154.725, 70.93], [-154.785, 70.895], [-154.6, 70.85], [-154.39, 70.84], [-154.195, 70.8], [-153.92, 70.875], [-153.7, 70.895], [-153.5, 70.89], [-153.235, 70.935], [-152.785, 70.875], [-152.67, 70.89], [-152.49, 70.88], [-152.3, 70.845], [-152.235, 70.81], [-152.435, 70.735], [-152.47, 70.655], [-152.4, 70.62], [-152.27, 70.615], [-152.255, 70.57], [-152.175, 70.555], [-151.77, 70.56], [-151.8, 70.54], [-151.82, 70.51], [-151.945, 70.45], [-151.225, 70.42], [-151.13, 70.45], [-150.98, 70.465], [-150.665, 70.51], [-150.545, 70.49], [-150.405, 70.445], [-150.275, 70.435], [-150.15, 70.445], [-149.87, 70.51], [-149.545, 70.515], [-149.41, 70.49], [-149.27, 70.5], [-148.845, 70.425], [-148.69, 70.415], [-148.48, 70.32], [-148.37, 70.315], [-148.25, 70.355], [-148.145, 70.355], [-148.04, 70.315], [-147.87, 70.305], [-147.79, 70.24], [-147.705, 70.215], [-147.065, 70.17], [-146.745, 70.19], [-146.28, 70.185], [-146.06, 70.155], [-145.825, 70.16], [-145.44, 70.05], [-145.235, 70.035], [-145.195, 70.01], [-144.62, 69.98], [-144.415, 70.04], [-144.065, 70.055], [-143.745, 70.1], [-143.565, 70.1], [-143.355, 70.09], [-143.275, 70.095], [-143.22, 70.115], [-142.71, 70.035], [-142.42, 69.94], [-142.295, 69.87], [-141.7, 69.77], [-141.525, 69.715], [-141.41, 69.655], [-141.34, 69.645], [-141.29, 69.665], [-141.08, 69.66], [-141.0, 69.65], [-141.0, 69.36], [-141.0, 69.065], [-141.0, 68.775], [-141.0, 68.48], [-141.0, 68.19], [-141.0, 67.9], [-141.0, 67.605], [-141.0, 67.315], [-141.0, 67.02], [-141.0, 66.73], [-141.0, 66.435], [-141.0, 66.145], [-141.0, 65.85], [-141.0, 65.56], [-141.0, 65.27], [-141.0, 64.975], [-141.0, 64.685], [-141.0, 64.39], [-141.0, 64.1], [-141.0, 63.805], [-141.0, 63.515], [-141.0, 63.22], [-141.0, 62.93], [-141.0, 62.64], [-141.0, 62.345], [-141.0, 62.055], [-141.0, 61.76], [-141.0, 61.47], [-141.0, 61.175], [-141.0, 60.885], [-141.0, 60.59], [-141.0, 60.3], [-140.765, 60.26], [-140.525, 60.22], [-140.455, 60.3], [-140.195, 60.24], [-139.975, 60.185], [-139.83, 60.255], [-139.675, 60.33], [-139.47, 60.335], [-139.235, 60.34], [-139.08, 60.345], [-139.08, 60.28], [-139.135, 60.175], [-139.185, 60.085], [-139.045, 59.995], [-138.87, 59.945], [-138.705, 59.9], [-138.63, 59.78], [-138.455, 59.685], [-138.32, 59.61], [-138.185, 59.54], [-138.0, 59.445], [-137.87, 59.375], [-137.695, 59.28], [-137.595, 59.225], [-137.545, 59.12], [-137.485, 58.99], [-137.52, 58.915], [-137.44, 58.905], [-137.28, 58.99], [-137.125, 59.04], [-136.94, 59.105], [-136.815, 59.15], [-136.58, 59.15], [-136.465, 59.28], [-136.465, 59.46], [-136.35, 59.455], [-136.28, 59.48], [-136.245, 59.535], [-136.32, 59.605], [-136.095, 59.64], [-135.935, 59.665], [-135.705, 59.73], [-135.475, 59.795], [-135.37, 59.745], [-135.26, 59.695], [-135.05, 59.58], [-135.035, 59.55], [-135.05, 59.495], [-135.07, 59.44], [-134.945, 59.29], [-134.905, 59.27], [-134.8, 59.25], [-134.675, 59.2], [-134.62, 59.155], [-134.44, 59.085], [-134.41, 59.055], [-134.395, 59.01], [-134.365, 58.97], [-134.33, 58.94], [-134.295, 58.9], [-134.22, 58.85], [-134.07, 58.795], [-133.965, 58.76], [-133.82, 58.705], [-133.675, 58.595], [-133.545, 58.505], [-133.4, 58.41], [-133.425, 58.335], [-133.275, 58.225], [-133.12, 58.08], [-133.0, 57.95], [-132.915, 57.875], [-132.815, 57.775], [-132.69, 57.645], [-132.55, 57.5], [-132.44, 57.405], [-132.3, 57.275], [-132.23, 57.2], [-132.28, 57.145], [-132.34, 57.08], [-132.155, 57.05], [-132.03, 57.025], [-132.065, 56.955], [-132.105, 56.855], [-131.96, 56.82], [-131.865, 56.795], [-131.885, 56.74], [-131.835, 56.685], [-131.825, 56.59], [-131.65, 56.595], [-131.575, 56.6], [-131.47, 56.555], [-131.335, 56.5], [-131.2, 56.45], [-131.085, 56.405], [-130.93, 56.38], [-130.74, 56.34], [-130.65, 56.265], [-130.475, 56.23], [-130.415, 56.125], [-130.215, 56.085], [-130.1, 56.11], [-130.055, 56.065], [-130.025, 56.015], [-130.015, 55.95], [-130.025, 55.89]]], [[[-163.475, 54.98], [-163.38, 54.815], [-163.335, 54.785], [-163.275, 54.765], [-163.185, 54.75], [-163.135, 54.725], [-163.09, 54.685], [-163.085, 54.67], [-163.36, 54.735], [-163.53, 54.64], [-163.585, 54.625], [-164.075, 54.62], [-164.17, 54.605], [-164.235, 54.57], [-164.345, 54.48], [-164.405, 54.45], [-164.465, 54.425], [-164.59, 54.405], [-164.745, 54.405], [-164.825, 54.42], [-164.865, 54.46], [-164.905, 54.545], [-164.905, 54.57], [-164.89, 54.61], [-164.75, 54.665], [-164.705, 54.69], [-164.53, 54.88], [-164.48, 54.905], [-164.425, 54.915], [-164.275, 54.9], [-164.145, 54.955], [-163.87, 55.04], [-163.805, 55.05], [-163.605, 55.05], [-163.555, 55.04], [-163.51, 55.015], [-163.475, 54.98]]], [[[-133.305, 55.545], [-133.285, 55.515], [-133.28, 55.5], [-133.425, 55.43], [-133.43, 55.42], [-133.465, 55.375], [-133.495, 55.36], [-133.545, 55.315], [-133.65, 55.27], [-133.635, 55.415], [-133.735, 55.495], [-133.635, 55.54], [-133.565, 55.525], [-133.455, 55.52], [-133.345, 55.56], [-133.305, 55.545]]], [[[-131.34, 55.08], [-131.235, 54.95], [-131.23, 54.905], [-131.33, 54.89], [-131.405, 54.895], [-131.445, 54.91], [-131.455, 54.93], [-131.43, 54.995], [-131.48, 55.035], [-131.54, 55.05], [-131.59, 55.025], [-131.595, 55.09], [-131.555, 55.135], [-131.58, 55.2], [-131.58, 55.25], [-131.565, 55.265], [-131.515, 55.265], [-131.405, 55.215], [-131.34, 55.08]]], [[[-132.11, 56.11], [-132.135, 55.945], [-132.175, 55.955], [-132.21, 55.955], [-132.285, 55.93], [-132.37, 55.94], [-132.405, 55.96], [-132.42, 55.98], [-132.405, 56.03], [-132.45, 56.055], [-132.605, 56.065], [-132.66, 56.08], [-132.69, 56.13], [-132.7, 56.2], [-132.675, 56.225], [-132.6, 56.24], [-132.54, 56.325], [-132.505, 56.335], [-132.38, 56.5], [-132.315, 56.49], [-132.205, 56.39], [-132.065, 56.245], [-132.11, 56.11]]], [[[-130.98, 55.49], [-131.015, 55.38], [-131.085, 55.265], [-131.19, 55.205], [-131.26, 55.22], [-131.315, 55.27], [-131.365, 55.265], [-131.42, 55.275], [-131.45, 55.315], [-131.42, 55.37], [-131.45, 55.41], [-131.475, 55.375], [-131.52, 55.34], [-131.64, 55.3], [-131.725, 55.22], [-131.76, 55.165], [-131.81, 55.225], [-131.84, 55.36], [-131.845, 55.415], [-131.76, 55.505], [-131.65, 55.585], [-131.625, 55.83], [-131.27, 55.955], [-131.235, 55.95], [-131.12, 55.855], [-131.0, 55.73], [-130.965, 55.67], [-130.965, 55.57], [-130.98, 55.49]]], [[[-133.365, 57.005], [-133.3, 56.97], [-133.265, 57.005], [-133.195, 57.005], [-133.07, 56.975], [-132.995, 56.93], [-132.955, 56.88], [-132.95, 56.85], [-132.965, 56.785], [-132.955, 56.715], [-132.96, 56.675], [-132.975, 56.645], [-133.005, 56.625], [-133.035, 56.62], [-133.13, 56.685], [-133.245, 56.795], [-133.33, 56.83], [-133.33, 56.82], [-133.31, 56.785], [-133.24, 56.725], [-133.225, 56.69], [-133.18, 56.645], [-133.155, 56.61], [-133.145, 56.565], [-133.145, 56.53], [-133.16, 56.495], [-133.18, 56.475], [-133.215, 56.465], [-133.385, 56.475], [-133.485, 56.45], [-133.605, 56.465], [-133.63, 56.485], [-133.65, 56.515], [-133.66, 56.595], [-133.69, 56.71], [-133.68, 56.8], [-133.76, 56.875], [-133.825, 56.925], [-133.915, 56.965], [-133.98, 57.01], [-133.96, 57.045], [-133.865, 57.07], [-133.71, 57.065], [-133.365, 57.005]]], [[[-132.86, 54.895], [-132.84, 54.88], [-132.815, 54.89], [-132.77, 54.925], [-132.7, 54.92], [-132.65, 54.905], [-132.615, 54.89], [-132.635, 54.84], [-132.645, 54.755], [-132.675, 54.725], [-132.705, 54.685], [-132.805, 54.71], [-132.89, 54.765], [-133.01, 54.855], [-133.075, 54.92], [-133.08, 54.95], [-133.125, 54.97], [-133.205, 55.085], [-133.25, 55.175], [-133.325, 55.185], [-133.42, 55.21], [-133.455, 55.26], [-133.43, 55.305], [-133.295, 55.325], [-133.095, 55.215], [-133.065, 55.165], [-132.995, 55.11], [-132.98, 55.035], [-132.945, 55.005], [-132.86, 54.895]]], [[[-146.395, 60.45], [-146.37, 60.42], [-146.18, 60.43], [-146.125, 60.425], [-146.1, 60.41], [-146.13, 60.395], [-146.2, 60.37], [-146.42, 60.325], [-146.595, 60.27], [-146.62, 60.275], [-146.65, 60.335], [-146.685, 60.36], [-146.705, 60.395], [-146.705, 60.41], [-146.67, 60.435], [-146.605, 60.47], [-146.56, 60.48], [-146.395, 60.45]]], [[[-147.735, 59.815], [-147.845, 59.8], [-147.87, 59.83], [-147.815, 59.9], [-147.77, 59.945], [-147.735, 59.955], [-147.605, 60.035], [-147.465, 60.095], [-147.335, 60.185], [-147.205, 60.31], [-147.18, 60.36], [-147.12, 60.365], [-147.02, 60.33], [-146.96, 60.29], [-146.985, 60.255], [-147.32, 60.075], [-147.345, 60.05], [-147.375, 59.99], [-147.405, 59.97], [-147.45, 59.96], [-147.48, 59.935], [-147.5, 59.89], [-147.54, 59.87], [-147.6, 59.865], [-147.645, 59.855], [-147.67, 59.83], [-147.735, 59.815]]], [[[-147.66, 60.45], [-147.66, 60.425], [-147.69, 60.4], [-147.66, 60.35], [-147.71, 60.275], [-147.73, 60.22], [-147.76, 60.19], [-147.79, 60.18], [-147.815, 60.185], [-147.82, 60.205], [-147.805, 60.23], [-147.87, 60.23], [-147.89, 60.3], [-147.855, 60.32], [-147.84, 60.35], [-147.84, 60.37], [-147.795, 60.46], [-147.78, 60.465], [-147.775, 60.445], [-147.76, 60.44], [-147.735, 60.445], [-147.705, 60.485], [-147.69, 60.49], [-147.66, 60.45]]], [[[-147.93, 60.825], [-148.055, 60.82], [-148.115, 60.83], [-148.125, 60.845], [-148.1, 60.895], [-148.1, 60.915], [-148.04, 60.925], [-147.965, 60.9], [-147.945, 60.875], [-147.93, 60.825]]], [[[-153.005, 57.125], [-153.135, 57.095], [-153.155, 57.095], [-153.235, 57.03], [-153.295, 57.0], [-153.375, 57.05], [-153.355, 57.13], [-153.285, 57.185], [-152.935, 57.165], [-152.91, 57.15], [-152.91, 57.14], [-152.935, 57.13], [-153.005, 57.125]]], [[[-152.485, 58.485], [-152.515, 58.48], [-152.59, 58.51], [-152.635, 58.54], [-152.605, 58.565], [-152.465, 58.62], [-152.395, 58.62], [-152.37, 58.61], [-152.355, 58.595], [-152.36, 58.57], [-152.395, 58.54], [-152.485, 58.485]]], [[[-153.24, 57.85], [-153.27, 57.82], [-153.295, 57.83], [-153.35, 57.86], [-153.465, 57.91], [-153.515, 57.94], [-153.52, 57.955], [-153.48, 57.97], [-153.345, 57.935], [-153.29, 57.9], [-153.24, 57.85]]], [[[-155.565, 55.82], [-155.605, 55.79], [-155.68, 55.79], [-155.725, 55.8], [-155.735, 55.83], [-155.62, 55.915], [-155.595, 55.925], [-155.575, 55.92], [-155.565, 55.885], [-155.565, 55.82]]], [[[-154.685, 56.435], [-154.75, 56.41], [-154.775, 56.42], [-154.775, 56.44], [-154.76, 56.47], [-154.73, 56.5], [-154.625, 56.56], [-154.52, 56.6], [-154.465, 56.6], [-154.445, 56.575], [-154.51, 56.52], [-154.685, 56.435]]], [[[-154.21, 56.515], [-154.26, 56.515], [-154.33, 56.54], [-154.32, 56.57], [-154.215, 56.61], [-154.11, 56.605], [-154.1, 56.58], [-154.105, 56.56], [-154.115, 56.545], [-154.15, 56.53], [-154.21, 56.515]]], [[[-160.685, 55.315], [-160.67, 55.315], [-160.64, 55.32], [-160.575, 55.38], [-160.555, 55.38], [-160.55, 55.365], [-160.585, 55.31], [-160.53, 55.235], [-160.485, 55.195], [-160.49, 55.185], [-160.61, 55.16], [-160.7, 55.18], [-160.75, 55.17], [-160.795, 55.145], [-160.825, 55.175], [-160.845, 55.31], [-160.84, 55.335], [-160.79, 55.385], [-160.725, 55.405], [-160.695, 55.4], [-160.67, 55.38], [-160.665, 55.36], [-160.685, 55.315]]], [[[-162.3, 54.845], [-162.32, 54.84], [-162.39, 54.875], [-162.415, 54.895], [-162.435, 54.93], [-162.295, 54.985], [-162.265, 54.985], [-162.24, 54.955], [-162.235, 54.93], [-162.275, 54.865], [-162.3, 54.845]]], [[[-162.555, 54.4], [-162.64, 54.38], [-162.735, 54.4], [-162.81, 54.445], [-162.82, 54.495], [-162.645, 54.46], [-162.61, 54.445], [-162.555, 54.4]]], [[[-159.875, 55.13], [-159.935, 55.105], [-159.955, 55.08], [-160.0, 55.065], [-160.04, 55.045], [-160.17, 54.94], [-160.225, 54.925], [-160.165, 55.01], [-160.155, 55.04], [-160.15, 55.055], [-160.17, 55.125], [-160.135, 55.12], [-160.1, 55.135], [-160.04, 55.195], [-159.98, 55.2], [-159.92, 55.27], [-159.885, 55.275], [-159.87, 55.265], [-159.9, 55.22], [-159.84, 55.18], [-159.855, 55.145], [-159.875, 55.13]]], [[[-165.84, 54.07], [-165.88, 54.055], [-165.91, 54.05], [-165.935, 54.06], [-166.035, 54.045], [-166.055, 54.055], [-166.105, 54.115], [-166.105, 54.145], [-166.09, 54.17], [-166.04, 54.19], [-165.965, 54.21], [-165.895, 54.205], [-165.765, 54.15], [-165.705, 54.12], [-165.695, 54.1], [-165.74, 54.08], [-165.84, 54.07]]], [[[-165.56, 54.135], [-165.605, 54.13], [-165.615, 54.14], [-165.62, 54.185], [-165.655, 54.255], [-165.59, 54.28], [-165.55, 54.285], [-165.535, 54.275], [-165.49, 54.22], [-165.44, 54.21], [-165.41, 54.195], [-165.47, 54.18], [-165.56, 54.135]]], [[[-160.92, 58.575], [-160.99, 58.56], [-161.07, 58.57], [-161.13, 58.67], [-161.085, 58.67], [-160.985, 58.735], [-160.77, 58.79], [-160.715, 58.795], [-160.92, 58.575]]], [[[-172.74, 60.455], [-172.525, 60.39], [-172.39, 60.4], [-172.28, 60.345], [-172.23, 60.3], [-172.395, 60.33], [-172.635, 60.33], [-172.96, 60.465], [-173.075, 60.495], [-173.05, 60.57], [-172.925, 60.605], [-172.86, 60.505], [-172.74, 60.455]]], [[[-170.16, 57.185], [-170.265, 57.135], [-170.36, 57.155], [-170.385, 57.19], [-170.385, 57.205], [-170.115, 57.24], [-170.16, 57.185]]], [[[-169.69, 52.845], [-169.71, 52.805], [-169.725, 52.79], [-169.875, 52.815], [-169.98, 52.805], [-169.99, 52.83], [-169.985, 52.85], [-169.82, 52.885], [-169.755, 52.885], [-169.71, 52.865], [-169.69, 52.845]]], [[[-170.735, 52.58], [-170.795, 52.55], [-170.815, 52.56], [-170.825, 52.6], [-170.79, 52.63], [-170.68, 52.7], [-170.61, 52.685], [-170.585, 52.67], [-170.585, 52.64], [-170.615, 52.61], [-170.65, 52.595], [-170.69, 52.595], [-170.735, 52.58]]], [[[-172.465, 52.27], [-172.54, 52.255], [-172.62, 52.275], [-172.58, 52.325], [-172.545, 52.355], [-172.47, 52.39], [-172.385, 52.375], [-172.315, 52.33], [-172.465, 52.27]]], [[[-169.755, 56.635], [-169.625, 56.615], [-169.55, 56.63], [-169.485, 56.62], [-169.475, 56.595], [-169.585, 56.54], [-169.635, 56.545], [-169.765, 56.61], [-169.755, 56.635]]], [[[-176.285, 51.79], [-176.35, 51.735], [-176.395, 51.76], [-176.415, 51.84], [-176.38, 51.86], [-176.28, 51.805], [-176.285, 51.79]]], [[[-176.02, 52.0], [-176.045, 51.975], [-176.145, 52.005], [-176.18, 52.03], [-176.185, 52.055], [-176.155, 52.1], [-176.075, 52.1], [-176.03, 52.08], [-175.99, 52.05], [-175.975, 52.03], [-176.02, 52.0]]], [[[-177.15, 51.715], [-177.175, 51.705], [-177.23, 51.695], [-177.38, 51.705], [-177.475, 51.7], [-177.58, 51.695], [-177.655, 51.675], [-177.67, 51.7], [-177.67, 51.72], [-177.335, 51.775], [-177.255, 51.805], [-177.21, 51.84], [-177.165, 51.91], [-177.13, 51.93], [-177.11, 51.93], [-177.065, 51.9], [-177.08, 51.865], [-177.12, 51.835], [-177.135, 51.805], [-177.15, 51.715]]], [[[178.575, 51.915], [178.51, 51.9], [178.48, 51.945], [178.475, 51.97], [178.51, 51.995], [178.57, 51.98], [178.605, 51.955], [178.575, 51.915]]], [[[179.45, 51.375], [179.28, 51.37], [178.925, 51.535], [178.745, 51.585], [178.65, 51.645], [178.69, 51.655], [178.91, 51.615], [179.085, 51.53], [179.18, 51.47], [179.295, 51.42], [179.415, 51.4], [179.45, 51.375]]], [[[173.725, 52.36], [173.66, 52.355], [173.615, 52.39], [173.4, 52.405], [173.425, 52.44], [173.515, 52.45], [173.66, 52.505], [173.775, 52.495], [173.745, 52.445], [173.725, 52.36]]], [[[-134.97, 57.35], [-134.885, 57.24], [-134.825, 57.155], [-134.77, 57.055], [-134.675, 56.84], [-134.635, 56.76], [-134.62, 56.72], [-134.61, 56.605], [-134.625, 56.58], [-134.65, 56.555], [-134.655, 56.525], [-134.63, 56.435], [-134.63, 56.3], [-134.655, 56.225], [-134.68, 56.215], [-134.75, 56.24], [-134.805, 56.28], [-134.85, 56.325], [-134.95, 56.455], [-134.98, 56.52], [-134.98, 56.565], [-134.965, 56.595], [-134.935, 56.615], [-134.875, 56.67], [-134.885, 56.68], [-134.93, 56.665], [-135.02, 56.66], [-135.095, 56.705], [-135.16, 56.725], [-135.145, 56.8], [-135.165, 56.825], [-135.285, 56.8], [-135.33, 56.82], [-135.34, 56.85], [-135.34, 56.895], [-135.315, 56.93], [-135.2, 57.025], [-135.21, 57.045], [-135.265, 57.05], [-135.34, 57.08], [-135.375, 57.19], [-135.455, 57.25], [-135.5, 57.245], [-135.61, 57.07], [-135.66, 57.035], [-135.81, 57.01], [-135.78, 57.06], [-135.77, 57.1], [-135.82, 57.23], [-135.825, 57.28], [-135.785, 57.315], [-135.68, 57.335], [-135.625, 57.355], [-135.58, 57.39], [-135.57, 57.425], [-135.485, 57.515], [-135.45, 57.535], [-135.345, 57.535], [-135.13, 57.43], [-135.065, 57.415], [-134.97, 57.35]]], [[[-134.68, 58.16], [-134.425, 58.14], [-134.24, 58.145], [-134.07, 57.995], [-133.965, 57.875], [-133.905, 57.79], [-133.87, 57.71], [-133.825, 57.63], [-133.825, 57.62], [-133.925, 57.67], [-133.995, 57.78], [-134.03, 57.82], [-134.065, 57.84], [-134.105, 57.88], [-134.18, 57.98], [-134.18, 58.01], [-134.215, 58.04], [-134.25, 58.05], [-134.29, 58.045], [-134.305, 58.035], [-134.3, 57.965], [-134.265, 57.885], [-134.085, 57.71], [-133.96, 57.615], [-133.935, 57.58], [-133.92, 57.49], [-133.975, 57.45], [-133.91, 57.37], [-133.91, 57.355], [-133.925, 57.335], [-134.1, 57.3], [-134.26, 57.145], [-134.435, 57.055], [-134.515, 57.045], [-134.555, 57.06], [-134.59, 57.09], [-134.615, 57.14], [-134.62, 57.195], [-134.575, 57.23], [-134.49, 57.42], [-134.485, 57.48], [-134.595, 57.57], [-134.66, 57.64], [-134.695, 57.735], [-134.755, 57.995], [-134.78, 58.08], [-134.82, 58.145], [-134.87, 58.2], [-134.91, 58.265], [-134.935, 58.33], [-134.925, 58.355], [-134.835, 58.32], [-134.735, 58.225], [-134.68, 58.16]]], [[[-135.73, 58.245], [-135.59, 58.145], [-135.585, 58.125], [-135.615, 58.055], [-135.695, 58.04], [-135.67, 58.01], [-135.615, 57.99], [-135.57, 58.01], [-135.42, 58.1], [-135.375, 58.12], [-135.345, 58.125], [-135.165, 58.095], [-135.0, 58.05], [-134.955, 58.015], [-134.93, 57.955], [-134.97, 57.815], [-135.105, 57.795], [-135.165, 57.795], [-135.23, 57.815], [-135.34, 57.77], [-135.25, 57.735], [-134.98, 57.725], [-134.895, 57.65], [-134.875, 57.59], [-134.93, 57.48], [-135.085, 57.51], [-135.22, 57.575], [-135.5, 57.66], [-135.565, 57.665], [-135.61, 57.65], [-135.62, 57.595], [-135.62, 57.48], [-135.69, 57.42], [-135.91, 57.445], [-135.995, 57.535], [-136.075, 57.675], [-136.38, 57.84], [-136.46, 57.875], [-136.57, 57.97], [-136.525, 58.05], [-136.51, 58.095], [-136.455, 58.11], [-136.37, 58.145], [-136.32, 58.22], [-136.245, 58.155], [-136.145, 58.1], [-136.14, 58.155], [-136.095, 58.2], [-135.995, 58.195], [-135.945, 58.205], [-135.88, 58.245], [-135.785, 58.27], [-135.73, 58.245]]], [[[-133.565, 56.34], [-133.375, 56.32], [-133.205, 56.32], [-133.145, 56.28], [-133.105, 56.235], [-133.08, 56.195], [-133.075, 56.155], [-133.08, 56.13], [-133.1, 56.1], [-133.095, 56.09], [-132.76, 55.995], [-132.6, 55.895], [-132.535, 55.84], [-132.495, 55.8], [-132.43, 55.685], [-132.29, 55.56], [-132.215, 55.52], [-132.175, 55.48], [-132.195, 55.48], [-132.295, 55.505], [-132.51, 55.595], [-132.53, 55.59], [-132.55, 55.545], [-132.58, 55.505], [-132.63, 55.475], [-132.59, 55.465], [-132.42, 55.485], [-132.27, 55.4], [-132.215, 55.385], [-132.16, 55.325], [-132.16, 55.3], [-132.19, 55.255], [-132.215, 55.235], [-132.205, 55.225], [-132.165, 55.22], [-132.005, 55.23], [-131.975, 55.21], [-132.0, 55.035], [-131.98, 54.97], [-131.98, 54.94], [-131.995, 54.9], [-131.995, 54.87], [-131.985, 54.835], [-131.98, 54.805], [-132.02, 54.725], [-132.065, 54.715], [-132.135, 54.715], [-132.19, 54.735], [-132.265, 54.8], [-132.34, 54.905], [-132.37, 54.92], [-132.47, 54.94], [-132.485, 54.95], [-132.55, 54.955], [-132.595, 54.995], [-132.59, 55.05], [-132.625, 55.11], [-132.62, 55.135], [-132.665, 55.145], [-132.7, 55.13], [-132.685, 55.075], [-132.705, 55.03], [-132.78, 55.05], [-132.915, 55.19], [-133.06, 55.3], [-133.12, 55.33], [-133.105, 55.36], [-133.03, 55.38], [-132.97, 55.375], [-132.96, 55.395], [-133.08, 55.505], [-133.08, 55.535], [-133.035, 55.59], [-133.09, 55.615], [-133.245, 55.595], [-133.3, 55.605], [-133.345, 55.65], [-133.37, 55.69], [-133.505, 55.695], [-133.555, 55.69], [-133.64, 55.75], [-133.68, 55.785], [-133.665, 55.805], [-133.585, 55.835], [-133.535, 55.83], [-133.445, 55.795], [-133.41, 55.8], [-133.32, 55.845], [-133.31, 55.885], [-133.24, 55.92], [-133.25, 55.955], [-133.29, 56.02], [-133.37, 56.035], [-133.54, 56.0], [-133.685, 55.945], [-133.745, 55.965], [-133.755, 56.0], [-133.6, 56.095], [-133.53, 56.145], [-133.545, 56.175], [-133.595, 56.215], [-133.6, 56.315], [-133.565, 56.34]]], [[[-133.99, 56.845], [-133.925, 56.775], [-133.83, 56.78], [-133.78, 56.73], [-133.74, 56.65], [-133.765, 56.6], [-133.81, 56.61], [-133.855, 56.58], [-133.885, 56.485], [-133.87, 56.39], [-133.885, 56.29], [-133.94, 56.195], [-133.95, 56.13], [-133.97, 56.11], [-133.995, 56.1], [-134.025, 56.12], [-134.065, 56.135], [-134.12, 56.075], [-134.19, 56.075], [-134.245, 56.205], [-134.195, 56.415], [-134.085, 56.455], [-134.15, 56.515], [-134.29, 56.58], [-134.28, 56.615], [-134.385, 56.725], [-134.39, 56.75], [-134.375, 56.84], [-134.275, 56.92], [-134.145, 56.93], [-134.05, 56.9], [-134.0, 56.87], [-133.99, 56.845]]], [[[-152.415, 58.36], [-152.38, 58.35], [-152.345, 58.41], [-152.315, 58.415], [-152.2, 58.365], [-152.125, 58.375], [-152.08, 58.31], [-152.035, 58.305], [-152.0, 58.315], [-151.975, 58.31], [-151.985, 58.245], [-152.07, 58.18], [-152.11, 58.16], [-152.165, 58.18], [-152.185, 58.185], [-152.225, 58.215], [-152.25, 58.25], [-152.27, 58.25], [-152.335, 58.21], [-152.335, 58.185], [-152.305, 58.155], [-152.31, 58.135], [-152.38, 58.125], [-152.45, 58.13], [-152.54, 58.1], [-152.56, 58.12], [-152.57, 58.17], [-152.6, 58.165], [-152.64, 58.1], [-152.685, 58.065], [-152.765, 58.03], [-152.78, 58.015], [-152.84, 58.015], [-152.93, 57.995], [-152.985, 57.995], [-153.305, 58.065], [-153.38, 58.085], [-153.115, 58.24], [-152.975, 58.295], [-152.895, 58.295], [-152.815, 58.275], [-152.77, 58.28], [-152.77, 58.345], [-152.845, 58.395], [-152.84, 58.415], [-152.675, 58.45], [-152.61, 58.445], [-152.545, 58.43], [-152.48, 58.4], [-152.415, 58.36]]], [[[-167.965, 53.345], [-168.27, 53.24], [-168.37, 53.16], [-168.445, 53.085], [-168.505, 53.045], [-168.55, 53.035], [-168.595, 53.015], [-168.7, 52.965], [-168.74, 52.955], [-169.065, 52.835], [-169.09, 52.83], [-169.075, 52.865], [-168.975, 52.91], [-168.91, 52.95], [-168.835, 53.02], [-168.795, 53.045], [-168.785, 53.08], [-168.78, 53.15], [-168.76, 53.175], [-168.69, 53.225], [-168.64, 53.255], [-168.57, 53.265], [-168.435, 53.255], [-168.38, 53.285], [-168.365, 53.305], [-168.395, 53.32], [-168.405, 53.355], [-168.395, 53.41], [-168.355, 53.46], [-168.29, 53.5], [-168.195, 53.535], [-168.075, 53.555], [-167.985, 53.56], [-167.83, 53.51], [-167.805, 53.485], [-167.845, 53.435], [-167.865, 53.385], [-167.965, 53.345]]], [[[-166.615, 53.9], [-166.57, 53.855], [-166.495, 53.885], [-166.445, 53.925], [-166.4, 53.98], [-166.37, 54.0], [-166.335, 53.97], [-166.23, 53.935], [-166.32, 53.875], [-166.49, 53.785], [-166.545, 53.725], [-166.55, 53.7], [-166.385, 53.72], [-166.34, 53.72], [-166.31, 53.7], [-166.355, 53.675], [-166.445, 53.65], [-166.52, 53.61], [-166.7, 53.535], [-166.77, 53.475], [-166.85, 53.455], [-166.96, 53.445], [-167.155, 53.41], [-167.27, 53.37], [-167.3, 53.35], [-167.335, 53.34], [-167.38, 53.34], [-167.43, 53.325], [-167.48, 53.29], [-167.52, 53.275], [-167.59, 53.275], [-167.63, 53.26], [-167.67, 53.26], [-167.78, 53.3], [-167.81, 53.325], [-167.71, 53.37], [-167.64, 53.385], [-167.53, 53.395], [-167.425, 53.435], [-167.205, 53.495], [-167.135, 53.525], [-167.09, 53.635], [-167.04, 53.655], [-167.015, 53.7], [-166.895, 53.695], [-166.84, 53.65], [-166.82, 53.64], [-166.81, 53.645], [-166.805, 53.685], [-166.74, 53.715], [-166.775, 53.735], [-166.89, 53.76], [-166.975, 53.77], [-167.025, 53.77], [-167.07, 53.785], [-167.105, 53.815], [-167.12, 53.845], [-167.12, 53.875], [-167.09, 53.905], [-167.04, 53.94], [-166.98, 53.965], [-166.85, 53.98], [-166.735, 54.0], [-166.675, 54.005], [-166.625, 53.995], [-166.615, 53.9]]], [[[-173.555, 52.135], [-173.355, 52.095], [-173.115, 52.1], [-173.025, 52.09], [-173.025, 52.08], [-173.18, 52.06], [-173.23, 52.07], [-173.37, 52.045], [-173.46, 52.04], [-173.675, 52.065], [-173.835, 52.05], [-173.88, 52.055], [-173.93, 52.07], [-173.99, 52.105], [-173.99, 52.125], [-173.94, 52.13], [-173.795, 52.105], [-173.78, 52.12], [-173.655, 52.145], [-173.555, 52.135]]], [[[-174.675, 52.035], [-175.215, 51.995], [-175.295, 52.02], [-175.215, 52.04], [-175.12, 52.045], [-174.915, 52.095], [-174.67, 52.135], [-174.475, 52.185], [-174.305, 52.215], [-174.26, 52.27], [-174.405, 52.295], [-174.435, 52.315], [-174.365, 52.34], [-174.305, 52.38], [-174.17, 52.42], [-174.045, 52.365], [-174.02, 52.33], [-174.03, 52.29], [-174.055, 52.245], [-174.165, 52.225], [-174.18, 52.2], [-174.12, 52.135], [-174.345, 52.08], [-174.675, 52.035]]], [[[-176.595, 51.865], [-176.59, 51.835], [-176.475, 51.835], [-176.435, 51.82], [-176.435, 51.755], [-176.45, 51.735], [-176.47, 51.73], [-176.51, 51.745], [-176.56, 51.71], [-176.77, 51.63], [-176.835, 51.675], [-176.96, 51.605], [-176.875, 51.79], [-176.775, 51.82], [-176.735, 51.84], [-176.745, 51.895], [-176.7, 51.985], [-176.595, 51.98], [-176.55, 51.945], [-176.55, 51.92], [-176.595, 51.865]]], [[[-177.88, 51.65], [-177.9, 51.615], [-177.925, 51.615], [-178.06, 51.675], [-178.08, 51.69], [-178.0, 51.715], [-177.975, 51.74], [-177.985, 51.765], [-178.045, 51.8], [-178.155, 51.85], [-178.195, 51.88], [-178.17, 51.905], [-178.115, 51.915], [-177.955, 51.92], [-177.865, 51.86], [-177.8, 51.84], [-177.645, 51.825], [-177.725, 51.8], [-177.77, 51.78], [-177.825, 51.685], [-177.88, 51.65]]], [[[179.73, 51.905], [179.645, 51.88], [179.55, 51.895], [179.5, 51.935], [179.505, 51.98], [179.625, 52.03], [179.78, 51.965], [179.73, 51.905]]], [[[177.415, 51.885], [177.33, 51.84], [177.26, 51.885], [177.25, 51.905], [177.38, 51.975], [177.48, 51.99], [177.52, 52.02], [177.565, 52.11], [177.635, 52.115], [177.67, 52.105], [177.655, 52.06], [177.595, 51.995], [177.595, 51.95], [177.415, 51.885]]], [[[172.81, 53.015], [172.985, 52.98], [173.1, 52.995], [173.25, 52.945], [173.435, 52.85], [173.395, 52.835], [173.35, 52.825], [173.305, 52.825], [173.16, 52.81], [173.08, 52.815], [172.935, 52.75], [172.775, 52.795], [172.72, 52.885], [172.595, 52.905], [172.495, 52.94], [172.68, 53.01], [172.81, 53.015]]], [[[-155.58, 19.01], [-155.625, 18.965], [-155.68, 18.97], [-155.88, 19.07], [-155.905, 19.125], [-155.89, 19.385], [-155.965, 19.59], [-156.05, 19.75], [-155.99, 19.83], [-155.91, 19.895], [-155.82, 20.015], [-155.895, 20.165], [-155.875, 20.26], [-155.83, 20.275], [-155.62, 20.165], [-155.2, 19.995], [-155.085, 19.875], [-155.065, 19.75], [-154.99, 19.73], [-154.955, 19.645], [-154.84, 19.57], [-154.805, 19.525], [-154.85, 19.455], [-155.055, 19.32], [-155.31, 19.26], [-155.535, 19.11], [-155.58, 19.01]]], [[[-157.215, 21.215], [-157.0, 21.19], [-156.95, 21.2], [-156.915, 21.175], [-156.74, 21.165], [-156.71, 21.155], [-156.75, 21.105], [-156.86, 21.055], [-157.02, 21.1], [-157.29, 21.115], [-157.28, 21.15], [-157.255, 21.18], [-157.25, 21.23], [-157.215, 21.215]]], [[[-156.485, 20.935], [-156.46, 20.915], [-156.355, 20.94], [-156.28, 20.95], [-156.15, 20.885], [-156.105, 20.84], [-156.02, 20.79], [-155.99, 20.755], [-156.015, 20.715], [-156.105, 20.645], [-156.235, 20.63], [-156.31, 20.6], [-156.41, 20.605], [-156.44, 20.62], [-156.45, 20.705], [-156.48, 20.8], [-156.545, 20.79], [-156.615, 20.82], [-156.69, 20.9], [-156.7, 20.95], [-156.655, 21.025], [-156.585, 21.035], [-156.53, 20.995], [-156.485, 20.935]]], [[[-157.8, 21.455], [-157.765, 21.45], [-157.72, 21.46], [-157.705, 21.38], [-157.655, 21.335], [-157.635, 21.31], [-157.69, 21.28], [-157.8, 21.27], [-157.85, 21.29], [-157.9, 21.34], [-157.96, 21.325], [-157.97, 21.365], [-157.98, 21.38], [-158.015, 21.37], [-157.98, 21.315], [-158.08, 21.31], [-158.11, 21.32], [-158.14, 21.375], [-158.24, 21.49], [-158.24, 21.535], [-158.275, 21.585], [-158.125, 21.6], [-158.02, 21.69], [-157.96, 21.7], [-157.85, 21.555], [-157.855, 21.51], [-157.83, 21.47], [-157.8, 21.455]]], [[[-159.375, 21.93], [-159.46, 21.875], [-159.51, 21.9], [-159.61, 21.91], [-159.645, 21.95], [-159.75, 21.99], [-159.79, 22.04], [-159.725, 22.14], [-159.58, 22.225], [-159.35, 22.22], [-159.305, 22.155], [-159.3, 22.105], [-159.33, 22.05], [-159.345, 21.975], [-159.375, 21.93]]], [[[-160.18, 21.84], [-160.2, 21.795], [-160.235, 21.805], [-160.245, 21.845], [-160.22, 21.895], [-160.165, 21.945], [-160.1, 22.015], [-160.05, 22.005], [-160.075, 21.96], [-160.08, 21.905], [-160.155, 21.88], [-160.18, 21.84]]], [[[-156.85, 20.775], [-156.91, 20.745], [-156.975, 20.76], [-156.99, 20.825], [-157.05, 20.91], [-156.94, 20.93], [-156.88, 20.905], [-156.85, 20.88], [-156.81, 20.83], [-156.85, 20.775]]], [[[-74.71, 45.005], [-74.665, 45.005], [-74.43, 45.005], [-74.015, 45.005], [-73.6, 45.005], [-73.18, 45.005], [-72.765, 45.005], [-72.35, 45.005], [-71.935, 45.005], [-71.52, 45.01], [-71.42, 45.2], [-71.325, 45.29], [-71.2, 45.26], [-71.135, 45.265], [-71.06, 45.31], [-71.0, 45.335], [-70.96, 45.335], [-70.925, 45.29], [-70.9, 45.26], [-70.865, 45.27], [-70.835, 45.31], [-70.84, 45.365], [-70.8, 45.405], [-70.755, 45.41], [-70.71, 45.41], [-70.69, 45.43], [-70.69, 45.455], [-70.705, 45.5], [-70.7, 45.55], [-70.595, 45.645], [-70.465, 45.705], [-70.42, 45.74], [-70.41, 45.8], [-70.335, 45.87], [-70.295, 45.905], [-70.285, 45.94], [-70.305, 45.98], [-70.305, 46.055], [-70.28, 46.15], [-70.25, 46.25], [-70.18, 46.34], [-70.065, 46.44], [-70.04, 46.57], [-70.01, 46.71], [-69.87, 46.845], [-69.72, 46.995], [-69.63, 47.08], [-69.47, 47.24], [-69.36, 47.35], [-69.3, 47.4], [-69.245, 47.465], [-69.145, 47.445], [-69.05, 47.425], [-69.065, 47.34], [-69.05, 47.275], [-69.005, 47.235], [-68.935, 47.21], [-68.885, 47.205], [-68.83, 47.205], [-68.67, 47.255], [-68.48, 47.285], [-68.375, 47.315], [-68.36, 47.345], [-68.31, 47.355], [-68.235, 47.345], [-68.095, 47.275], [-67.935, 47.17], [-67.805, 47.085], [-67.805, 46.935], [-67.8, 46.78], [-67.8, 46.615], [-67.795, 46.5], [-67.795, 46.335], [-67.79, 46.21], [-67.785, 46.04], [-67.785, 45.955], [-67.765, 45.925], [-67.78, 45.89], [-67.78, 45.875], [-67.78, 45.86], [-67.775, 45.845], [-67.775, 45.82], [-67.79, 45.795], [-67.8, 45.77], [-67.8, 45.73], [-67.785, 45.7], [-67.755, 45.685], [-67.73, 45.685], [-67.7, 45.67], [-67.66, 45.645], [-67.595, 45.62], [-67.53, 45.615], [-67.485, 45.62], [-67.435, 45.605], [-67.415, 45.565], [-67.425, 45.53], [-67.455, 45.515], [-67.49, 45.5], [-67.495, 45.475], [-67.475, 45.445], [-67.455, 45.42], [-67.43, 45.38], [-67.44, 45.34], [-67.46, 45.31], [-67.475, 45.275], [-67.455, 45.25], [-67.4, 45.21], [-67.365, 45.175], [-67.315, 45.155], [-67.29, 45.17], [-67.27, 45.185], [-67.25, 45.2], [-67.215, 45.195], [-67.17, 45.18], [-67.125, 45.17], [-67.13, 45.14], [-67.1, 45.09], [-67.08, 44.99], [-67.115, 44.945], [-67.105, 44.885], [-67.015, 44.87], [-66.99, 44.85], [-66.985, 44.83], [-67.19, 44.675], [-67.365, 44.695], [-67.46, 44.655], [-67.555, 44.645], [-67.6, 44.575], [-67.655, 44.56], [-67.725, 44.565], [-67.79, 44.585], [-67.84, 44.575], [-67.905, 44.455], [-67.965, 44.465], [-67.985, 44.42], [-68.015, 44.4], [-68.055, 44.385], [-68.095, 44.44], [-68.115, 44.49], [-68.15, 44.5], [-68.2, 44.515], [-68.245, 44.515], [-68.275, 44.505], [-68.315, 44.475], [-68.375, 44.445], [-68.415, 44.47], [-68.45, 44.51], [-68.48, 44.445], [-68.52, 44.38], [-68.515, 44.305], [-68.535, 44.26], [-68.57, 44.27], [-68.61, 44.31], [-68.725, 44.34], [-68.81, 44.34], [-68.795, 44.38], [-68.71, 44.445], [-68.735, 44.455], [-68.775, 44.445], [-68.795, 44.455], [-68.765, 44.51], [-68.765, 44.57], [-68.8, 44.55], [-68.845, 44.485], [-68.96, 44.435], [-68.955, 44.35], [-69.065, 44.17], [-69.07, 44.1], [-69.135, 44.04], [-69.225, 43.985], [-69.345, 44.0], [-69.435, 43.955], [-69.48, 43.905], [-69.52, 43.895], [-69.54, 43.965], [-69.555, 43.985], [-69.59, 43.885], [-69.625, 43.88], [-69.635, 43.95], [-69.655, 43.995], [-69.7, 43.955], [-69.73, 43.85], [-69.76, 43.86], [-69.77, 43.9], [-69.795, 43.91], [-69.805, 43.865], [-69.79, 43.805], [-69.81, 43.77], [-69.84, 43.79], [-69.875, 43.82], [-69.925, 43.795], [-69.975, 43.79], [-69.975, 43.82], [-69.965, 43.855], [-70.06, 43.835], [-70.18, 43.765], [-70.27, 43.67], [-70.24, 43.655], [-70.205, 43.625], [-70.36, 43.48], [-70.52, 43.35], [-70.64, 43.135], [-70.69, 43.11], [-70.735, 43.07], [-70.78, 42.94], [-70.83, 42.825], [-70.8, 42.775], [-70.78, 42.72], [-70.735, 42.67], [-70.695, 42.665], [-70.655, 42.675], [-70.625, 42.67], [-70.605, 42.65], [-70.615, 42.625], [-70.66, 42.615], [-70.75, 42.57], [-70.83, 42.555], [-70.87, 42.495], [-70.93, 42.43], [-71.045, 42.33], [-70.995, 42.3], [-70.82, 42.265], [-70.74, 42.23], [-70.62, 42.04], [-70.645, 42.02], [-70.655, 41.985], [-70.55, 41.94], [-70.515, 41.805], [-70.425, 41.755], [-70.295, 41.73], [-70.135, 41.77], [-70.0, 41.825], [-70.005, 41.87], [-70.09, 41.98], [-70.11, 42.03], [-70.175, 42.065], [-70.195, 42.035], [-70.235, 42.07], [-70.24, 42.09], [-70.205, 42.1], [-70.16, 42.095], [-70.11, 42.08], [-69.98, 41.96], [-69.94, 41.81], [-69.935, 41.71], [-69.95, 41.675], [-69.985, 41.685], [-70.06, 41.675], [-70.405, 41.625], [-70.48, 41.58], [-70.655, 41.535], [-70.67, 41.56], [-70.655, 41.61], [-70.665, 41.71], [-70.7, 41.715], [-70.975, 41.55], [-71.08, 41.54], [-71.17, 41.49], [-71.19, 41.515], [-71.205, 41.64], [-71.15, 41.745], [-71.18, 41.745], [-71.27, 41.68], [-71.31, 41.72], [-71.33, 41.76], [-71.36, 41.785], [-71.39, 41.795], [-71.365, 41.705], [-71.425, 41.635], [-71.445, 41.455], [-71.525, 41.38], [-71.77, 41.33], [-71.93, 41.34], [-72.075, 41.325], [-72.265, 41.29], [-72.37, 41.31], [-72.48, 41.275], [-72.845, 41.265], [-72.925, 41.285], [-73.025, 41.215], [-73.18, 41.175], [-73.585, 41.02], [-73.67, 40.965], [-73.78, 40.88], [-73.85, 40.83], [-73.91, 40.815], [-73.945, 40.775], [-73.985, 40.75], [-73.95, 40.84], [-73.905, 40.91], [-73.87, 41.055], [-73.88, 41.17], [-73.925, 41.22], [-73.97, 41.25], [-73.92, 41.135], [-73.91, 40.995], [-73.925, 40.915], [-74.025, 40.755], [-74.065, 40.72], [-74.115, 40.685], [-74.155, 40.675], [-74.185, 40.65], [-74.225, 40.61], [-74.265, 40.53], [-74.24, 40.455], [-74.05, 40.43], [-74.0, 40.45], [-73.97, 40.4], [-73.96, 40.33], [-73.97, 40.25], [-74.005, 40.17], [-74.03, 40.075], [-74.05, 39.925], [-74.08, 39.79], [-74.085, 39.83], [-74.065, 39.995], [-74.095, 39.975], [-74.12, 39.94], [-74.175, 39.725], [-74.255, 39.615], [-74.33, 39.535], [-74.405, 39.55], [-74.39, 39.485], [-74.41, 39.455], [-74.43, 39.385], [-74.475, 39.345], [-74.515, 39.345], [-74.58, 39.315], [-74.605, 39.295], [-74.605, 39.25], [-74.645, 39.21], [-74.795, 39.0], [-74.925, 38.94], [-74.955, 38.95], [-74.92, 39.045], [-74.895, 39.145], [-74.975, 39.19], [-75.05, 39.21], [-75.135, 39.21], [-75.23, 39.285], [-75.355, 39.34], [-75.525, 39.49], [-75.52, 39.53], [-75.525, 39.6], [-75.47, 39.71], [-75.42, 39.79], [-75.355, 39.83], [-75.155, 39.87], [-75.105, 39.93], [-75.075, 39.985], [-75.175, 39.895], [-75.32, 39.865], [-75.4, 39.83], [-75.465, 39.78], [-75.5, 39.715], [-75.59, 39.64], [-75.58, 39.59], [-75.565, 39.555], [-75.575, 39.475], [-75.52, 39.405], [-75.415, 39.28], [-75.39, 39.095], [-75.31, 38.965], [-75.185, 38.82], [-75.09, 38.78], [-75.085, 38.725], [-75.13, 38.63], [-75.185, 38.59], [-75.11, 38.6], [-75.075, 38.58], [-75.035, 38.505], [-75.04, 38.425], [-75.05, 38.385], [-75.075, 38.365], [-75.075, 38.41], [-75.09, 38.425], [-75.115, 38.405], [-75.135, 38.385], [-75.14, 38.3], [-75.16, 38.255], [-75.225, 38.24], [-75.29, 38.13], [-75.355, 38.065], [-75.595, 37.63], [-75.585, 37.56], [-75.63, 37.535], [-75.7, 37.515], [-75.765, 37.475], [-75.81, 37.425], [-75.855, 37.295], [-75.935, 37.15], [-75.985, 37.21], [-75.995, 37.265], [-75.975, 37.4], [-75.89, 37.62], [-75.79, 37.755], [-75.72, 37.82], [-75.66, 37.955], [-75.735, 37.975], [-75.85, 37.97], [-75.83, 38.035], [-75.795, 38.085], [-75.855, 38.14], [-75.89, 38.145], [-75.93, 38.17], [-75.885, 38.215], [-75.865, 38.26], [-75.875, 38.32], [-75.86, 38.36], [-75.89, 38.355], [-75.935, 38.31], [-75.965, 38.29], [-75.985, 38.33], [-76.005, 38.325], [-76.02, 38.295], [-76.05, 38.28], [-76.115, 38.32], [-76.21, 38.36], [-76.265, 38.435], [-76.295, 38.495], [-76.265, 38.6], [-76.2, 38.62], [-76.115, 38.6], [-76.0, 38.6], [-76.015, 38.625], [-76.055, 38.62], [-76.175, 38.705], [-76.215, 38.76], [-76.28, 38.77], [-76.31, 38.725], [-76.34, 38.71], [-76.3, 38.82], [-76.245, 38.825], [-76.17, 38.855], [-76.19, 38.915], [-76.24, 38.945], [-76.33, 38.91], [-76.33, 38.955], [-76.315, 39.01], [-76.245, 39.01], [-76.185, 38.99], [-76.135, 39.08], [-76.135, 39.125], [-76.215, 39.065], [-76.235, 39.19], [-76.155, 39.315], [-76.075, 39.37], [-75.975, 39.365], [-75.875, 39.375], [-75.94, 39.4], [-76.005, 39.41], [-75.955, 39.46], [-75.915, 39.47], [-75.875, 39.51], [-75.97, 39.505], [-75.96, 39.585], [-76.005, 39.57], [-76.065, 39.56], [-76.085, 39.525], [-76.08, 39.47], [-76.095, 39.435], [-76.14, 39.405], [-76.215, 39.38], [-76.225, 39.42], [-76.25, 39.44], [-76.255, 39.35], [-76.275, 39.325], [-76.33, 39.405], [-76.345, 39.39], [-76.345, 39.365], [-76.36, 39.325], [-76.405, 39.305], [-76.405, 39.255], [-76.42, 39.225], [-76.57, 39.27], [-76.575, 39.255], [-76.49, 39.16], [-76.43, 39.125], [-76.42, 39.075], [-76.475, 39.03], [-76.545, 39.07], [-76.56, 39.065], [-76.52, 39.0], [-76.495, 38.945], [-76.52, 38.9], [-76.515, 38.84], [-76.52, 38.79], [-76.535, 38.745], [-76.5, 38.53], [-76.46, 38.475], [-76.415, 38.42], [-76.395, 38.37], [-76.44, 38.36], [-76.51, 38.405], [-76.57, 38.435], [-76.645, 38.54], [-76.66, 38.58], [-76.675, 38.61], [-76.67, 38.54], [-76.64, 38.455], [-76.41, 38.27], [-76.365, 38.195], [-76.335, 38.14], [-76.34, 38.085], [-76.4, 38.125], [-76.455, 38.175], [-76.595, 38.23], [-76.77, 38.265], [-76.87, 38.39], [-76.87, 38.335], [-76.89, 38.29], [-76.95, 38.345], [-76.99, 38.395], [-77.0, 38.445], [-77.075, 38.44], [-77.155, 38.395], [-77.235, 38.41], [-77.24, 38.495], [-77.22, 38.54], [-77.135, 38.65], [-77.055, 38.705], [-77.02, 38.78], [-77.03, 38.89], [-77.045, 38.775], [-77.09, 38.72], [-77.165, 38.675], [-77.26, 38.6], [-77.285, 38.53], [-77.315, 38.395], [-77.275, 38.35], [-77.23, 38.34], [-77.11, 38.37], [-77.045, 38.355], [-76.905, 38.195], [-76.645, 38.135], [-76.55, 38.095], [-76.47, 38.01], [-76.355, 37.965], [-76.265, 37.895], [-76.26, 37.85], [-76.295, 37.795], [-76.305, 37.72], [-76.345, 37.675], [-76.435, 37.67], [-76.49, 37.68], [-76.795, 37.94], [-76.83, 37.96], [-76.94, 38.095], [-77.07, 38.165], [-77.11, 38.165], [-76.925, 38.035], [-76.85, 37.94], [-76.715, 37.81], [-76.62, 37.755], [-76.55, 37.67], [-76.485, 37.63], [-76.305, 37.57], [-76.37, 37.53], [-76.27, 37.495], [-76.255, 37.43], [-76.265, 37.355], [-76.4, 37.385], [-76.405, 37.33], [-76.395, 37.3], [-76.455, 37.275], [-76.54, 37.31], [-76.76, 37.505], [-76.755, 37.48], [-76.74, 37.45], [-76.61, 37.325], [-76.495, 37.245], [-76.4, 37.215], [-76.325, 37.15], [-76.3, 37.11], [-76.285, 37.055], [-76.34, 37.015], [-76.4, 36.99], [-76.46, 37.03], [-76.505, 37.07], [-76.6, 37.145], [-76.63, 37.22], [-76.705, 37.22], [-77.005, 37.32], [-77.25, 37.33], [-77.225, 37.31], [-77.195, 37.295], [-77.0, 37.27], [-76.925, 37.225], [-76.765, 37.185], [-76.67, 37.175], [-76.635, 37.045], [-76.505, 36.96], [-76.49, 36.895], [-76.4, 36.89], [-76.245, 36.955], [-76.145, 36.93], [-76.0, 36.915], [-75.965, 36.86], [-75.94, 36.765], [-75.89, 36.655], [-75.76, 36.23], [-75.56, 35.88], [-75.535, 35.82], [-75.58, 35.87], [-75.73, 36.105], [-75.81, 36.27], [-75.895, 36.565], [-75.92, 36.635], [-75.945, 36.66], [-75.965, 36.64], [-75.975, 36.6], [-75.96, 36.57], [-75.995, 36.475], [-75.98, 36.43], [-75.925, 36.385], [-75.865, 36.27], [-75.82, 36.115], [-75.885, 36.175], [-75.95, 36.21], [-76.055, 36.235], [-76.15, 36.28], [-76.14, 36.215], [-76.15, 36.145], [-76.22, 36.165], [-76.27, 36.19], [-76.225, 36.115], [-76.32, 36.14], [-76.385, 36.135], [-76.425, 36.07], [-76.48, 36.03], [-76.56, 36.015], [-76.68, 36.075], [-76.72, 36.15], [-76.735, 36.23], [-76.74, 36.135], [-76.72, 36.035], [-76.725, 35.96], [-76.61, 35.945], [-76.505, 35.955], [-76.36, 35.955], [-76.265, 35.965], [-76.205, 35.99], [-76.07, 35.97], [-76.06, 35.88], [-76.075, 35.79], [-76.085, 35.69], [-76.045, 35.69], [-76.0, 35.72], [-75.98, 35.895], [-75.855, 35.96], [-75.81, 35.955], [-75.77, 35.9], [-75.76, 35.845], [-75.745, 35.765], [-75.775, 35.645], [-75.965, 35.51], [-76.105, 35.38], [-76.175, 35.355], [-76.275, 35.37], [-76.39, 35.4], [-76.445, 35.41], [-76.49, 35.395], [-76.515, 35.435], [-76.53, 35.51], [-76.575, 35.53], [-76.61, 35.53], [-76.635, 35.455], [-76.74, 35.43], [-76.885, 35.465], [-77.04, 35.525], [-76.975, 35.46], [-76.595, 35.33], [-76.555, 35.305], [-76.515, 35.27], [-76.565, 35.215], [-76.61, 35.155], [-76.615, 35.105], [-76.63, 35.075], [-76.78, 34.99], [-76.86, 35.005], [-77.07, 35.155], [-76.975, 35.025], [-76.9, 34.97], [-76.745, 34.94], [-76.455, 34.99], [-76.36, 34.935], [-76.44, 34.845], [-76.515, 34.775], [-76.62, 34.77], [-76.705, 34.75], [-76.735, 34.705], [-76.795, 34.705], [-76.895, 34.7], [-77.05, 34.695], [-77.135, 34.71], [-77.25, 34.615], [-77.295, 34.605], [-77.36, 34.62], [-77.385, 34.695], [-77.41, 34.73], [-77.415, 34.59], [-77.4, 34.555], [-77.38, 34.525], [-77.52, 34.45], [-77.65, 34.36], [-77.695, 34.33], [-77.75, 34.285], [-77.86, 34.15], [-77.89, 34.05], [-77.93, 33.94], [-77.935, 33.99], [-77.925, 34.075], [-77.955, 34.17], [-77.97, 33.995], [-78.015, 33.91], [-78.405, 33.92], [-78.58, 33.875], [-78.84, 33.725], [-78.92, 33.66], [-79.14, 33.405], [-79.195, 33.245], [-79.24, 33.31], [-79.225, 33.365], [-79.225, 33.405], [-79.28, 33.315], [-79.23, 33.185], [-79.275, 33.135], [-79.42, 33.045], [-79.5, 33.025], [-79.585, 33.0], [-79.615, 32.91], [-79.735, 32.825], [-79.805, 32.785], [-79.935, 32.81], [-79.895, 32.73], [-79.94, 32.665], [-80.02, 32.62], [-80.125, 32.59], [-80.18, 32.595], [-80.23, 32.575], [-80.27, 32.535], [-80.365, 32.5], [-80.46, 32.52], [-80.57, 32.535], [-80.635, 32.51], [-80.53, 32.475], [-80.475, 32.425], [-80.485, 32.35], [-80.515, 32.325], [-80.58, 32.285], [-80.61, 32.295], [-80.625, 32.325], [-80.645, 32.395], [-80.68, 32.38], [-80.685, 32.35], [-80.71, 32.335], [-80.805, 32.45], [-80.8, 32.365], [-80.765, 32.3], [-80.735, 32.265], [-80.7, 32.245], [-80.695, 32.215], [-80.76, 32.14], [-80.79, 32.125], [-80.85, 32.115], [-80.88, 32.07], [-80.87, 32.03], [-80.925, 31.945], [-81.045, 31.89], [-81.085, 31.895], [-81.115, 31.88], [-81.095, 31.84], [-81.065, 31.815], [-81.065, 31.79], [-81.1, 31.755], [-81.16, 31.745], [-81.2, 31.705], [-81.185, 31.665], [-81.165, 31.645], [-81.17, 31.61], [-81.24, 31.575], [-81.26, 31.54], [-81.225, 31.53], [-81.195, 31.54], [-81.175, 31.53], [-81.22, 31.47], [-81.26, 31.435], [-81.295, 31.37], [-81.38, 31.355], [-81.38, 31.33], [-81.33, 31.315], [-81.29, 31.265], [-81.365, 31.17], [-81.415, 31.18], [-81.44, 31.2], [-81.46, 31.125], [-81.455, 31.09], [-81.47, 31.01], [-81.5, 30.915], [-81.52, 30.875], [-81.515, 30.8], [-81.505, 30.73], [-81.455, 30.64], [-81.385, 30.27], [-81.335, 30.14], [-81.25, 29.795], [-81.105, 29.455], [-80.9, 29.05], [-80.565, 28.555], [-80.525, 28.485], [-80.57, 28.425], [-80.58, 28.365], [-80.585, 28.27], [-80.575, 28.18], [-80.535, 28.07], [-80.455, 27.9], [-80.5, 27.935], [-80.61, 28.18], [-80.625, 28.32], [-80.605, 28.525], [-80.635, 28.52], [-80.655, 28.45], [-80.665, 28.375], [-80.695, 28.345], [-80.73, 28.465], [-80.73, 28.515], [-80.69, 28.58], [-80.7, 28.6], [-80.765, 28.635], [-80.78, 28.685], [-80.77, 28.73], [-80.81, 28.76], [-80.84, 28.76], [-80.82, 28.635], [-80.785, 28.56], [-80.75, 28.38], [-80.685, 28.27], [-80.65, 28.18], [-80.225, 27.205], [-80.125, 27.085], [-80.09, 26.995], [-80.05, 26.81], [-80.04, 26.57], [-80.11, 26.13], [-80.125, 25.835], [-80.135, 25.845], [-80.145, 25.875], [-80.16, 25.88], [-80.22, 25.74], [-80.3, 25.62], [-80.33, 25.425], [-80.365, 25.33], [-80.485, 25.23], [-80.56, 25.23], [-80.735, 25.155], [-80.86, 25.175], [-81.01, 25.135], [-81.11, 25.14], [-81.165, 25.23], [-81.16, 25.27], [-81.135, 25.31], [-81.1, 25.32], [-80.965, 25.225], [-80.94, 25.265], [-80.98, 25.31], [-81.055, 25.34], [-81.115, 25.365], [-81.225, 25.585], [-81.345, 25.73], [-81.365, 25.83], [-81.57, 25.89], [-81.715, 25.985], [-81.81, 26.145], [-81.865, 26.435], [-81.93, 26.465], [-81.96, 26.49], [-81.895, 26.595], [-81.83, 26.685], [-81.88, 26.665], [-81.92, 26.63], [-81.97, 26.55], [-82.005, 26.54], [-82.04, 26.55], [-82.08, 26.705], [-82.065, 26.89], [-82.015, 26.96], [-82.095, 26.965], [-82.18, 26.935], [-82.17, 26.875], [-82.18, 26.84], [-82.245, 26.85], [-82.29, 26.87], [-82.355, 26.935], [-82.44, 27.06], [-82.62, 27.4], [-82.655, 27.45], [-82.715, 27.5], [-82.685, 27.515], [-82.635, 27.525], [-82.52, 27.68], [-82.43, 27.77], [-82.4, 27.835], [-82.405, 27.865], [-82.445, 27.905], [-82.5, 27.87], [-82.52, 27.88], [-82.58, 27.96], [-82.635, 27.98], [-82.675, 27.965], [-82.635, 27.9], [-82.595, 27.875], [-82.61, 27.775], [-82.625, 27.745], [-82.66, 27.72], [-82.715, 27.735], [-82.745, 27.71], [-82.775, 27.735], [-82.81, 27.775], [-82.845, 27.845], [-82.75, 28.235], [-82.66, 28.485], [-82.65, 28.77], [-82.645, 28.81], [-82.65, 28.89], [-82.77, 29.05], [-83.29, 29.45], [-83.695, 29.925], [-84.045, 30.105], [-84.31, 30.065], [-84.355, 30.03], [-84.375, 29.98], [-84.36, 29.93], [-84.385, 29.905], [-84.455, 29.91], [-84.55, 29.9], [-84.8, 29.775], [-84.89, 29.78], [-84.97, 29.745], [-85.03, 29.72], [-85.185, 29.71], [-85.32, 29.68], [-85.375, 29.695], [-85.415, 29.77], [-85.415, 29.84], [-85.385, 29.785], [-85.335, 29.74], [-85.315, 29.76], [-85.305, 29.8], [-85.355, 29.875], [-85.505, 29.975], [-85.675, 30.12], [-85.625, 30.115], [-85.61, 30.15], [-85.665, 30.19], [-85.64, 30.235], [-85.605, 30.285], [-85.675, 30.28], [-85.74, 30.245], [-85.745, 30.2], [-85.755, 30.165], [-85.79, 30.17], [-85.855, 30.215], [-86.175, 30.335], [-86.455, 30.4], [-86.24, 30.43], [-86.125, 30.405], [-86.14, 30.44], [-86.165, 30.465], [-86.255, 30.495], [-86.375, 30.48], [-86.45, 30.495], [-86.525, 30.465], [-86.605, 30.425], [-86.68, 30.405], [-86.97, 30.37], [-87.2, 30.34], [-87.165, 30.375], [-87.125, 30.395], [-86.985, 30.43], [-86.965, 30.5], [-87.0, 30.57], [-87.035, 30.555], [-87.07, 30.5], [-87.12, 30.54], [-87.17, 30.54], [-87.185, 30.455], [-87.25, 30.395], [-87.28, 30.34], [-87.475, 30.295], [-87.5, 30.31], [-87.445, 30.365], [-87.45, 30.395], [-87.515, 30.37], [-87.62, 30.265], [-88.005, 30.23], [-87.985, 30.255], [-87.905, 30.26], [-87.79, 30.29], [-87.815, 30.345], [-87.855, 30.405], [-87.9, 30.415], [-87.925, 30.45], [-87.925, 30.56], [-87.95, 30.625], [-88.01, 30.695], [-88.03, 30.68], [-88.08, 30.565], [-88.115, 30.415], [-88.135, 30.365], [-88.25, 30.365], [-88.35, 30.375], [-88.69, 30.355], [-88.82, 30.405], [-88.875, 30.415], [-88.905, 30.415], [-89.055, 30.37], [-89.225, 30.33], [-89.265, 30.345], [-89.32, 30.345], [-89.445, 30.225], [-89.59, 30.165], [-89.955, 30.27], [-90.045, 30.35], [-90.125, 30.37], [-90.225, 30.38], [-90.33, 30.28], [-90.415, 30.14], [-90.285, 30.065], [-90.175, 30.03], [-89.995, 30.06], [-89.895, 30.125], [-89.81, 30.125], [-89.775, 30.135], [-89.735, 30.17], [-89.67, 30.145], [-89.665, 30.115], [-89.715, 30.08], [-89.775, 30.045], [-89.815, 30.005], [-89.745, 29.93], [-89.63, 29.905], [-89.59, 29.915], [-89.565, 30.0], [-89.495, 30.06], [-89.4, 30.045], [-89.415, 30.01], [-89.4, 29.98], [-89.36, 29.92], [-89.365, 29.84], [-89.355, 29.82], [-89.455, 29.785], [-89.53, 29.77], [-89.59, 29.725], [-89.56, 29.7], [-89.62, 29.675], [-89.66, 29.685], [-89.685, 29.675], [-89.69, 29.645], [-89.72, 29.62], [-89.675, 29.54], [-89.58, 29.485], [-89.515, 29.42], [-89.245, 29.335], [-89.18, 29.335], [-89.115, 29.25], [-89.065, 29.22], [-89.015, 29.205], [-89.02, 29.145], [-89.11, 29.1], [-89.135, 29.045], [-89.155, 29.015], [-89.195, 29.055], [-89.235, 29.08], [-89.33, 29.0], [-89.375, 28.98], [-89.355, 29.07], [-89.39, 29.105], [-89.445, 29.195], [-89.52, 29.25], [-89.575, 29.27], [-89.62, 29.3], [-89.67, 29.315], [-89.715, 29.315], [-89.79, 29.335], [-89.795, 29.38], [-89.82, 29.415], [-89.875, 29.46], [-90.16, 29.535], [-90.16, 29.505], [-90.14, 29.48], [-90.1, 29.465], [-90.05, 29.43], [-90.055, 29.335], [-90.075, 29.295], [-90.085, 29.24], [-90.1, 29.18], [-90.135, 29.135], [-90.215, 29.105], [-90.245, 29.13], [-90.3, 29.255], [-90.38, 29.295], [-90.5, 29.3], [-90.585, 29.27], [-90.675, 29.15], [-90.75, 29.13], [-91.005, 29.195], [-91.29, 29.29], [-91.285, 29.32], [-91.24, 29.33], [-91.15, 29.32], [-91.155, 29.35], [-91.245, 29.455], [-91.26, 29.505], [-91.25, 29.565], [-91.28, 29.565], [-91.33, 29.515], [-91.515, 29.555], [-91.565, 29.605], [-91.67, 29.745], [-91.825, 29.75], [-91.895, 29.835], [-92.015, 29.8], [-92.08, 29.76], [-92.135, 29.7], [-92.115, 29.67], [-92.06, 29.615], [-92.085, 29.595], [-92.26, 29.555], [-92.67, 29.595], [-92.79, 29.635], [-92.95, 29.715], [-93.175, 29.78], [-93.285, 29.79], [-93.39, 29.775], [-93.695, 29.77], [-93.765, 29.755], [-93.825, 29.725], [-93.865, 29.755], [-93.885, 29.81], [-93.85, 29.82], [-93.81, 29.85], [-93.775, 29.915], [-93.77, 29.95], [-93.795, 29.975], [-93.84, 29.98], [-93.945, 29.815], [-93.885, 29.725], [-93.89, 29.69], [-94.1, 29.67], [-94.575, 29.485], [-94.76, 29.385], [-94.75, 29.42], [-94.525, 29.55], [-94.605, 29.57], [-94.735, 29.535], [-94.78, 29.55], [-94.725, 29.655], [-94.74, 29.75], [-94.83, 29.755], [-94.89, 29.675], [-94.93, 29.68], [-94.98, 29.715], [-95.025, 29.7], [-94.995, 29.53], [-94.935, 29.46], [-94.89, 29.37], [-95.02, 29.26], [-95.14, 29.17], [-95.15, 29.08], [-95.275, 28.965], [-95.39, 28.9], [-95.655, 28.745], [-95.73, 28.71], [-95.855, 28.64], [-96.02, 28.585], [-96.18, 28.5], [-96.235, 28.49], [-96.13, 28.56], [-96.01, 28.63], [-96.115, 28.62], [-96.275, 28.655], [-96.375, 28.655], [-96.375, 28.63], [-96.45, 28.595], [-96.525, 28.65], [-96.56, 28.685], [-96.575, 28.715], [-96.61, 28.725], [-96.64, 28.71], [-96.525, 28.49], [-96.475, 28.48], [-96.42, 28.455], [-96.49, 28.405], [-96.56, 28.365], [-96.675, 28.34], [-96.775, 28.42], [-96.795, 28.32], [-96.805, 28.22], [-96.84, 28.195], [-96.89, 28.16], [-96.92, 28.185], [-96.935, 28.225], [-96.965, 28.19], [-97.015, 28.165], [-97.095, 28.16], [-97.155, 28.145], [-97.155, 28.105], [-97.14, 28.06], [-97.035, 28.095], [-97.075, 27.985], [-97.17, 27.88], [-97.25, 27.855], [-97.375, 27.87], [-97.405, 27.86], [-97.43, 27.835], [-97.29, 27.67], [-97.38, 27.42], [-97.44, 27.33], [-97.48, 27.315], [-97.525, 27.315], [-97.68, 27.395], [-97.77, 27.46], [-97.69, 27.285], [-97.485, 27.235], [-97.475, 27.175], [-97.475, 27.12], [-97.515, 27.055], [-97.555, 26.965], [-97.525, 26.91], [-97.495, 26.76], [-97.465, 26.69], [-97.435, 26.485], [-97.4, 26.395], [-97.215, 26.07], [-97.15, 26.065], [-97.14, 26.03], [-97.145, 25.96], [-97.28, 25.94], [-97.34, 25.91], [-97.35, 25.885], [-97.36, 25.87], [-97.375, 25.87], [-97.44, 25.89], [-97.585, 25.985], [-97.8, 26.04], [-98.085, 26.065], [-98.275, 26.11], [-98.38, 26.18], [-98.485, 26.225], [-98.6, 26.24], [-98.69, 26.275], [-98.765, 26.34], [-98.875, 26.38], [-99.015, 26.4], [-99.11, 26.445], [-99.17, 26.565], [-99.23, 26.76], [-99.3, 26.885], [-99.445, 27.035], [-99.455, 27.055], [-99.46, 27.08], [-99.44, 27.17], [-99.455, 27.235], [-99.5, 27.285], [-99.51, 27.34], [-99.485, 27.4], [-99.485, 27.465], [-99.505, 27.55], [-99.595, 27.635], [-99.755, 27.73], [-99.89, 27.865], [-100.0, 28.05], [-100.11, 28.175], [-100.22, 28.245], [-100.295, 28.33], [-100.335, 28.43], [-100.35, 28.485], [-100.33, 28.505], [-100.4, 28.615], [-100.55, 28.82], [-100.635, 28.975], [-100.66, 29.07], [-100.755, 29.185], [-100.925, 29.315], [-101.015, 29.4], [-101.04, 29.46], [-101.305, 29.635], [-101.38, 29.745], [-101.44, 29.775], [-101.51, 29.775], [-101.545, 29.785], [-101.545, 29.81], [-101.57, 29.81], [-101.61, 29.785], [-101.75, 29.78], [-101.99, 29.795], [-102.165, 29.825], [-102.27, 29.87], [-102.345, 29.865], [-102.385, 29.805], [-102.475, 29.77], [-102.615, 29.75], [-102.735, 29.645], [-102.835, 29.445], [-102.88, 29.315], [-102.865, 29.26], [-102.89, 29.215], [-102.955, 29.19], [-103.025, 29.13], [-103.09, 29.04], [-103.17, 29.0], [-103.26, 29.0], [-103.425, 29.07], [-103.665, 29.205], [-103.855, 29.29], [-103.99, 29.325], [-104.11, 29.385], [-104.215, 29.48], [-104.31, 29.54], [-104.4, 29.575], [-104.505, 29.68], [-104.62, 29.855], [-104.68, 29.99], [-104.68, 30.135], [-104.835, 30.45], [-104.92, 30.585], [-104.98, 30.645], [-105.1, 30.72], [-105.275, 30.805], [-105.515, 30.98], [-105.815, 31.24], [-106.025, 31.4], [-106.15, 31.45], [-106.255, 31.545], [-106.345, 31.68], [-106.435, 31.765], [-106.445, 31.77], [-106.455, 31.77], [-106.675, 31.77], [-106.895, 31.77], [-107.115, 31.775], [-107.335, 31.775], [-107.55, 31.775], [-107.77, 31.775], [-107.99, 31.78], [-108.21, 31.78], [-108.21, 31.665], [-108.215, 31.555], [-108.215, 31.44], [-108.215, 31.33], [-108.57, 31.33], [-108.92, 31.33], [-109.275, 31.325], [-109.63, 31.325], [-109.98, 31.325], [-110.335, 31.325], [-110.69, 31.325], [-111.04, 31.325], [-111.515, 31.47], [-111.99, 31.62], [-112.465, 31.77], [-112.94, 31.915], [-113.415, 32.065], [-113.885, 32.21], [-114.36, 32.36], [-114.835, 32.51], [-114.79, 32.565], [-114.725, 32.715], [-114.84, 32.705], [-115.125, 32.685], [-115.41, 32.66], [-115.7, 32.64], [-115.985, 32.62], [-116.27, 32.6], [-116.555, 32.575], [-116.84, 32.555], [-117.13, 32.535], [-117.13, 32.54], [-117.135, 32.65], [-117.185, 32.69], [-117.245, 32.665], [-117.27, 32.805], [-117.255, 32.875], [-117.265, 32.94], [-117.32, 33.1], [-117.465, 33.295], [-117.79, 33.54], [-117.95, 33.62], [-118.08, 33.72], [-118.16, 33.75], [-118.265, 33.76], [-118.295, 33.71], [-118.41, 33.745], [-118.395, 33.86], [-118.505, 34.015], [-118.6, 34.035], [-118.83, 34.025], [-119.145, 34.11], [-119.235, 34.165], [-119.27, 34.255], [-119.415, 34.34], [-119.605, 34.42], [-119.715, 34.4], [-119.855, 34.41], [-120.055, 34.47], [-120.17, 34.475], [-120.395, 34.46], [-120.48, 34.47], [-120.56, 34.545], [-120.645, 34.58], [-120.625, 34.67], [-120.64, 34.75], [-120.625, 34.81], [-120.665, 34.95], [-120.635, 35.075], [-120.66, 35.12], [-120.705, 35.16], [-120.855, 35.21], [-120.885, 35.275], [-120.86, 35.365], [-120.9, 35.425], [-121.025, 35.48], [-121.14, 35.605], [-121.285, 35.675], [-121.345, 35.79], [-121.435, 35.865], [-121.465, 35.925], [-121.665, 36.155], [-121.875, 36.33], [-121.91, 36.435], [-121.92, 36.57], [-121.835, 36.655], [-121.79, 36.73], [-121.795, 36.8], [-121.805, 36.85], [-121.88, 36.94], [-122.165, 36.99], [-122.395, 37.21], [-122.41, 37.375], [-122.5, 37.545], [-122.5, 37.655], [-122.515, 37.77], [-122.445, 37.8], [-122.385, 37.79], [-122.39, 37.74], [-122.37, 37.655], [-122.3, 37.59], [-122.23, 37.565], [-122.165, 37.5], [-122.12, 37.485], [-122.07, 37.48], [-122.095, 37.52], [-122.125, 37.545], [-122.16, 37.625], [-122.22, 37.73], [-122.295, 37.79], [-122.335, 37.895], [-122.365, 37.92], [-122.385, 37.96], [-122.315, 38.005], [-122.215, 38.04], [-122.085, 38.05], [-121.715, 38.035], [-121.64, 38.06], [-121.575, 38.05], [-121.525, 38.055], [-121.625, 38.085], [-121.68, 38.075], [-121.75, 38.08], [-121.88, 38.075], [-121.935, 38.085], [-121.995, 38.12], [-122.03, 38.125], [-122.155, 38.065], [-122.21, 38.075], [-122.335, 38.135], [-122.395, 38.145], [-122.485, 38.11], [-122.495, 37.955], [-122.465, 37.84], [-122.52, 37.825], [-122.585, 37.875], [-122.68, 37.9], [-122.76, 37.945], [-122.875, 38.025], [-122.93, 38.055], [-123.0, 37.99], [-123.0, 38.02], [-122.97, 38.095], [-122.98, 38.225], [-122.875, 38.125], [-122.91, 38.195], [-122.985, 38.275], [-123.045, 38.305], [-123.12, 38.45], [-123.29, 38.535], [-123.425, 38.675], [-123.7, 38.905], [-123.72, 39.11], [-123.82, 39.37], [-123.78, 39.515], [-123.785, 39.62], [-123.835, 39.775], [-123.885, 39.86], [-124.11, 40.095], [-124.325, 40.25], [-124.355, 40.37], [-124.37, 40.49], [-124.325, 40.6], [-124.285, 40.71], [-124.255, 40.74], [-124.24, 40.73], [-124.25, 40.705], [-124.22, 40.695], [-124.21, 40.745], [-124.19, 40.77], [-124.225, 40.775], [-124.22, 40.79], [-124.2, 40.82], [-124.135, 40.97], [-124.14, 41.155], [-124.07, 41.385], [-124.07, 41.46], [-124.12, 41.62], [-124.165, 41.72], [-124.245, 41.79], [-124.21, 41.89], [-124.21, 41.985], [-124.355, 42.125], [-124.41, 42.305], [-124.42, 42.38], [-124.405, 42.585], [-124.445, 42.67], [-124.54, 42.815], [-124.5, 42.935], [-124.455, 43.01], [-124.345, 43.34], [-124.32, 43.37], [-124.275, 43.365], [-124.195, 43.425], [-124.235, 43.435], [-124.29, 43.41], [-124.24, 43.54], [-124.185, 43.65], [-124.15, 43.69], [-124.13, 44.055], [-124.1, 44.335], [-124.045, 44.425], [-124.065, 44.52], [-124.045, 44.65], [-124.06, 44.78], [-123.95, 45.4], [-123.965, 45.475], [-123.93, 45.575], [-123.96, 45.845], [-123.945, 46.14], [-123.975, 46.18], [-123.99, 46.22], [-123.965, 46.225], [-123.91, 46.18], [-123.675, 46.185], [-123.52, 46.225], [-123.465, 46.21], [-123.4, 46.155], [-123.32, 46.145], [-123.22, 46.155], [-123.25, 46.165], [-123.3, 46.17], [-123.405, 46.22], [-123.465, 46.27], [-123.65, 46.27], [-123.69, 46.3], [-123.895, 46.27], [-123.96, 46.3], [-124.075, 46.28], [-124.045, 46.375], [-124.05, 46.49], [-124.045, 46.605], [-124.015, 46.52], [-123.945, 46.435], [-123.91, 46.535], [-123.89, 46.66], [-123.96, 46.71], [-124.07, 46.745], [-124.115, 46.865], [-123.845, 46.965], [-123.985, 46.985], [-124.04, 47.03], [-124.11, 47.035], [-124.115, 47.0], [-124.14, 46.955], [-124.165, 47.015], [-124.17, 47.085], [-124.2, 47.21], [-124.31, 47.405], [-124.375, 47.66], [-124.46, 47.785], [-124.62, 47.905], [-124.665, 47.975], [-124.7, 48.15], [-124.68, 48.285], [-124.71, 48.38], [-124.635, 48.375], [-124.43, 48.3], [-124.175, 48.24], [-124.1, 48.2], [-123.975, 48.17], [-123.295, 48.12], [-123.25, 48.125], [-123.16, 48.155], [-123.125, 48.15], [-123.025, 48.08], [-122.975, 48.075], [-122.91, 48.075], [-122.86, 48.09], [-122.78, 48.14], [-122.77, 48.12], [-122.77, 48.075], [-122.74, 48.015], [-122.68, 47.93], [-122.655, 47.88], [-122.78, 47.74], [-122.8, 47.735], [-122.805, 47.785], [-122.82, 47.795], [-123.05, 47.55], [-123.13, 47.44], [-123.14, 47.385], [-123.135, 47.355], [-123.105, 47.35], [-123.03, 47.36], [-122.92, 47.41], [-122.915, 47.42], [-123.02, 47.4], [-123.065, 47.4], [-123.06, 47.455], [-123.05, 47.48], [-122.98, 47.56], [-122.915, 47.605], [-122.815, 47.66], [-122.755, 47.7], [-122.72, 47.76], [-122.61, 47.835], [-122.59, 47.855], [-122.595, 47.915], [-122.585, 47.93], [-122.535, 47.92], [-122.51, 47.815], [-122.525, 47.77], [-122.62, 47.715], [-122.63, 47.695], [-122.615, 47.615], [-122.63, 47.61], [-122.665, 47.615], [-122.675, 47.61], [-122.585, 47.53], [-122.555, 47.465], [-122.555, 47.405], [-122.58, 47.295], [-122.605, 47.275], [-122.65, 47.28], [-122.71, 47.315], [-122.72, 47.305], [-122.77, 47.22], [-122.785, 47.225], [-122.815, 47.33], [-122.83, 47.335], [-122.92, 47.29], [-122.955, 47.245], [-122.99, 47.175], [-123.03, 47.14], [-122.915, 47.13], [-122.81, 47.145], [-122.73, 47.11], [-122.7, 47.11], [-122.625, 47.145], [-122.605, 47.165], [-122.54, 47.275], [-122.51, 47.295], [-122.465, 47.295], [-122.42, 47.31], [-122.355, 47.37], [-122.35, 47.395], [-122.375, 47.53], [-122.37, 47.605], [-122.38, 47.63], [-122.41, 47.655], [-122.405, 47.675], [-122.385, 47.715], [-122.38, 47.75], [-122.4, 47.785], [-122.395, 47.82], [-122.33, 47.9], [-122.32, 47.935], [-122.24, 48.01], [-122.26, 48.04], [-122.315, 48.08], [-122.355, 48.115], [-122.39, 48.165], [-122.415, 48.185], [-122.425, 48.175], [-122.385, 48.09], [-122.395, 48.085], [-122.495, 48.13], [-122.515, 48.16], [-122.53, 48.2], [-122.52, 48.23], [-122.465, 48.26], [-122.405, 48.27], [-122.41, 48.295], [-122.49, 48.375], [-122.54, 48.41], [-122.585, 48.43], [-122.64, 48.435], [-122.66, 48.445], [-122.67, 48.465], [-122.655, 48.49], [-122.63, 48.5], [-122.545, 48.49], [-122.495, 48.505], [-122.5, 48.54], [-122.515, 48.555], [-122.515, 48.67], [-122.545, 48.76], [-122.56, 48.78], [-122.58, 48.78], [-122.6, 48.765], [-122.655, 48.765], [-122.685, 48.795], [-122.72, 48.855], [-122.79, 48.995], [-122.685, 48.995], [-122.26, 48.995], [-121.835, 48.995], [-121.405, 48.995], [-120.98, 48.995], [-120.555, 48.995], [-120.13, 48.995], [-119.7, 48.995], [-119.275, 48.995], [-118.85, 48.995], [-118.425, 48.995], [-117.995, 48.995], [-117.57, 48.995], [-117.145, 48.995], [-116.715, 48.995], [-116.29, 48.995], [-115.865, 48.995], [-115.44, 48.995], [-115.01, 48.995], [-114.585, 48.995], [-114.16, 48.995], [-113.73, 48.995], [-113.305, 48.995], [-112.88, 48.995], [-112.455, 48.995], [-112.025, 48.995], [-111.6, 48.995], [-111.175, 48.995], [-110.75, 48.995], [-110.32, 48.995], [-109.895, 48.995], [-109.47, 48.995], [-109.04, 48.995], [-108.615, 48.995], [-108.19, 48.995], [-107.765, 48.995], [-107.335, 48.995], [-106.91, 48.995], [-106.485, 48.995], [-106.055, 48.995], [-105.63, 48.995], [-105.205, 48.995], [-104.78, 48.995], [-104.35, 48.995], [-103.925, 48.995], [-103.5, 48.995], [-103.075, 48.995], [-102.645, 48.995], [-102.22, 48.995], [-101.795, 48.995], [-101.365, 48.995], [-100.94, 48.995], [-100.515, 48.995], [-100.09, 48.995], [-99.66, 48.995], [-99.235, 48.995], [-98.81, 48.995], [-98.385, 48.995], [-97.955, 48.995], [-97.53, 48.995], [-97.105, 48.995], [-96.675, 48.995], [-96.25, 48.995], [-95.825, 48.995], [-95.4, 48.995], [-95.16, 48.99], [-95.16, 49.205], [-95.155, 49.37], [-94.94, 49.35], [-94.875, 49.32], [-94.855, 49.305], [-94.86, 49.26], [-94.845, 49.12], [-94.805, 49.005], [-94.715, 48.865], [-94.705, 48.81], [-94.675, 48.775], [-94.62, 48.745], [-94.415, 48.705], [-94.055, 48.66], [-93.85, 48.605], [-93.805, 48.55], [-93.71, 48.525], [-93.565, 48.535], [-93.465, 48.56], [-93.38, 48.615], [-93.26, 48.63], [-93.155, 48.625], [-93.05, 48.62], [-92.995, 48.61], [-92.835, 48.57], [-92.735, 48.53], [-92.585, 48.465], [-92.5, 48.435], [-92.46, 48.365], [-92.415, 48.275], [-92.35, 48.275], [-92.3, 48.33], [-92.17, 48.34], [-92.005, 48.3], [-91.86, 48.2], [-91.645, 48.105], [-91.52, 48.06], [-91.385, 48.06], [-91.22, 48.105], [-91.045, 48.195], [-90.915, 48.21], [-90.84, 48.2], [-90.795, 48.13], [-90.745, 48.105], [-90.605, 48.115], [-90.32, 48.1], [-90.09, 48.12], [-90.04, 48.08], [-89.995, 48.015], [-89.9, 47.995], [-89.775, 48.015], [-89.55, 48.0], [-89.455, 47.995], [-89.275, 48.02], [-89.185, 48.045], [-89.065, 48.095], [-88.9, 48.155], [-88.61, 48.265], [-88.38, 48.305], [-88.16, 48.225], [-87.985, 48.155], [-87.92, 48.13], [-87.745, 48.06], [-87.495, 47.96], [-87.21, 47.85], [-86.92, 47.735], [-86.67, 47.635], [-86.495, 47.565], [-86.43, 47.54], [-86.235, 47.46], [-86.04, 47.38], [-85.845, 47.3], [-85.65, 47.22], [-85.46, 47.14], [-85.265, 47.06], [-85.07, 46.98], [-84.875, 46.9], [-84.825, 46.765], [-84.78, 46.635], [-84.665, 46.545], [-84.56, 46.455], [-84.5, 46.46], [-84.44, 46.5], [-84.4, 46.515], [-84.335, 46.52], [-84.19, 46.55], [-84.15, 46.545], [-84.125, 46.525], [-84.125, 46.505], [-84.13, 46.485], [-84.15, 46.445], [-84.115, 46.37], [-84.11, 46.29], [-84.09, 46.225], [-84.03, 46.145], [-83.98, 46.085], [-83.915, 46.075], [-83.765, 46.11], [-83.67, 46.125], [-83.615, 46.115], [-83.525, 46.06], [-83.48, 46.025], [-83.47, 45.995], [-83.595, 45.815], [-83.395, 45.73], [-83.18, 45.635], [-82.92, 45.52], [-82.76, 45.45], [-82.55, 45.345], [-82.515, 45.205], [-82.485, 45.085], [-82.445, 44.915], [-82.405, 44.745], [-82.37, 44.575], [-82.325, 44.39], [-82.28, 44.19], [-82.24, 44.015], [-82.195, 43.82], [-82.14, 43.57], [-82.19, 43.475], [-82.305, 43.265], [-82.41, 43.075], [-82.415, 43.015], [-82.49, 42.74], [-82.545, 42.625], [-82.645, 42.56], [-82.745, 42.495], [-82.87, 42.385], [-83.005, 42.33], [-83.075, 42.3], [-83.11, 42.25], [-83.15, 42.14], [-83.14, 41.975], [-83.03, 41.835], [-82.865, 41.755], [-82.69, 41.675], [-82.44, 41.675], [-82.215, 41.78], [-81.975, 41.89], [-81.76, 41.985], [-81.505, 42.105], [-81.28, 42.21], [-81.03, 42.245], [-80.685, 42.3], [-80.25, 42.365], [-80.035, 42.44], [-79.76, 42.54], [-79.445, 42.65], [-79.175, 42.75], [-79.035, 42.8], [-78.94, 42.865], [-78.915, 42.91], [-78.92, 42.935], [-78.945, 42.96], [-78.98, 42.98], [-79.01, 42.995], [-79.025, 43.015], [-79.03, 43.06], [-79.05, 43.085], [-79.065, 43.105], [-79.06, 43.28], [-79.085, 43.33], [-79.17, 43.465], [-79.0, 43.525], [-78.845, 43.585], [-78.72, 43.625], [-78.46, 43.63], [-78.215, 43.63], [-77.88, 43.63], [-77.595, 43.63], [-77.265, 43.625], [-77.075, 43.625], [-76.82, 43.63], [-76.695, 43.785], [-76.585, 43.925], [-76.465, 44.06], [-76.25, 44.215], [-76.185, 44.24], [-76.15, 44.305], [-76.02, 44.365], [-75.875, 44.415], [-75.82, 44.47], [-75.79, 44.495], [-75.4, 44.77], [-75.18, 44.9], [-74.995, 44.97], [-74.855, 45.005], [-74.76, 45.0], [-74.71, 45.005]]], [[[-72.51, 40.985], [-72.58, 40.92], [-72.515, 40.915], [-72.46, 40.935], [-72.41, 40.97], [-72.285, 41.025], [-72.185, 41.045], [-72.15, 41.05], [-72.1, 41.015], [-72.005, 41.045], [-71.905, 41.06], [-72.34, 40.895], [-72.43, 40.875], [-72.555, 40.825], [-72.675, 40.79], [-72.765, 40.78], [-73.195, 40.655], [-73.23, 40.65], [-73.265, 40.665], [-73.62, 40.6], [-73.765, 40.595], [-73.9, 40.57], [-73.8, 40.62], [-73.8, 40.64], [-73.825, 40.655], [-73.875, 40.65], [-73.93, 40.6], [-74.015, 40.58], [-74.03, 40.64], [-74.005, 40.685], [-73.965, 40.725], [-73.88, 40.79], [-73.755, 40.835], [-73.695, 40.87], [-73.65, 40.84], [-73.645, 40.88], [-73.61, 40.905], [-73.575, 40.92], [-73.485, 40.92], [-73.44, 40.925], [-73.405, 40.94], [-73.375, 40.945], [-73.28, 40.925], [-73.185, 40.93], [-73.11, 40.955], [-73.035, 40.965], [-72.83, 40.97], [-72.625, 40.99], [-72.545, 41.025], [-72.375, 41.125], [-72.275, 41.155], [-72.425, 41.04], [-72.51, 40.985]]], [[[-68.185, 44.33], [-68.245, 44.315], [-68.31, 44.32], [-68.31, 44.27], [-68.315, 44.25], [-68.385, 44.275], [-68.41, 44.295], [-68.41, 44.365], [-68.345, 44.43], [-68.3, 44.455], [-68.24, 44.44], [-68.19, 44.365], [-68.185, 44.33]]], [[[-74.19, 40.525], [-74.235, 40.52], [-74.19, 40.615], [-74.1, 40.66], [-74.07, 40.65], [-74.065, 40.615], [-74.08, 40.585], [-74.14, 40.54], [-74.19, 40.525]]], [[[-70.51, 41.375], [-70.785, 41.325], [-70.83, 41.36], [-70.76, 41.375], [-70.675, 41.45], [-70.615, 41.455], [-70.525, 41.415], [-70.51, 41.375]]], [[[-71.24, 41.49], [-71.29, 41.465], [-71.345, 41.47], [-71.32, 41.505], [-71.305, 41.56], [-71.28, 41.62], [-71.265, 41.64], [-71.23, 41.655], [-71.24, 41.49]]], [[[-69.98, 41.265], [-70.055, 41.25], [-70.235, 41.285], [-70.085, 41.32], [-70.065, 41.33], [-70.045, 41.375], [-70.04, 41.395], [-69.985, 41.3], [-69.98, 41.265]]], [[[-75.635, 35.855], [-75.65, 35.835], [-75.715, 35.945], [-75.65, 35.91], [-75.635, 35.88], [-75.635, 35.855]]], [[[-75.545, 35.24], [-75.68, 35.215], [-75.69, 35.22], [-75.535, 35.28], [-75.49, 35.48], [-75.48, 35.57], [-75.505, 35.735], [-75.505, 35.77], [-75.48, 35.715], [-75.455, 35.565], [-75.465, 35.45], [-75.51, 35.28], [-75.545, 35.24]]], [[[-75.78, 35.19], [-75.965, 35.12], [-75.985, 35.125], [-75.865, 35.175], [-75.78, 35.19]]], [[[-76.505, 34.645], [-76.53, 34.63], [-76.435, 34.755], [-76.255, 34.915], [-76.205, 34.94], [-76.36, 34.805], [-76.505, 34.645]]], [[[-82.035, 26.455], [-82.075, 26.43], [-82.145, 26.445], [-82.185, 26.48], [-82.2, 26.55], [-82.14, 26.475], [-82.115, 26.46], [-82.035, 26.455]]], [[[-82.085, 26.55], [-82.085, 26.495], [-82.135, 26.59], [-82.17, 26.7], [-82.12, 26.665], [-82.085, 26.55]]], [[[-80.38, 25.14], [-80.58, 24.955], [-80.56, 25.0], [-80.48, 25.1], [-80.455, 25.15], [-80.405, 25.18], [-80.355, 25.235], [-80.35, 25.295], [-80.28, 25.34], [-80.255, 25.35], [-80.38, 25.14]]], [[[-91.795, 29.5], [-91.83, 29.485], [-91.995, 29.575], [-92.005, 29.61], [-91.925, 29.645], [-91.875, 29.64], [-91.795, 29.595], [-91.77, 29.585], [-91.755, 29.565], [-91.76, 29.54], [-91.795, 29.5]]], [[[-97.015, 27.9], [-97.035, 27.9], [-96.99, 27.98], [-96.98, 28.015], [-96.9, 28.115], [-96.855, 28.135], [-96.84, 28.09], [-96.92, 28.015], [-97.015, 27.9]]], [[[-96.765, 28.155], [-96.8, 28.15], [-96.755, 28.2], [-96.68, 28.23], [-96.52, 28.335], [-96.455, 28.34], [-96.42, 28.375], [-96.405, 28.38], [-96.415, 28.34], [-96.545, 28.275], [-96.765, 28.155]]], [[[-97.355, 27.3], [-97.385, 27.245], [-97.375, 27.33], [-97.295, 27.525], [-97.13, 27.78], [-97.06, 27.82], [-97.25, 27.54], [-97.355, 27.3]]], [[[-95.04, 29.145], [-95.09, 29.135], [-94.87, 29.29], [-94.825, 29.34], [-94.77, 29.34], [-94.865, 29.255], [-95.04, 29.145]]], [[[-97.17, 26.16], [-97.185, 26.115], [-97.265, 26.33], [-97.4, 26.82], [-97.405, 27.1], [-97.385, 27.195], [-97.35, 26.8], [-97.2, 26.3], [-97.17, 26.16]]], [[[-120.305, 34.025], [-120.36, 34.02], [-120.44, 34.035], [-120.415, 34.055], [-120.37, 34.075], [-120.355, 34.06], [-120.305, 34.025]]], [[[-119.44, 33.215], [-119.485, 33.215], [-119.545, 33.225], [-119.575, 33.28], [-119.525, 33.28], [-119.48, 33.275], [-119.44, 33.23], [-119.44, 33.215]]], [[[-118.35, 32.83], [-118.41, 32.82], [-118.475, 32.84], [-118.53, 32.935], [-118.59, 33.01], [-118.555, 33.035], [-118.505, 32.96], [-118.385, 32.85], [-118.35, 32.83]]], [[[-120.045, 33.92], [-120.115, 33.905], [-120.165, 33.92], [-120.25, 34.015], [-120.07, 34.025], [-119.995, 33.985], [-119.985, 33.975], [-120.045, 33.92]]], [[[-119.88, 34.08], [-119.68, 34.03], [-119.57, 34.055], [-119.55, 34.03], [-119.56, 34.005], [-119.81, 33.97], [-119.885, 33.995], [-119.89, 34.03], [-119.92, 34.07], [-119.88, 34.08]]], [[[-118.35, 33.385], [-118.295, 33.31], [-118.37, 33.32], [-118.445, 33.315], [-118.47, 33.355], [-118.49, 33.415], [-118.505, 33.425], [-118.56, 33.43], [-118.565, 33.435], [-118.57, 33.465], [-118.555, 33.475], [-118.39, 33.415], [-118.35, 33.385]]], [[[-122.78, 48.675], [-122.77, 48.65], [-122.81, 48.63], [-122.84, 48.625], [-122.885, 48.66], [-122.905, 48.665], [-122.885, 48.61], [-122.895, 48.595], [-122.985, 48.625], [-123.005, 48.65], [-122.975, 48.68], [-122.92, 48.705], [-122.9, 48.71], [-122.78, 48.675]]], [[[-123.015, 48.5], [-122.985, 48.47], [-123.095, 48.49], [-123.14, 48.51], [-123.155, 48.525], [-123.17, 48.585], [-123.16, 48.605], [-123.115, 48.615], [-123.025, 48.54], [-123.015, 48.5]]], [[[-122.575, 48.155], [-122.525, 48.025], [-122.505, 48.08], [-122.365, 47.985], [-122.365, 47.94], [-122.385, 47.925], [-122.41, 47.92], [-122.44, 47.93], [-122.46, 47.965], [-122.49, 47.98], [-122.56, 47.99], [-122.59, 48.03], [-122.605, 48.055], [-122.605, 48.13], [-122.625, 48.15], [-122.655, 48.155], [-122.69, 48.175], [-122.74, 48.225], [-122.75, 48.24], [-122.725, 48.28], [-122.67, 48.35], [-122.63, 48.385], [-122.605, 48.38], [-122.57, 48.36], [-122.535, 48.32], [-122.54, 48.295], [-122.69, 48.24], [-122.695, 48.23], [-122.625, 48.215], [-122.6, 48.2], [-122.575, 48.155]]], [[[-71.365, 41.485], [-71.395, 41.465], [-71.405, 41.515], [-71.385, 41.57], [-71.365, 41.57], [-71.355, 41.54], [-71.365, 41.485]]], [[[-74.135, 39.68], [-74.25, 39.53], [-74.255, 39.56], [-74.105, 39.745], [-74.135, 39.68]]], [[[-75.335, 37.89], [-75.38, 37.87], [-75.225, 38.07], [-75.135, 38.24], [-75.1, 38.3], [-75.135, 38.18], [-75.205, 38.07], [-75.335, 37.89]]], [[[-76.545, 34.655], [-76.57, 34.655], [-76.61, 34.665], [-76.66, 34.685], [-76.675, 34.7], [-76.62, 34.695], [-76.545, 34.655]]], [[[-81.335, 24.65], [-81.365, 24.63], [-81.38, 24.635], [-81.38, 24.665], [-81.42, 24.735], [-81.42, 24.75], [-81.32, 24.685], [-81.32, 24.67], [-81.335, 24.65]]], [[[-80.83, 24.805], [-80.85, 24.805], [-80.84, 24.82], [-80.8, 24.845], [-80.785, 24.835], [-80.785, 24.82], [-80.83, 24.805]]], [[[-80.64, 24.905], [-80.665, 24.9], [-80.625, 24.94], [-80.615, 24.94], [-80.64, 24.905]]], [[[-81.045, 24.715], [-81.09, 24.695], [-81.135, 24.71], [-81.085, 24.735], [-80.93, 24.76], [-80.99, 24.73], [-81.045, 24.715]]], [[[-81.42, 30.97], [-81.465, 30.73], [-81.485, 30.815], [-81.485, 30.9], [-81.45, 30.945], [-81.42, 30.97]]], [[[-81.565, 24.6], [-81.63, 24.59], [-81.58, 24.63], [-81.56, 24.69], [-81.53, 24.64], [-81.53, 24.615], [-81.565, 24.6]]], [[[-80.185, 27.28], [-80.17, 27.205], [-80.26, 27.375], [-80.375, 27.645], [-80.435, 27.85], [-80.395, 27.795], [-80.355, 27.68], [-80.185, 27.28]]], [[[-81.785, 24.545], [-81.81, 24.54], [-81.81, 24.56], [-81.77, 24.575], [-81.74, 24.575], [-81.74, 24.555], [-81.785, 24.545]]], [[[-88.89, 29.715], [-88.945, 29.66], [-88.94, 29.68], [-88.9, 29.735], [-88.875, 29.755], [-88.89, 29.715]]], [[[-88.56, 30.215], [-88.57, 30.205], [-88.66, 30.225], [-88.715, 30.245], [-88.725, 30.265], [-88.575, 30.23], [-88.56, 30.215]]], [[[-88.07, 30.25], [-88.16, 30.23], [-88.29, 30.235], [-88.315, 30.24], [-88.265, 30.255], [-88.11, 30.275], [-88.07, 30.25]]], [[[-89.225, 30.085], [-89.22, 30.04], [-89.27, 30.06], [-89.34, 30.065], [-89.31, 30.08], [-89.29, 30.095], [-89.275, 30.11], [-89.185, 30.17], [-89.21, 30.125], [-89.225, 30.085]]], [[[-88.825, 29.81], [-88.855, 29.775], [-88.83, 29.93], [-88.865, 30.055], [-88.825, 30.0], [-88.815, 29.935], [-88.825, 29.81]]], [[[-84.91, 29.645], [-85.01, 29.605], [-85.115, 29.635], [-85.05, 29.64], [-85.0, 29.625], [-84.875, 29.68], [-84.81, 29.72], [-84.735, 29.73], [-84.91, 29.645]]], [[[-122.855, 47.205], [-122.865, 47.185], [-122.875, 47.185], [-122.91, 47.225], [-122.91, 47.255], [-122.885, 47.275], [-122.85, 47.215], [-122.855, 47.205]]], [[[-122.395, 47.395], [-122.4, 47.375], [-122.435, 47.355], [-122.455, 47.36], [-122.46, 47.385], [-122.47, 47.39], [-122.51, 47.36], [-122.505, 47.42], [-122.485, 47.49], [-122.47, 47.49], [-122.44, 47.445], [-122.395, 47.395]]], [[[-122.495, 47.595], [-122.505, 47.575], [-122.56, 47.6], [-122.575, 47.62], [-122.575, 47.665], [-122.56, 47.7], [-122.55, 47.705], [-122.515, 47.69], [-122.51, 47.685], [-122.495, 47.595]]], [[[-122.82, 48.43], [-122.835, 48.42], [-122.89, 48.435], [-122.92, 48.455], [-122.93, 48.485], [-122.91, 48.54], [-122.885, 48.55], [-122.87, 48.55], [-122.86, 48.5], [-122.815, 48.45], [-122.82, 48.43]]], [[[-68.625, 44.195], [-68.66, 44.175], [-68.7, 44.185], [-68.705, 44.23], [-68.69, 44.25], [-68.675, 44.255], [-68.655, 44.24], [-68.625, 44.195]]]]}}, {"type": "Feature", "properties": {"id": "ESP", "nombre": "Spain"}, "geometry": {"type": "MultiPolygon", "coordinates": [[[[1.595, 38.67], [1.57, 38.66], [1.505, 38.67], [1.405, 38.67], [1.4, 38.71], [1.415, 38.74], [1.435, 38.77], [1.495, 38.71], [1.595, 38.7], [1.595, 38.67]]], [[[3.145, 39.79], [3.24, 39.755], [3.34, 39.785], [3.395, 39.775], [3.45, 39.76], [3.46, 39.7], [3.415, 39.625], [3.35, 39.555], [3.295, 39.475], [3.245, 39.385], [3.155, 39.335], [3.075, 39.3], [2.9, 39.37], [2.8, 39.385], [2.77, 39.41], [2.745, 39.51], [2.7, 39.54], [2.635, 39.555], [2.575, 39.53], [2.5, 39.48], [2.46, 39.53], [2.395, 39.54], [2.37, 39.57], [2.37, 39.615], [2.785, 39.855], [2.905, 39.91], [3.16, 39.97], [3.2, 39.96], [3.165, 39.925], [3.165, 39.91], [3.2, 39.89], [3.19, 39.86], [3.16, 39.835], [3.145, 39.79]]], [[[4.295, 39.84], [4.275, 39.83], [3.97, 39.945], [3.865, 39.96], [3.845, 39.975], [3.845, 40.035], [3.855, 40.065], [4.06, 40.075], [4.225, 40.03], [4.315, 39.915], [4.32, 39.9], [4.295, 39.84]]], [[[1.445, 38.92], [1.41, 38.855], [1.255, 38.88], [1.225, 38.905], [1.255, 38.975], [1.3, 38.98], [1.305, 39.03], [1.35, 39.08], [1.565, 39.12], [1.615, 39.085], [1.625, 39.04], [1.495, 38.935], [1.445, 38.92]]], [[[-1.795, 43.405], [-1.795, 43.375], [-1.755, 43.325], [-1.715, 43.305], [-1.625, 43.28], [-1.56, 43.28], [-1.47, 43.27], [-1.41, 43.24], [-1.405, 43.195], [-1.425, 43.15], [-1.46, 43.105], [-1.48, 43.07], [-1.46, 43.05], [-1.43, 43.035], [-1.395, 43.035], [-1.37, 43.04], [-1.355, 43.065], [-1.32, 43.095], [-1.3, 43.1], [-1.3, 43.08], [-1.285, 43.06], [-1.175, 43.02], [-0.935, 42.95], [-0.84, 42.95], [-0.765, 42.94], [-0.74, 42.91], [-0.585, 42.8], [-0.55, 42.8], [-0.48, 42.8], [-0.4, 42.81], [-0.34, 42.83], [-0.3, 42.825], [-0.255, 42.805], [-0.205, 42.785], [-0.14, 42.75], [-0.08, 42.705], [-0.04, 42.69], [0.2, 42.72], [0.255, 42.695], [0.315, 42.695], [0.375, 42.7], [0.52, 42.685], [0.63, 42.69], [0.64, 42.7], [0.65, 42.8], [0.67, 42.835], [0.695, 42.845], [0.765, 42.84], [1.01, 42.78], [1.11, 42.74], [1.21, 42.715], [1.295, 42.71], [1.35, 42.69], [1.43, 42.595], [1.415, 42.55], [1.42, 42.53], [1.43, 42.5], [1.43, 42.46], [1.45, 42.435], [1.485, 42.435], [1.535, 42.44], [1.585, 42.455], [1.68, 42.495], [1.705, 42.505], [1.86, 42.455], [1.93, 42.425], [1.95, 42.395], [1.985, 42.36], [2.035, 42.355], [2.1, 42.385], [2.2, 42.42], [2.375, 42.39], [2.57, 42.345], [2.65, 42.34], [2.655, 42.36], [2.67, 42.395], [2.7, 42.41], [2.75, 42.415], [2.815, 42.43], [2.89, 42.455], [2.97, 42.465], [3.055, 42.445], [3.15, 42.43], [3.21, 42.43], [3.24, 42.37], [3.29, 42.345], [3.305, 42.29], [3.22, 42.26], [3.165, 42.255], [3.15, 42.16], [3.175, 42.135], [3.225, 42.11], [3.24, 42.08], [3.25, 41.945], [3.145, 41.86], [3.005, 41.765], [2.31, 41.465], [2.145, 41.32], [2.085, 41.285], [1.565, 41.195], [1.205, 41.1], [1.035, 41.06], [0.815, 40.89], [0.715, 40.825], [0.795, 40.805], [0.89, 40.72], [0.86, 40.685], [0.72, 40.63], [0.66, 40.615], [0.625, 40.62], [0.595, 40.615], [0.365, 40.32], [0.16, 40.105], [0.045, 40.015], [-0.075, 39.875], [-0.325, 39.52], [-0.33, 39.415], [-0.205, 39.065], [-0.135, 38.97], [-0.035, 38.89], [0.155, 38.825], [0.2, 38.76], [0.135, 38.695], [-0.055, 38.585], [-0.38, 38.435], [-0.52, 38.315], [-0.55, 38.205], [-0.645, 38.15], [-0.685, 37.99], [-0.74, 37.885], [-0.755, 37.85], [-0.815, 37.77], [-0.825, 37.71], [-0.72, 37.63], [-0.77, 37.595], [-0.82, 37.58], [-0.94, 37.57], [-1.33, 37.56], [-1.64, 37.385], [-1.8, 37.235], [-1.94, 36.945], [-2.11, 36.775], [-2.19, 36.745], [-2.305, 36.82], [-2.455, 36.83], [-2.595, 36.805], [-2.67, 36.75], [-2.79, 36.715], [-2.9, 36.745], [-3.15, 36.76], [-3.26, 36.755], [-3.43, 36.71], [-3.58, 36.74], [-3.83, 36.755], [-4.365, 36.72], [-4.435, 36.7], [-4.5, 36.63], [-4.675, 36.505], [-4.935, 36.5], [-5.17, 36.425], [-5.23, 36.375], [-5.33, 36.235], [-5.36, 36.135], [-5.38, 36.135], [-5.405, 36.16], [-5.445, 36.15], [-5.46, 36.075], [-5.55, 36.04], [-5.625, 36.025], [-5.81, 36.09], [-5.96, 36.18], [-6.04, 36.19], [-6.17, 36.335], [-6.225, 36.425], [-6.265, 36.525], [-6.26, 36.565], [-6.27, 36.595], [-6.385, 36.635], [-6.41, 36.73], [-6.33, 36.85], [-6.26, 36.9], [-6.215, 36.915], [-6.32, 36.91], [-6.395, 36.83], [-6.49, 36.955], [-6.885, 37.195], [-6.86, 37.25], [-6.865, 37.28], [-6.93, 37.215], [-6.975, 37.2], [-7.175, 37.21], [-7.405, 37.18], [-7.465, 37.43], [-7.495, 37.525], [-7.505, 37.585], [-7.445, 37.73], [-7.38, 37.785], [-7.29, 37.905], [-7.185, 38.005], [-7.075, 38.03], [-7.025, 38.045], [-6.98, 38.12], [-6.96, 38.19], [-6.975, 38.195], [-7.105, 38.18], [-7.345, 38.455], [-7.335, 38.5], [-7.305, 38.565], [-7.285, 38.65], [-7.28, 38.715], [-7.22, 38.77], [-7.125, 38.825], [-7.045, 38.905], [-7.005, 38.985], [-7.0, 39.055], [-7.045, 39.105], [-7.17, 39.135], [-7.305, 39.34], [-7.335, 39.465], [-7.365, 39.48], [-7.445, 39.535], [-7.525, 39.645], [-7.535, 39.66], [-7.455, 39.68], [-7.12, 39.68], [-7.045, 39.705], [-7.035, 39.715], [-6.975, 39.8], [-6.91, 39.935], [-6.895, 40.02], [-6.915, 40.055], [-7.03, 40.145], [-7.035, 40.17], [-7.015, 40.21], [-6.95, 40.25], [-6.86, 40.3], [-6.81, 40.345], [-6.82, 40.375], [-6.85, 40.41], [-6.85, 40.445], [-6.835, 40.485], [-6.83, 40.62], [-6.82, 40.655], [-6.835, 40.775], [-6.86, 40.88], [-6.93, 41.01], [-6.915, 41.04], [-6.885, 41.06], [-6.775, 41.11], [-6.69, 41.215], [-6.565, 41.305], [-6.405, 41.375], [-6.29, 41.455], [-6.245, 41.515], [-6.21, 41.53], [-6.22, 41.56], [-6.245, 41.6], [-6.31, 41.64], [-6.39, 41.665], [-6.485, 41.665], [-6.54, 41.675], [-6.56, 41.705], [-6.555, 41.79], [-6.56, 41.875], [-6.575, 41.915], [-6.62, 41.94], [-6.705, 41.935], [-6.775, 41.96], [-6.835, 41.965], [-6.865, 41.945], [-7.03, 41.95], [-7.1, 41.965], [-7.145, 41.98], [-7.18, 41.97], [-7.195, 41.955], [-7.2, 41.93], [-7.21, 41.895], [-7.27, 41.865], [-7.405, 41.835], [-7.515, 41.835], [-7.615, 41.86], [-7.645, 41.875], [-7.695, 41.89], [-7.895, 41.87], [-7.92, 41.885], [-7.99, 41.85], [-8.095, 41.815], [-8.15, 41.81], [-8.175, 41.82], [-8.18, 41.835], [-8.225, 41.895], [-8.215, 41.925], [-8.13, 42.02], [-8.14, 42.04], [-8.175, 42.07], [-8.205, 42.11], [-8.215, 42.135], [-8.265, 42.135], [-8.325, 42.115], [-8.54, 42.07], [-8.59, 42.055], [-8.685, 42.01], [-8.775, 41.94], [-8.85, 41.925], [-8.88, 41.945], [-8.885, 42.105], [-8.77, 42.21], [-8.69, 42.275], [-8.73, 42.285], [-8.815, 42.285], [-8.81, 42.335], [-8.77, 42.36], [-8.73, 42.41], [-8.775, 42.435], [-8.81, 42.47], [-8.81, 42.56], [-8.8, 42.6], [-8.81, 42.64], [-8.99, 42.585], [-9.035, 42.595], [-9.035, 42.66], [-8.935, 42.765], [-8.925, 42.8], [-9.04, 42.815], [-9.125, 42.865], [-9.18, 42.91], [-9.235, 42.975], [-9.235, 43.035], [-9.18, 43.175], [-9.095, 43.215], [-9.025, 43.24], [-8.875, 43.335], [-8.665, 43.315], [-8.535, 43.335], [-8.42, 43.385], [-8.355, 43.395], [-8.25, 43.44], [-8.25, 43.495], [-8.29, 43.54], [-8.255, 43.58], [-8.135, 43.63], [-8.005, 43.695], [-7.855, 43.705], [-7.7, 43.765], [-7.595, 43.725], [-7.505, 43.74], [-7.4, 43.695], [-7.26, 43.595], [-7.06, 43.555], [-6.9, 43.585], [-6.615, 43.59], [-6.475, 43.58], [-6.225, 43.605], [-6.08, 43.595], [-5.845, 43.645], [-5.665, 43.58], [-5.315, 43.555], [-5.105, 43.5], [-4.525, 43.415], [-4.315, 43.415], [-4.015, 43.465], [-3.89, 43.5], [-3.775, 43.48], [-3.605, 43.52], [-3.525, 43.51], [-3.42, 43.45], [-3.045, 43.37], [-2.95, 43.44], [-2.875, 43.455], [-2.605, 43.415], [-2.335, 43.33], [-2.195, 43.32], [-1.99, 43.345], [-1.83, 43.4], [-1.795, 43.405]]], [[[-16.335, 28.38], [-16.42, 28.15], [-16.495, 28.06], [-16.545, 28.03], [-16.66, 28.005], [-16.795, 28.15], [-16.865, 28.295], [-16.905, 28.34], [-16.845, 28.375], [-16.75, 28.37], [-16.555, 28.4], [-16.515, 28.415], [-16.32, 28.56], [-16.125, 28.575], [-16.12, 28.53], [-16.335, 28.38]]], [[[-13.715, 28.91], [-13.785, 28.845], [-13.86, 28.87], [-13.825, 29.015], [-13.79, 29.055], [-13.65, 29.12], [-13.535, 29.145], [-13.5, 29.21], [-13.465, 29.235], [-13.425, 29.2], [-13.455, 29.15], [-13.48, 29.005], [-13.555, 28.96], [-13.715, 28.91]]], [[[-14.195, 28.17], [-14.335, 28.055], [-14.47, 28.08], [-14.49, 28.1], [-14.355, 28.13], [-14.23, 28.215], [-14.155, 28.405], [-14.03, 28.615], [-14.005, 28.705], [-13.955, 28.74], [-13.885, 28.745], [-13.855, 28.74], [-13.825, 28.69], [-13.83, 28.585], [-13.865, 28.41], [-13.93, 28.255], [-14.195, 28.17]]], [[[-15.4, 28.145], [-15.405, 28.07], [-15.385, 27.995], [-15.39, 27.875], [-15.435, 27.81], [-15.56, 27.745], [-15.655, 27.76], [-15.71, 27.785], [-15.805, 27.89], [-15.81, 27.995], [-15.72, 28.065], [-15.685, 28.155], [-15.455, 28.135], [-15.435, 28.155], [-15.415, 28.16], [-15.4, 28.145]]], [[[-17.185, 28.02], [-17.225, 28.015], [-17.275, 28.04], [-17.325, 28.12], [-17.29, 28.175], [-17.26, 28.205], [-17.215, 28.2], [-17.13, 28.155], [-17.105, 28.11], [-17.1, 28.085], [-17.185, 28.02]]], [[[-17.89, 27.81], [-17.985, 27.645], [-18.105, 27.705], [-18.135, 27.73], [-18.16, 27.76], [-18.045, 27.77], [-17.925, 27.85], [-17.89, 27.81]]], [[[-17.835, 28.495], [-17.86, 28.485], [-17.88, 28.565], [-18.0, 28.76], [-17.93, 28.845], [-17.8, 28.845], [-17.745, 28.785], [-17.725, 28.725], [-17.75, 28.69], [-17.745, 28.615], [-17.76, 28.57], [-17.835, 28.495]]]]}}, {"type": "Feature", "properties": {"id": "PER", "nombre": "Peru"}, "geometry": {"type": "MultiPolygon", "coordinates": [[[[-69.965, -4.235], [-69.97, -4.3], [-70.005, -4.325], [-70.055, -4.335], [-70.13, -4.285], [-70.185, -4.3], [-70.24, -4.3], [-70.315, -4.245], [-70.345, -4.195], [-70.405, -4.15], [-70.53, -4.17], [-70.635, -4.17], [-70.72, -4.16], [-70.8, -4.175], [-70.865, -4.23], [-70.915, -4.295], [-70.975, -4.35], [-71.145, -4.385], [-71.235, -4.39], [-71.315, -4.425], [-71.44, -4.44], [-71.52, -4.47], [-71.67, -4.485], [-71.845, -4.505], [-71.945, -4.555], [-71.98, -4.575], [-72.085, -4.64], [-72.255, -4.75], [-72.355, -4.785], [-72.47, -4.9], [-72.61, -5.01], [-72.7, -5.065], [-72.83, -5.095], [-72.885, -5.125], [-72.905, -5.16], [-72.895, -5.2], [-72.92, -5.305], [-72.96, -5.495], [-72.97, -5.59], [-72.98, -5.635], [-73.07, -5.79], [-73.165, -5.935], [-73.21, -6.03], [-73.235, -6.1], [-73.205, -6.155], [-73.17, -6.26], [-73.135, -6.345], [-73.125, -6.4], [-73.135, -6.465], [-73.175, -6.525], [-73.24, -6.565], [-73.325, -6.575], [-73.5, -6.68], [-73.695, -6.835], [-73.76, -6.905], [-73.775, -6.975], [-73.805, -7.08], [-73.795, -7.135], [-73.76, -7.175], [-73.725, -7.265], [-73.72, -7.31], [-73.75, -7.335], [-73.805, -7.34], [-73.855, -7.35], [-73.89, -7.375], [-73.93, -7.365], [-73.965, -7.38], [-73.965, -7.415], [-73.955, -7.46], [-73.96, -7.505], [-73.98, -7.535], [-74.0, -7.555], [-73.98, -7.585], [-73.945, -7.61], [-73.895, -7.655], [-73.82, -7.74], [-73.765, -7.755], [-73.72, -7.785], [-73.715, -7.83], [-73.73, -7.875], [-73.775, -7.895], [-73.775, -7.935], [-73.72, -7.985], [-73.685, -8.02], [-73.645, -8.075], [-73.61, -8.145], [-73.61, -8.19], [-73.57, -8.25], [-73.55, -8.3], [-73.55, -8.345], [-73.49, -8.39], [-73.435, -8.425], [-73.4, -8.46], [-73.36, -8.48], [-73.35, -8.515], [-73.355, -8.565], [-73.3, -8.655], [-73.205, -8.72], [-73.125, -8.815], [-73.07, -8.885], [-72.975, -8.995], [-72.97, -9.12], [-73.09, -9.265], [-73.21, -9.41], [-73.015, -9.405], [-72.815, -9.41], [-72.605, -9.45], [-72.465, -9.49], [-72.38, -9.51], [-72.32, -9.555], [-72.29, -9.63], [-72.265, -9.69], [-72.26, -9.775], [-72.175, -9.845], [-72.18, -9.91], [-72.18, -10.005], [-72.145, -10.005], [-71.885, -10.005], [-71.61, -10.005], [-71.34, -9.99], [-71.24, -9.965], [-71.115, -9.85], [-71.04, -9.82], [-70.97, -9.765], [-70.885, -9.67], [-70.815, -9.625], [-70.76, -9.57], [-70.67, -9.52], [-70.635, -9.48], [-70.61, -9.465], [-70.54, -9.44], [-70.57, -9.49], [-70.59, -9.545], [-70.6, -9.62], [-70.565, -9.705], [-70.595, -9.765], [-70.635, -9.825], [-70.64, -9.97], [-70.64, -10.18], [-70.64, -10.36], [-70.64, -10.585], [-70.64, -10.84], [-70.64, -11.01], [-70.595, -10.975], [-70.535, -10.945], [-70.45, -11.025], [-70.39, -11.06], [-70.34, -11.065], [-70.29, -11.065], [-70.22, -11.05], [-70.065, -10.98], [-69.96, -10.93], [-69.84, -10.935], [-69.675, -10.955], [-69.58, -10.95], [-69.455, -11.17], [-69.36, -11.33], [-69.26, -11.51], [-69.175, -11.655], [-69.045, -11.875], [-68.935, -12.065], [-68.82, -12.27], [-68.685, -12.5], [-68.73, -12.56], [-68.765, -12.61], [-68.76, -12.685], [-68.81, -12.73], [-68.87, -12.755], [-68.935, -12.82], [-68.98, -12.88], [-68.98, -12.965], [-68.97, -13.38], [-68.985, -13.495], [-69.02, -13.595], [-69.055, -13.645], [-69.075, -13.685], [-69.025, -13.78], [-68.975, -13.975], [-68.935, -14.015], [-68.89, -14.095], [-68.87, -14.17], [-68.88, -14.2], [-68.97, -14.235], [-69.005, -14.265], [-69.015, -14.375], [-69.055, -14.42], [-69.12, -14.47], [-69.165, -14.53], [-69.2, -14.575], [-69.235, -14.595], [-69.25, -14.67], [-69.275, -14.745], [-69.36, -14.795], [-69.375, -14.89], [-69.375, -14.965], [-69.33, -15.04], [-69.185, -15.2], [-69.17, -15.235], [-69.255, -15.335], [-69.3, -15.4], [-69.42, -15.605], [-69.42, -15.64], [-69.39, -15.735], [-69.22, -16.15], [-69.19, -16.185], [-69.135, -16.22], [-69.045, -16.22], [-68.915, -16.26], [-68.85, -16.315], [-68.845, -16.34], [-68.86, -16.355], [-68.93, -16.39], [-69.005, -16.435], [-69.035, -16.475], [-69.04, -16.545], [-69.02, -16.64], [-69.055, -16.675], [-69.135, -16.715], [-69.2, -16.77], [-69.265, -16.86], [-69.38, -17.0], [-69.42, -17.04], [-69.44, -17.09], [-69.505, -17.105], [-69.625, -17.2], [-69.645, -17.25], [-69.625, -17.295], [-69.565, -17.335], [-69.52, -17.39], [-69.51, -17.46], [-69.51, -17.505], [-69.585, -17.575], [-69.685, -17.65], [-69.805, -17.665], [-69.85, -17.705], [-69.84, -17.785], [-69.8, -17.9], [-69.805, -17.99], [-69.84, -18.095], [-69.925, -18.205], [-70.06, -18.285], [-70.185, -18.325], [-70.28, -18.325], [-70.375, -18.335], [-70.42, -18.345], [-70.49, -18.28], [-70.815, -18.055], [-70.94, -17.93], [-71.055, -17.875], [-71.335, -17.685], [-71.365, -17.62], [-71.4, -17.42], [-71.435, -17.365], [-71.53, -17.295], [-71.775, -17.2], [-71.87, -17.15], [-71.965, -17.065], [-72.11, -17.005], [-72.27, -16.875], [-72.36, -16.775], [-72.47, -16.71], [-72.795, -16.615], [-72.96, -16.52], [-73.265, -16.39], [-73.4, -16.305], [-73.73, -16.2], [-73.825, -16.155], [-74.145, -15.91], [-74.375, -15.835], [-74.555, -15.7], [-75.105, -15.41], [-75.19, -15.32], [-75.275, -15.18], [-75.395, -15.095], [-75.535, -14.9], [-75.74, -14.785], [-75.935, -14.635], [-76.005, -14.495], [-76.135, -14.32], [-76.175, -14.225], [-76.29, -14.135], [-76.295, -13.95], [-76.375, -13.865], [-76.32, -13.82], [-76.26, -13.805], [-76.185, -13.515], [-76.225, -13.37], [-76.425, -13.11], [-76.5, -12.985], [-76.555, -12.825], [-76.635, -12.73], [-76.76, -12.525], [-76.83, -12.35], [-76.995, -12.22], [-77.04, -12.175], [-77.065, -12.105], [-77.155, -12.06], [-77.16, -11.925], [-77.22, -11.665], [-77.31, -11.53], [-77.635, -11.29], [-77.64, -11.195], [-77.665, -11.02], [-77.735, -10.835], [-78.095, -10.26], [-78.185, -10.09], [-78.275, -9.81], [-78.355, -9.65], [-78.445, -9.37], [-78.58, -9.155], [-78.665, -8.97], [-78.755, -8.74], [-78.76, -8.615], [-78.925, -8.405], [-79.01, -8.21], [-79.165, -8.045], [-79.315, -7.925], [-79.375, -7.835], [-79.59, -7.42], [-79.62, -7.295], [-79.76, -7.065], [-79.905, -6.9], [-79.995, -6.77], [-80.11, -6.65], [-80.81, -6.28], [-81.06, -6.13], [-81.14, -6.055], [-81.18, -5.94], [-81.165, -5.875], [-81.09, -5.81], [-80.99, -5.86], [-80.93, -5.84], [-80.885, -5.76], [-80.88, -5.635], [-80.945, -5.475], [-81.17, -5.165], [-81.15, -5.1], [-81.11, -5.03], [-81.195, -4.88], [-81.29, -4.76], [-81.335, -4.67], [-81.285, -4.32], [-81.23, -4.235], [-80.89, -3.88], [-80.8, -3.73], [-80.655, -3.64], [-80.505, -3.495], [-80.325, -3.39], [-80.3, -3.405], [-80.275, -3.425], [-80.27, -3.46], [-80.265, -3.49], [-80.245, -3.52], [-80.245, -3.575], [-80.22, -3.615], [-80.22, -3.655], [-80.215, -3.71], [-80.23, -3.74], [-80.22, -3.79], [-80.18, -3.88], [-80.195, -3.905], [-80.23, -3.925], [-80.265, -3.95], [-80.305, -4.005], [-80.36, -4.005], [-80.435, -3.98], [-80.49, -4.01], [-80.51, -4.07], [-80.495, -4.12], [-80.49, -4.165], [-80.455, -4.205], [-80.355, -4.21], [-80.445, -4.335], [-80.49, -4.395], [-80.48, -4.43], [-80.425, -4.46], [-80.385, -4.465], [-80.295, -4.415], [-80.23, -4.35], [-80.195, -4.31], [-80.14, -4.295], [-80.065, -4.33], [-79.965, -4.39], [-79.845, -4.445], [-79.795, -4.475], [-79.71, -4.47], [-79.64, -4.455], [-79.58, -4.5], [-79.515, -4.54], [-79.5, -4.67], [-79.455, -4.765], [-79.4, -4.84], [-79.33, -4.93], [-79.27, -4.96], [-79.185, -4.96], [-79.075, -4.99], [-79.035, -4.97], [-78.995, -4.91], [-78.975, -4.875], [-78.92, -4.86], [-78.915, -4.82], [-78.925, -4.77], [-78.91, -4.715], [-78.86, -4.665], [-78.745, -4.595], [-78.685, -4.56], [-78.675, -4.52], [-78.655, -4.46], [-78.66, -4.425], [-78.685, -4.385], [-78.68, -4.325], [-78.65, -4.25], [-78.605, -4.155], [-78.565, -4.04], [-78.55, -3.985], [-78.51, -3.95], [-78.495, -3.9], [-78.47, -3.845], [-78.42, -3.775], [-78.42, -3.705], [-78.4, -3.675], [-78.4, -3.595], [-78.345, -3.43], [-78.345, -3.395], [-78.325, -3.39], [-78.285, -3.4], [-78.25, -3.435], [-78.24, -3.475], [-78.225, -3.49], [-78.195, -3.485], [-78.16, -3.465], [-78.16, -3.43], [-78.185, -3.4], [-78.195, -3.38], [-78.185, -3.35], [-78.13, -3.285], [-78.07, -3.205], [-77.94, -3.045], [-77.86, -2.98], [-77.66, -2.91], [-77.505, -2.86], [-77.36, -2.81], [-77.16, -2.74], [-76.88, -2.635], [-76.68, -2.565], [-76.5, -2.43], [-76.36, -2.33], [-76.24, -2.245], [-76.09, -2.135], [-75.885, -1.895], [-75.745, -1.73], [-75.64, -1.605], [-75.57, -1.53], [-75.515, -1.315], [-75.45, -1.07], [-75.42, -0.96], [-75.41, -0.925], [-75.38, -0.94], [-75.35, -0.965], [-75.31, -0.97], [-75.27, -0.965], [-75.25, -0.95], [-75.285, -0.705], [-75.28, -0.655], [-75.26, -0.59], [-75.265, -0.555], [-75.325, -0.505], [-75.425, -0.41], [-75.465, -0.32], [-75.49, -0.25], [-75.56, -0.2], [-75.63, -0.16], [-75.625, -0.125], [-75.585, -0.125], [-75.475, -0.155], [-75.4, -0.145], [-75.34, -0.14], [-75.285, -0.105], [-75.225, -0.04], [-75.185, -0.04], [-75.14, -0.05], [-75.055, -0.115], [-75.005, -0.155], [-74.945, -0.19], [-74.89, -0.2], [-74.84, -0.205], [-74.8, -0.2], [-74.78, -0.245], [-74.755, -0.3], [-74.69, -0.335], [-74.615, -0.37], [-74.555, -0.43], [-74.515, -0.47], [-74.465, -0.52], [-74.42, -0.58], [-74.375, -0.69], [-74.355, -0.765], [-74.33, -0.81], [-74.335, -0.85], [-74.285, -0.93], [-74.245, -0.97], [-74.18, -1.0], [-74.055, -1.03], [-73.985, -1.1], [-73.925, -1.125], [-73.865, -1.195], [-73.805, -1.22], [-73.735, -1.215], [-73.665, -1.25], [-73.61, -1.315], [-73.575, -1.4], [-73.52, -1.45], [-73.495, -1.535], [-73.525, -1.64], [-73.495, -1.695], [-73.44, -1.735], [-73.35, -1.785], [-73.265, -1.77], [-73.225, -1.79], [-73.195, -1.83], [-73.18, -1.88], [-73.145, -2.005], [-73.125, -2.08], [-73.16, -2.155], [-73.175, -2.21], [-73.155, -2.28], [-73.07, -2.31], [-72.99, -2.34], [-72.94, -2.395], [-72.885, -2.41], [-72.81, -2.405], [-72.715, -2.39], [-72.66, -2.36], [-72.625, -2.35], [-72.585, -2.365], [-72.5, -2.395], [-72.395, -2.43], [-72.3, -2.41], [-72.22, -2.4], [-72.135, -2.38], [-72.055, -2.325], [-71.985, -2.325], [-71.93, -2.29], [-71.865, -2.23], [-71.805, -2.165], [-71.755, -2.155], [-71.67, -2.18], [-71.56, -2.225], [-71.495, -2.28], [-71.445, -2.295], [-71.395, -2.335], [-71.3, -2.335], [-71.195, -2.315], [-71.115, -2.245], [-71.025, -2.225], [-70.97, -2.205], [-70.915, -2.22], [-70.705, -2.34], [-70.65, -2.405], [-70.575, -2.42], [-70.515, -2.455], [-70.42, -2.49], [-70.365, -2.53], [-70.295, -2.555], [-70.245, -2.605], [-70.165, -2.64], [-70.095, -2.66], [-70.065, -2.7], [-70.065, -2.73], [-70.075, -2.75], [-70.145, -2.865], [-70.29, -3.085], [-70.42, -3.29], [-70.62, -3.605], [-70.735, -3.78], [-70.705, -3.79], [-70.53, -3.865], [-70.485, -3.87], [-70.42, -3.85], [-70.38, -3.82], [-70.34, -3.815], [-70.3, -3.845], [-70.24, -3.885], [-70.2, -3.995], [-70.17, -4.05], [-70.095, -4.09], [-70.015, -4.16], [-69.965, -4.235]]]]}}, {"type": "Feature", "properties": {"id": "MEX", "nombre": "Mexico"}, "geometry": {"type": "MultiPolygon", "coordinates": [[[[-117.13, 32.535], [-116.84, 32.555], [-116.555, 32.575], [-116.27, 32.6], [-115.985, 32.62], [-115.7, 32.64], [-115.41, 32.66], [-115.125, 32.685], [-114.84, 32.705], [-114.725, 32.715], [-114.79, 32.565], [-114.835, 32.51], [-114.36, 32.36], [-113.885, 32.21], [-113.415, 32.065], [-112.94, 31.915], [-112.465, 31.77], [-111.99, 31.62], [-111.515, 31.47], [-111.04, 31.325], [-110.69, 31.325], [-110.335, 31.325], [-109.98, 31.325], [-109.63, 31.325], [-109.275, 31.325], [-108.92, 31.33], [-108.57, 31.33], [-108.215, 31.33], [-108.215, 31.44], [-108.215, 31.555], [-108.21, 31.665], [-108.21, 31.78], [-107.99, 31.78], [-107.77, 31.775], [-107.55, 31.775], [-107.335, 31.775], [-107.115, 31.775], [-106.895, 31.77], [-106.675, 31.77], [-106.455, 31.77], [-106.445, 31.77], [-106.435, 31.765], [-106.345, 31.68], [-106.255, 31.545], [-106.15, 31.45], [-106.025, 31.4], [-105.815, 31.24], [-105.515, 30.98], [-105.275, 30.805], [-105.1, 30.72], [-104.98, 30.645], [-104.92, 30.585], [-104.835, 30.45], [-104.68, 30.135], [-104.68, 29.99], [-104.62, 29.855], [-104.505, 29.68], [-104.4, 29.575], [-104.31, 29.54], [-104.215, 29.48], [-104.11, 29.385], [-103.99, 29.325], [-103.855, 29.29], [-103.665, 29.205], [-103.425, 29.07], [-103.26, 29.0], [-103.17, 29.0], [-103.09, 29.04], [-103.025, 29.13], [-102.955, 29.19], [-102.89, 29.215], [-102.865, 29.26], [-102.88, 29.315], [-102.835, 29.445], [-102.735, 29.645], [-102.615, 29.75], [-102.475, 29.77], [-102.385, 29.805], [-102.345, 29.865], [-102.27, 29.87], [-102.165, 29.825], [-101.99, 29.795], [-101.75, 29.78], [-101.61, 29.785], [-101.57, 29.81], [-101.545, 29.81], [-101.545, 29.785], [-101.51, 29.775], [-101.44, 29.775], [-101.38, 29.745], [-101.305, 29.635], [-101.04, 29.46], [-101.015, 29.4], [-100.925, 29.315], [-100.755, 29.185], [-100.66, 29.07], [-100.635, 28.975], [-100.55, 28.82], [-100.4, 28.615], [-100.33, 28.505], [-100.35, 28.485], [-100.335, 28.43], [-100.295, 28.33], [-100.22, 28.245], [-100.11, 28.175], [-100.0, 28.05], [-99.89, 27.865], [-99.755, 27.73], [-99.595, 27.635], [-99.505, 27.55], [-99.485, 27.465], [-99.485, 27.4], [-99.51, 27.34], [-99.5, 27.285], [-99.455, 27.235], [-99.44, 27.17], [-99.46, 27.08], [-99.455, 27.055], [-99.445, 27.035], [-99.3, 26.885], [-99.23, 26.76], [-99.17, 26.565], [-99.11, 26.445], [-99.015, 26.4], [-98.875, 26.38], [-98.765, 26.34], [-98.69, 26.275], [-98.6, 26.24], [-98.485, 26.225], [-98.38, 26.18], [-98.275, 26.11], [-98.085, 26.065], [-97.8, 26.04], [-97.585, 25.985], [-97.44, 25.89], [-97.375, 25.87], [-97.36, 25.87], [-97.35, 25.885], [-97.34, 25.91], [-97.28, 25.94], [-97.145, 25.96], [-97.165, 25.755], [-97.225, 25.585], [-97.425, 25.235], [-97.505, 25.015], [-97.67, 24.39], [-97.715, 23.98], [-97.73, 23.79], [-97.745, 23.76], [-97.725, 23.73], [-97.765, 23.305], [-97.745, 22.94], [-97.76, 22.885], [-97.815, 22.775], [-97.86, 22.625], [-97.84, 22.555], [-97.84, 22.51], [-97.78, 22.28], [-97.765, 22.105], [-97.585, 21.81], [-97.485, 21.705], [-97.36, 21.615], [-97.315, 21.565], [-97.335, 21.44], [-97.39, 21.375], [-97.41, 21.275], [-97.435, 21.355], [-97.425, 21.465], [-97.385, 21.525], [-97.385, 21.565], [-97.455, 21.61], [-97.59, 21.76], [-97.755, 22.025], [-97.64, 21.605], [-97.6, 21.535], [-97.565, 21.51], [-97.515, 21.48], [-97.5, 21.43], [-97.5, 21.4], [-97.355, 21.105], [-97.195, 20.8], [-97.185, 20.715], [-97.12, 20.615], [-96.71, 20.19], [-96.455, 19.87], [-96.37, 19.565], [-96.315, 19.475], [-96.29, 19.345], [-96.125, 19.2], [-96.075, 19.105], [-95.985, 19.055], [-95.915, 18.895], [-95.78, 18.805], [-95.81, 18.805], [-95.93, 18.85], [-95.92, 18.82], [-95.82, 18.755], [-95.625, 18.69], [-95.58, 18.69], [-95.655, 18.725], [-95.72, 18.77], [-95.695, 18.775], [-95.56, 18.72], [-95.18, 18.7], [-95.015, 18.57], [-94.8, 18.515], [-94.68, 18.35], [-94.545, 18.175], [-94.46, 18.165], [-94.39, 18.165], [-94.19, 18.195], [-93.875, 18.305], [-93.765, 18.36], [-93.55, 18.43], [-93.23, 18.445], [-93.125, 18.425], [-92.885, 18.47], [-92.77, 18.525], [-92.73, 18.575], [-92.71, 18.61], [-92.485, 18.665], [-92.44, 18.675], [-92.215, 18.685], [-92.105, 18.705], [-91.975, 18.715], [-91.88, 18.64], [-91.88, 18.6], [-91.945, 18.565], [-91.915, 18.53], [-91.805, 18.47], [-91.6, 18.445], [-91.535, 18.455], [-91.44, 18.54], [-91.275, 18.625], [-91.28, 18.72], [-91.31, 18.775], [-91.355, 18.775], [-91.37, 18.805], [-91.335, 18.875], [-91.345, 18.9], [-91.445, 18.835], [-91.47, 18.835], [-91.46, 18.865], [-91.435, 18.89], [-91.135, 19.04], [-91.06, 19.1], [-90.955, 19.15], [-90.74, 19.35], [-90.695, 19.73], [-90.65, 19.795], [-90.505, 19.91], [-90.49, 19.945], [-90.48, 20.025], [-90.485, 20.225], [-90.48, 20.38], [-90.485, 20.555], [-90.46, 20.715], [-90.435, 20.76], [-90.355, 21.01], [-90.185, 21.12], [-89.89, 21.255], [-89.82, 21.275], [-88.88, 21.415], [-88.745, 21.45], [-88.585, 21.54], [-88.465, 21.57], [-88.25, 21.565], [-88.185, 21.58], [-88.17, 21.59], [-88.17, 21.605], [-88.13, 21.615], [-88.005, 21.605], [-87.775, 21.55], [-87.69, 21.535], [-87.48, 21.47], [-87.25, 21.445], [-87.22, 21.46], [-87.19, 21.475], [-87.165, 21.515], [-87.19, 21.545], [-87.21, 21.545], [-87.25, 21.525], [-87.295, 21.525], [-87.385, 21.55], [-87.37, 21.575], [-87.275, 21.57], [-87.215, 21.58], [-87.13, 21.62], [-87.035, 21.59], [-86.91, 21.465], [-86.825, 21.42], [-86.815, 21.235], [-86.805, 21.2], [-86.77, 21.15], [-86.815, 21.005], [-86.865, 20.885], [-86.925, 20.785], [-87.06, 20.63], [-87.22, 20.505], [-87.42, 20.23], [-87.465, 20.1], [-87.465, 20.0], [-87.43, 19.9], [-87.44, 19.86], [-87.465, 19.825], [-87.505, 19.825], [-87.585, 19.78], [-87.69, 19.635], [-87.69, 19.595], [-87.645, 19.555], [-87.585, 19.575], [-87.51, 19.575], [-87.47, 19.585], [-87.425, 19.585], [-87.435, 19.5], [-87.485, 19.445], [-87.515, 19.425], [-87.565, 19.415], [-87.63, 19.385], [-87.66, 19.35], [-87.655, 19.26], [-87.62, 19.25], [-87.55, 19.32], [-87.51, 19.315], [-87.5, 19.29], [-87.595, 19.045], [-87.655, 18.8], [-87.735, 18.655], [-87.76, 18.445], [-87.805, 18.355], [-87.855, 18.27], [-87.88, 18.275], [-87.96, 18.44], [-88.04, 18.485], [-88.055, 18.525], [-88.01, 18.725], [-88.03, 18.84], [-88.075, 18.835], [-88.125, 18.775], [-88.195, 18.72], [-88.195, 18.645], [-88.275, 18.515], [-88.295, 18.47], [-88.37, 18.48], [-88.46, 18.475], [-88.525, 18.445], [-88.585, 18.29], [-88.745, 18.07], [-88.805, 17.965], [-88.855, 17.93], [-88.9, 17.915], [-88.945, 17.94], [-89.05, 18.0], [-89.135, 17.97], [-89.16, 17.9], [-89.16, 17.815], [-89.37, 17.815], [-89.73, 17.815], [-90.185, 17.815], [-90.62, 17.815], [-90.99, 17.815], [-90.99, 17.62], [-90.99, 17.445], [-90.995, 17.25], [-91.195, 17.255], [-91.41, 17.255], [-91.39, 17.235], [-91.32, 17.2], [-91.225, 17.11], [-91.11, 16.975], [-90.975, 16.87], [-90.815, 16.785], [-90.71, 16.71], [-90.66, 16.63], [-90.635, 16.565], [-90.635, 16.51], [-90.575, 16.47], [-90.47, 16.44], [-90.415, 16.39], [-90.415, 16.35], [-90.45, 16.26], [-90.46, 16.16], [-90.445, 16.075], [-90.52, 16.07], [-90.705, 16.07], [-90.98, 16.07], [-91.235, 16.07], [-91.435, 16.07], [-91.735, 16.07], [-91.82, 15.93], [-91.955, 15.705], [-92.08, 15.495], [-92.185, 15.32], [-92.205, 15.275], [-92.205, 15.24], [-92.075, 15.075], [-92.1, 15.025], [-92.145, 15.0], [-92.16, 14.965], [-92.155, 14.9], [-92.185, 14.82], [-92.175, 14.76], [-92.16, 14.69], [-92.185, 14.63], [-92.21, 14.57], [-92.235, 14.545], [-92.265, 14.57], [-92.53, 14.84], [-92.81, 15.14], [-92.92, 15.235], [-93.025, 15.31], [-93.165, 15.45], [-93.54, 15.75], [-93.735, 15.89], [-93.915, 16.055], [-94.08, 16.145], [-94.24, 16.205], [-94.31, 16.24], [-94.375, 16.285], [-94.41, 16.285], [-94.425, 16.225], [-94.37, 16.195], [-94.305, 16.17], [-94.25, 16.17], [-94.195, 16.145], [-94.03, 16.06], [-94.0, 16.02], [-94.47, 16.185], [-94.66, 16.2], [-94.68, 16.23], [-94.585, 16.315], [-94.615, 16.35], [-94.65, 16.35], [-94.755, 16.29], [-94.79, 16.285], [-94.795, 16.325], [-94.795, 16.365], [-94.86, 16.42], [-94.9, 16.415], [-94.935, 16.38], [-95.025, 16.305], [-95.02, 16.28], [-94.845, 16.245], [-94.785, 16.23], [-94.8, 16.21], [-94.95, 16.21], [-95.135, 16.175], [-95.465, 15.975], [-95.77, 15.89], [-96.215, 15.695], [-96.41, 15.685], [-96.51, 15.65], [-96.81, 15.725], [-97.185, 15.91], [-97.755, 15.965], [-98.14, 16.205], [-98.52, 16.305], [-98.76, 16.535], [-98.91, 16.545], [-99.0, 16.58], [-99.35, 16.665], [-99.69, 16.72], [-100.025, 16.92], [-100.245, 16.985], [-100.43, 17.065], [-100.85, 17.2], [-101.0, 17.275], [-101.15, 17.395], [-101.385, 17.515], [-101.485, 17.615], [-101.6, 17.65], [-101.76, 17.84], [-101.845, 17.92], [-101.92, 17.96], [-101.995, 17.975], [-102.215, 17.955], [-102.545, 18.04], [-102.7, 18.065], [-103.02, 18.185], [-103.44, 18.325], [-103.58, 18.485], [-103.7, 18.635], [-103.91, 18.83], [-104.045, 18.91], [-104.275, 19.01], [-104.405, 19.09], [-104.605, 19.155], [-104.94, 19.31], [-105.045, 19.445], [-105.11, 19.56], [-105.285, 19.705], [-105.48, 19.975], [-105.53, 20.075], [-105.57, 20.23], [-105.615, 20.315], [-105.67, 20.385], [-105.64, 20.435], [-105.545, 20.5], [-105.375, 20.51], [-105.26, 20.58], [-105.245, 20.635], [-105.25, 20.67], [-105.325, 20.755], [-105.42, 20.775], [-105.49, 20.775], [-105.51, 20.81], [-105.455, 20.845], [-105.395, 20.925], [-105.3, 21.025], [-105.235, 21.12], [-105.225, 21.25], [-105.235, 21.38], [-105.21, 21.49], [-105.43, 21.62], [-105.455, 21.67], [-105.525, 21.82], [-105.65, 21.99], [-105.645, 22.325], [-105.79, 22.625], [-105.945, 22.775], [-106.02, 22.83], [-106.235, 23.06], [-106.4, 23.195], [-106.565, 23.45], [-106.73, 23.61], [-106.935, 23.88], [-107.085, 24.015], [-107.765, 24.47], [-107.725, 24.47], [-107.525, 24.36], [-107.495, 24.37], [-107.49, 24.425], [-107.51, 24.49], [-107.55, 24.505], [-107.6, 24.49], [-107.675, 24.505], [-107.71, 24.525], [-107.815, 24.54], [-107.95, 24.615], [-108.01, 24.695], [-108.015, 24.785], [-108.21, 24.975], [-108.28, 25.08], [-108.245, 25.075], [-108.19, 25.03], [-108.14, 25.02], [-108.08, 25.02], [-108.035, 25.035], [-108.05, 25.065], [-108.095, 25.095], [-108.375, 25.195], [-108.465, 25.265], [-108.695, 25.385], [-108.75, 25.425], [-108.785, 25.54], [-108.845, 25.545], [-108.895, 25.51], [-109.03, 25.48], [-109.065, 25.515], [-109.07, 25.55], [-108.975, 25.59], [-108.885, 25.695], [-108.885, 25.735], [-108.935, 25.69], [-109.01, 25.64], [-109.085, 25.615], [-109.195, 25.595], [-109.255, 25.61], [-109.305, 25.635], [-109.385, 25.725], [-109.425, 26.035], [-109.355, 26.14], [-109.27, 26.245], [-109.2, 26.305], [-109.16, 26.26], [-109.115, 26.255], [-109.145, 26.305], [-109.215, 26.355], [-109.24, 26.405], [-109.245, 26.45], [-109.275, 26.535], [-109.485, 26.71], [-109.675, 26.695], [-109.755, 26.705], [-109.83, 26.77], [-109.89, 26.885], [-109.92, 26.98], [-109.925, 27.03], [-109.945, 27.08], [-110.275, 27.16], [-110.375, 27.235], [-110.48, 27.325], [-110.52, 27.395], [-110.56, 27.45], [-110.595, 27.545], [-110.615, 27.655], [-110.58, 27.795], [-110.53, 27.865], [-110.76, 27.915], [-110.85, 27.92], [-110.92, 27.89], [-110.985, 27.925], [-111.12, 27.965], [-111.28, 28.115], [-111.47, 28.385], [-111.68, 28.47], [-111.745, 28.565], [-111.83, 28.65], [-111.905, 28.75], [-111.92, 28.8], [-111.94, 28.825], [-112.045, 28.895], [-112.16, 29.02], [-112.19, 29.12], [-112.225, 29.27], [-112.3, 29.325], [-112.38, 29.35], [-112.395, 29.42], [-112.39, 29.46], [-112.415, 29.535], [-112.575, 29.72], [-112.655, 29.87], [-112.695, 29.915], [-112.74, 29.985], [-112.76, 30.125], [-112.825, 30.3], [-112.95, 30.51], [-113.06, 30.65], [-113.11, 30.795], [-113.085, 30.94], [-113.105, 31.025], [-113.12, 31.05], [-113.11, 31.075], [-113.075, 31.06], [-113.045, 31.085], [-113.045, 31.18], [-113.085, 31.205], [-113.185, 31.235], [-113.23, 31.255], [-113.48, 31.295], [-113.625, 31.345], [-113.635, 31.47], [-113.7, 31.525], [-113.76, 31.56], [-113.95, 31.63], [-113.975, 31.595], [-114.005, 31.525], [-114.08, 31.51], [-114.15, 31.505], [-114.265, 31.555], [-114.55, 31.735], [-114.61, 31.76], [-114.7, 31.775], [-114.74, 31.805], [-114.935, 31.9], [-114.895, 31.85], [-114.84, 31.8], [-114.79, 31.645], [-114.85, 31.54], [-114.88, 31.155], [-114.845, 31.08], [-114.76, 30.96], [-114.705, 30.765], [-114.685, 30.62], [-114.635, 30.505], [-114.65, 30.24], [-114.63, 30.155], [-114.55, 30.02], [-114.405, 29.895], [-114.375, 29.83], [-114.18, 29.735], [-114.06, 29.61], [-113.83, 29.44], [-113.755, 29.365], [-113.545, 29.1], [-113.54, 29.025], [-113.5, 28.925], [-113.38, 28.945], [-113.33, 28.875], [-113.335, 28.84], [-113.32, 28.815], [-113.26, 28.82], [-113.205, 28.8], [-113.095, 28.51], [-113.035, 28.475], [-112.955, 28.455], [-112.87, 28.425], [-112.865, 28.35], [-112.87, 28.29], [-112.795, 28.205], [-112.81, 28.09], [-112.75, 27.995], [-112.76, 27.9], [-112.735, 27.825], [-112.555, 27.655], [-112.33, 27.525], [-112.285, 27.345], [-112.19, 27.185], [-112.1, 27.145], [-112.005, 27.08], [-112.015, 27.01], [-112.01, 26.965], [-111.885, 26.84], [-111.865, 26.68], [-111.755, 26.575], [-111.725, 26.565], [-111.7, 26.58], [-111.78, 26.685], [-111.815, 26.755], [-111.82, 26.865], [-111.795, 26.88], [-111.57, 26.71], [-111.545, 26.58], [-111.47, 26.505], [-111.465, 26.41], [-111.42, 26.35], [-111.405, 26.265], [-111.33, 26.125], [-111.33, 25.93], [-111.29, 25.79], [-111.15, 25.575], [-111.035, 25.525], [-111.015, 25.42], [-110.895, 25.145], [-110.755, 24.995], [-110.685, 24.87], [-110.675, 24.79], [-110.73, 24.67], [-110.735, 24.59], [-110.66, 24.34], [-110.545, 24.215], [-110.42, 24.185], [-110.4, 24.165], [-110.41, 24.13], [-110.365, 24.1], [-110.32, 24.14], [-110.295, 24.195], [-110.32, 24.26], [-110.325, 24.305], [-110.305, 24.34], [-110.265, 24.345], [-110.025, 24.175], [-109.985, 24.11], [-109.895, 24.035], [-109.81, 23.94], [-109.775, 23.865], [-109.71, 23.805], [-109.675, 23.66], [-109.51, 23.6], [-109.42, 23.48], [-109.415, 23.405], [-109.46, 23.215], [-109.495, 23.16], [-109.63, 23.08], [-109.73, 22.98], [-109.825, 22.92], [-109.925, 22.885], [-110.005, 22.895], [-110.085, 23.005], [-110.18, 23.34], [-110.245, 23.41], [-110.29, 23.52], [-110.365, 23.605], [-110.63, 23.735], [-110.765, 23.875], [-110.895, 23.97], [-111.035, 24.105], [-111.42, 24.33], [-111.58, 24.445], [-111.685, 24.555], [-111.75, 24.555], [-111.8, 24.545], [-111.82, 24.575], [-111.825, 24.63], [-111.85, 24.67], [-112.075, 24.84], [-112.12, 24.935], [-112.13, 25.045], [-112.08, 25.325], [-112.055, 25.49], [-112.07, 25.575], [-112.095, 25.585], [-112.115, 25.63], [-112.12, 25.765], [-112.175, 25.915], [-112.375, 26.215], [-112.525, 26.275], [-112.66, 26.315], [-113.02, 26.585], [-113.12, 26.715], [-113.145, 26.79], [-113.155, 26.945], [-113.205, 26.855], [-113.27, 26.79], [-113.425, 26.795], [-113.6, 26.72], [-113.7, 26.79], [-113.755, 26.87], [-113.84, 26.965], [-113.935, 26.985], [-113.995, 26.99], [-114.11, 27.105], [-114.2, 27.145], [-114.335, 27.16], [-114.445, 27.22], [-114.48, 27.285], [-114.5, 27.375], [-114.54, 27.43], [-114.715, 27.54], [-114.86, 27.66], [-114.995, 27.735], [-115.035, 27.8], [-115.035, 27.84], [-114.825, 27.83], [-114.57, 27.785], [-114.45, 27.795], [-114.375, 27.84], [-114.3, 27.875], [-114.29, 27.84], [-114.3, 27.775], [-114.235, 27.72], [-114.135, 27.67], [-114.07, 27.675], [-114.135, 27.725], [-114.175, 27.83], [-114.155, 27.87], [-114.16, 27.92], [-114.255, 27.91], [-114.265, 27.935], [-114.185, 28.015], [-114.095, 28.22], [-114.05, 28.425], [-114.145, 28.605], [-114.31, 28.73], [-114.665, 29.095], [-114.875, 29.28], [-114.935, 29.35], [-114.995, 29.385], [-115.165, 29.425], [-115.31, 29.53], [-115.565, 29.68], [-115.675, 29.755], [-115.75, 29.935], [-115.81, 29.96], [-115.79, 30.085], [-115.815, 30.305], [-115.86, 30.36], [-115.995, 30.415], [-116.03, 30.565], [-116.035, 30.705], [-116.06, 30.805], [-116.295, 30.97], [-116.31, 31.05], [-116.31, 31.125], [-116.335, 31.205], [-116.46, 31.36], [-116.61, 31.5], [-116.66, 31.565], [-116.67, 31.7], [-116.72, 31.735], [-116.7, 31.745], [-116.65, 31.74], [-116.625, 31.76], [-116.62, 31.85], [-116.85, 31.995], [-116.915, 32.2], [-117.035, 32.305], [-117.065, 32.345], [-117.13, 32.535]]], [[[-86.94, 20.305], [-86.99, 20.27], [-87.02, 20.38], [-86.98, 20.49], [-86.93, 20.55], [-86.83, 20.56], [-86.765, 20.58], [-86.755, 20.55], [-86.81, 20.47], [-86.94, 20.305]]], [[[-106.5, 21.61], [-106.53, 21.53], [-106.605, 21.56], [-106.635, 21.615], [-106.64, 21.7], [-106.595, 21.71], [-106.535, 21.675], [-106.525, 21.65], [-106.5, 21.61]]], [[[-110.915, 18.74], [-110.975, 18.72], [-111.065, 18.78], [-111.04, 18.83], [-110.99, 18.865], [-110.94, 18.8], [-110.915, 18.74]]], [[[-110.565, 25.005], [-110.54, 24.89], [-110.59, 24.91], [-110.655, 24.97], [-110.705, 25.045], [-110.7, 25.08], [-110.69, 25.09], [-110.595, 25.04], [-110.565, 25.005]]], [[[-113.155, 29.05], [-113.165, 29.035], [-113.265, 29.095], [-113.495, 29.31], [-113.58, 29.415], [-113.595, 29.465], [-113.585, 29.575], [-113.51, 29.56], [-113.415, 29.485], [-113.375, 29.415], [-113.375, 29.34], [-113.2, 29.3], [-113.18, 29.13], [-113.155, 29.05]]], [[[-115.17, 28.07], [-115.185, 28.035], [-115.355, 28.105], [-115.26, 28.22], [-115.275, 28.345], [-115.235, 28.37], [-115.195, 28.33], [-115.15, 28.17], [-115.17, 28.07]]], [[[-112.205, 29.005], [-112.28, 28.77], [-112.355, 28.775], [-112.515, 28.85], [-112.53, 28.895], [-112.47, 29.17], [-112.425, 29.205], [-112.285, 29.24], [-112.265, 29.205], [-112.25, 29.125], [-112.205, 29.005]]], [[[-118.245, 28.94], [-118.285, 28.905], [-118.4, 29.11], [-118.4, 29.165], [-118.37, 29.19], [-118.31, 29.185], [-118.31, 29.13], [-118.265, 29.085], [-118.245, 29.045], [-118.245, 28.94]]], [[[-86.715, 21.24], [-86.695, 21.19], [-86.715, 21.195], [-86.735, 21.235], [-86.755, 21.28], [-86.74, 21.28], [-86.725, 21.265], [-86.715, 21.24]]], [[[-91.685, 18.675], [-91.795, 18.655], [-91.815, 18.675], [-91.59, 18.78], [-91.55, 18.775], [-91.535, 18.76], [-91.655, 18.71], [-91.685, 18.675]]], [[[-109.805, 24.15], [-109.825, 24.15], [-109.88, 24.2], [-109.9, 24.33], [-109.89, 24.345], [-109.795, 24.185], [-109.795, 24.165], [-109.805, 24.15]]], [[[-114.695, 31.705], [-114.725, 31.7], [-114.79, 31.745], [-114.785, 31.79], [-114.77, 31.795], [-114.71, 31.755], [-114.69, 31.725], [-114.695, 31.705]]], [[[-111.1, 26.02], [-111.09, 25.985], [-111.095, 25.975], [-111.135, 26.0], [-111.205, 25.85], [-111.225, 25.835], [-111.185, 26.04], [-111.14, 26.07], [-111.09, 26.075], [-111.1, 26.02]]], [[[-111.7, 24.395], [-111.71, 24.345], [-112.015, 24.535], [-111.94, 24.55], [-111.855, 24.54], [-111.7, 24.395]]], [[[-112.055, 24.545], [-112.075, 24.535], [-112.165, 24.65], [-112.175, 24.73], [-112.21, 24.765], [-112.295, 24.79], [-112.22, 24.95], [-112.16, 25.285], [-112.13, 25.225], [-112.2, 24.885], [-112.195, 24.84], [-112.165, 24.8], [-112.13, 24.73], [-112.125, 24.655], [-112.065, 24.585], [-112.055, 24.545]]]]}}, {"type": "Feature", "properties": {"id": "COL", "nombre": "Colombia"}, "geometry": {"type": "MultiPolygon", "coordinates": [[[[-71.32, 11.86], [-71.355, 11.85], [-71.4, 11.825], [-71.535, 11.775], [-71.72, 11.725], [-71.96, 11.665], [-72.01, 11.6], [-72.25, 11.195], [-72.445, 11.115], [-72.52, 11.055], [-72.57, 10.975], [-72.69, 10.835], [-72.74, 10.725], [-72.87, 10.49], [-72.94, 10.195], [-72.965, 10.03], [-73.005, 9.79], [-73.065, 9.67], [-73.14, 9.555], [-73.225, 9.445], [-73.295, 9.32], [-73.355, 9.225], [-73.365, 9.195], [-73.335, 9.17], [-73.195, 9.195], [-73.135, 9.225], [-73.06, 9.26], [-73.01, 9.24], [-72.96, 9.135], [-72.905, 9.12], [-72.85, 9.135], [-72.795, 9.11], [-72.725, 8.85], [-72.665, 8.63], [-72.525, 8.49], [-72.415, 8.38], [-72.39, 8.285], [-72.365, 8.155], [-72.36, 8.085], [-72.39, 8.05], [-72.445, 7.965], [-72.46, 7.81], [-72.47, 7.76], [-72.48, 7.615], [-72.47, 7.525], [-72.445, 7.455], [-72.395, 7.415], [-72.295, 7.395], [-72.21, 7.37], [-72.155, 7.25], [-72.085, 7.095], [-72.005, 7.035], [-71.895, 6.99], [-71.81, 7.005], [-71.62, 7.035], [-71.455, 7.025], [-71.22, 6.985], [-71.13, 6.985], [-71.015, 6.995], [-70.81, 7.08], [-70.735, 7.09], [-70.655, 7.085], [-70.535, 7.04], [-70.47, 7.005], [-70.39, 6.975], [-70.265, 6.95], [-70.19, 6.95], [-70.13, 6.955], [-70.095, 6.94], [-69.905, 6.7], [-69.74, 6.495], [-69.595, 6.32], [-69.44, 6.135], [-69.425, 6.125], [-69.355, 6.15], [-69.31, 6.14], [-69.27, 6.1], [-69.195, 6.115], [-69.09, 6.185], [-68.935, 6.2], [-68.735, 6.155], [-68.47, 6.155], [-68.145, 6.2], [-67.94, 6.24], [-67.86, 6.29], [-67.725, 6.285], [-67.57, 6.24], [-67.48, 6.18], [-67.47, 6.12], [-67.44, 6.025], [-67.475, 5.93], [-67.575, 5.835], [-67.63, 5.71], [-67.64, 5.56], [-67.695, 5.45], [-67.79, 5.375], [-67.825, 5.27], [-67.805, 5.135], [-67.815, 4.93], [-67.855, 4.665], [-67.855, 4.505], [-67.815, 4.455], [-67.795, 4.38], [-67.8, 4.285], [-67.785, 4.2], [-67.73, 4.085], [-67.66, 3.865], [-67.605, 3.77], [-67.55, 3.735], [-67.5, 3.69], [-67.35, 3.465], [-67.31, 3.415], [-67.32, 3.375], [-67.335, 3.345], [-67.355, 3.325], [-67.515, 3.185], [-67.835, 2.895], [-67.86, 2.855], [-67.86, 2.795], [-67.765, 2.835], [-67.665, 2.8], [-67.62, 2.795], [-67.595, 2.77], [-67.57, 2.69], [-67.535, 2.675], [-67.485, 2.645], [-67.39, 2.56], [-67.31, 2.47], [-67.255, 2.43], [-67.21, 2.39], [-67.2, 2.335], [-67.215, 2.275], [-67.165, 2.145], [-67.13, 2.1], [-67.115, 2.05], [-67.13, 2.0], [-67.09, 1.94], [-67.045, 1.825], [-66.99, 1.68], [-66.98, 1.6], [-66.96, 1.565], [-66.93, 1.46], [-66.885, 1.36], [-66.895, 1.29], [-66.875, 1.225], [-67.065, 1.18], [-67.08, 1.185], [-67.095, 1.21], [-67.09, 1.4], [-67.09, 1.615], [-67.12, 1.705], [-67.205, 1.845], [-67.32, 2.03], [-67.35, 2.085], [-67.4, 2.115], [-67.46, 2.12], [-67.5, 2.11], [-67.555, 2.075], [-67.61, 2.035], [-67.71, 1.92], [-67.815, 1.79], [-67.875, 1.76], [-67.935, 1.75], [-67.99, 1.755], [-68.035, 1.79], [-68.075, 1.86], [-68.13, 1.955], [-68.195, 1.985], [-68.22, 1.96], [-68.24, 1.9], [-68.255, 1.845], [-68.215, 1.775], [-68.175, 1.72], [-68.24, 1.72], [-68.445, 1.72], [-68.68, 1.72], [-68.915, 1.72], [-69.125, 1.72], [-69.32, 1.72], [-69.395, 1.725], [-69.47, 1.76], [-69.545, 1.775], [-69.58, 1.77], [-69.65, 1.74], [-69.74, 1.735], [-69.8, 1.705], [-69.85, 1.71], [-69.85, 1.545], [-69.85, 1.31], [-69.85, 1.06], [-69.8, 1.08], [-69.75, 1.075], [-69.715, 1.06], [-69.62, 1.075], [-69.57, 1.065], [-69.515, 1.06], [-69.47, 1.06], [-69.44, 1.04], [-69.405, 1.04], [-69.36, 1.065], [-69.31, 1.05], [-69.26, 1.015], [-69.225, 0.965], [-69.195, 0.9], [-69.165, 0.865], [-69.165, 0.8], [-69.165, 0.755], [-69.175, 0.715], [-69.165, 0.685], [-69.155, 0.66], [-69.155, 0.645], [-69.175, 0.635], [-69.215, 0.63], [-69.255, 0.625], [-69.285, 0.625], [-69.305, 0.65], [-69.325, 0.655], [-69.36, 0.65], [-69.39, 0.665], [-69.42, 0.7], [-69.47, 0.73], [-69.525, 0.715], [-69.565, 0.7], [-69.605, 0.68], [-69.64, 0.66], [-69.675, 0.665], [-69.72, 0.65], [-69.755, 0.625], [-69.805, 0.605], [-69.86, 0.6], [-69.925, 0.59], [-69.985, 0.585], [-70.055, 0.58], [-70.06, 0.445], [-70.065, 0.19], [-70.07, 0.02], [-70.07, -0.14], [-70.045, -0.195], [-69.925, -0.315], [-69.83, -0.38], [-69.745, -0.455], [-69.665, -0.48], [-69.635, -0.51], [-69.61, -0.555], [-69.6, -0.6], [-69.59, -0.64], [-69.6, -0.68], [-69.62, -0.72], [-69.61, -0.765], [-69.585, -0.795], [-69.575, -0.84], [-69.555, -0.875], [-69.545, -0.915], [-69.52, -0.945], [-69.49, -0.965], [-69.45, -1.0], [-69.445, -1.03], [-69.45, -1.065], [-69.45, -1.09], [-69.41, -1.15], [-69.4, -1.195], [-69.42, -1.245], [-69.435, -1.42], [-69.48, -1.62], [-69.505, -1.775], [-69.55, -2.025], [-69.605, -2.315], [-69.67, -2.67], [-69.735, -3.015], [-69.795, -3.355], [-69.85, -3.66], [-69.91, -3.995], [-69.95, -4.2], [-69.965, -4.235], [-70.015, -4.16], [-70.095, -4.09], [-70.17, -4.05], [-70.2, -3.995], [-70.24, -3.885], [-70.3, -3.845], [-70.34, -3.815], [-70.38, -3.82], [-70.42, -3.85], [-70.485, -3.87], [-70.53, -3.865], [-70.705, -3.79], [-70.735, -3.78], [-70.62, -3.605], [-70.42, -3.29], [-70.29, -3.085], [-70.145, -2.865], [-70.075, -2.75], [-70.065, -2.73], [-70.065, -2.7], [-70.095, -2.66], [-70.165, -2.64], [-70.245, -2.605], [-70.295, -2.555], [-70.365, -2.53], [-70.42, -2.49], [-70.515, -2.455], [-70.575, -2.42], [-70.65, -2.405], [-70.705, -2.34], [-70.915, -2.22], [-70.97, -2.205], [-71.025, -2.225], [-71.115, -2.245], [-71.195, -2.315], [-71.3, -2.335], [-71.395, -2.335], [-71.445, -2.295], [-71.495, -2.28], [-71.56, -2.225], [-71.67, -2.18], [-71.755, -2.155], [-71.805, -2.165], [-71.865, -2.23], [-71.93, -2.29], [-71.985, -2.325], [-72.055, -2.325], [-72.135, -2.38], [-72.22, -2.4], [-72.3, -2.41], [-72.395, -2.43], [-72.5, -2.395], [-72.585, -2.365], [-72.625, -2.35], [-72.66, -2.36], [-72.715, -2.39], [-72.81, -2.405], [-72.885, -2.41], [-72.94, -2.395], [-72.99, -2.34], [-73.07, -2.31], [-73.155, -2.28], [-73.175, -2.21], [-73.16, -2.155], [-73.125, -2.08], [-73.145, -2.005], [-73.18, -1.88], [-73.195, -1.83], [-73.225, -1.79], [-73.265, -1.77], [-73.35, -1.785], [-73.44, -1.735], [-73.495, -1.695], [-73.525, -1.64], [-73.495, -1.535], [-73.52, -1.45], [-73.575, -1.4], [-73.61, -1.315], [-73.665, -1.25], [-73.735, -1.215], [-73.805, -1.22], [-73.865, -1.195], [-73.925, -1.125], [-73.985, -1.1], [-74.055, -1.03], [-74.18, -1.0], [-74.245, -0.97], [-74.285, -0.93], [-74.335, -0.85], [-74.33, -0.81], [-74.355, -0.765], [-74.375, -0.69], [-74.42, -0.58], [-74.465, -0.52], [-74.515, -0.47], [-74.555, -0.43], [-74.615, -0.37], [-74.69, -0.335], [-74.755, -0.3], [-74.78, -0.245], [-74.8, -0.2], [-74.84, -0.205], [-74.89, -0.2], [-74.945, -0.19], [-75.005, -0.155], [-75.055, -0.115], [-75.14, -0.05], [-75.185, -0.04], [-75.225, -0.04], [-75.285, -0.105], [-75.465, -0.04], [-75.615, 0.065], [-75.775, 0.09], [-75.88, 0.15], [-75.975, 0.25], [-76.025, 0.315], [-76.07, 0.345], [-76.27, 0.44], [-76.31, 0.45], [-76.39, 0.405], [-76.415, 0.38], [-76.42, 0.305], [-76.425, 0.26], [-76.495, 0.235], [-76.605, 0.24], [-76.68, 0.27], [-76.73, 0.27], [-76.74, 0.25], [-76.77, 0.24], [-76.83, 0.25], [-76.92, 0.27], [-77.0, 0.295], [-77.115, 0.355], [-77.165, 0.35], [-77.295, 0.36], [-77.395, 0.395], [-77.425, 0.425], [-77.47, 0.635], [-77.48, 0.65], [-77.525, 0.66], [-77.6, 0.69], [-77.65, 0.725], [-77.675, 0.78], [-77.705, 0.84], [-77.83, 0.825], [-78.035, 0.9], [-78.18, 0.97], [-78.31, 1.045], [-78.51, 1.2], [-78.59, 1.235], [-78.68, 1.285], [-78.735, 1.36], [-78.83, 1.435], [-78.86, 1.455], [-78.89, 1.525], [-79.025, 1.625], [-78.96, 1.75], [-78.795, 1.85], [-78.575, 1.775], [-78.55, 1.925], [-78.63, 2.055], [-78.615, 2.305], [-78.59, 2.355], [-78.535, 2.425], [-78.46, 2.47], [-78.415, 2.485], [-78.345, 2.46], [-78.295, 2.51], [-78.12, 2.49], [-78.065, 2.51], [-78.03, 2.545], [-77.985, 2.57], [-77.93, 2.63], [-77.9, 2.7], [-77.875, 2.725], [-77.815, 2.715], [-77.81, 2.745], [-77.775, 2.785], [-77.67, 2.88], [-77.67, 2.92], [-77.7, 3.01], [-77.695, 3.04], [-77.63, 3.05], [-77.56, 3.075], [-77.52, 3.16], [-77.47, 3.235], [-77.415, 3.34], [-77.355, 3.35], [-77.325, 3.475], [-77.245, 3.585], [-77.075, 3.915], [-77.125, 3.905], [-77.165, 3.86], [-77.21, 3.865], [-77.265, 3.895], [-77.25, 4.04], [-77.28, 4.06], [-77.36, 3.945], [-77.425, 4.06], [-77.435, 4.13], [-77.405, 4.2], [-77.41, 4.25], [-77.52, 4.215], [-77.515, 4.255], [-77.445, 4.3], [-77.415, 4.35], [-77.355, 4.4], [-77.33, 4.475], [-77.315, 4.595], [-77.285, 4.72], [-77.305, 4.785], [-77.34, 4.84], [-77.365, 5.075], [-77.36, 5.215], [-77.375, 5.325], [-77.4, 5.415], [-77.535, 5.535], [-77.325, 5.675], [-77.25, 5.78], [-77.345, 5.995], [-77.47, 6.175], [-77.475, 6.285], [-77.44, 6.27], [-77.4, 6.275], [-77.36, 6.505], [-77.37, 6.575], [-77.44, 6.69], [-77.525, 6.695], [-77.6, 6.835], [-77.645, 6.87], [-77.68, 6.96], [-77.805, 7.135], [-77.9, 7.23], [-77.83, 7.445], [-77.765, 7.485], [-77.745, 7.535], [-77.77, 7.67], [-77.76, 7.7], [-77.745, 7.71], [-77.73, 7.71], [-77.705, 7.69], [-77.66, 7.635], [-77.62, 7.565], [-77.585, 7.545], [-77.54, 7.565], [-77.35, 7.705], [-77.365, 7.75], [-77.345, 7.835], [-77.285, 7.91], [-77.215, 7.935], [-77.195, 7.97], [-77.21, 8.035], [-77.285, 8.185], [-77.345, 8.27], [-77.385, 8.35], [-77.405, 8.425], [-77.48, 8.5], [-77.45, 8.565], [-77.395, 8.645], [-77.375, 8.66], [-77.345, 8.635], [-77.26, 8.495], [-77.13, 8.4], [-76.99, 8.25], [-76.935, 8.145], [-76.89, 8.13], [-76.85, 8.09], [-76.87, 8.065], [-76.91, 8.035], [-76.925, 7.975], [-76.895, 7.94], [-76.865, 7.92], [-76.785, 7.93], [-76.74, 8.0], [-76.77, 8.31], [-76.82, 8.465], [-76.87, 8.515], [-76.92, 8.575], [-76.89, 8.62], [-76.8, 8.64], [-76.69, 8.695], [-76.275, 8.99], [-76.135, 9.265], [-76.025, 9.365], [-75.905, 9.43], [-75.755, 9.415], [-75.64, 9.45], [-75.605, 9.54], [-75.635, 9.66], [-75.68, 9.73], [-75.635, 9.835], [-75.595, 9.995], [-75.595, 10.125], [-75.54, 10.205], [-75.56, 10.235], [-75.64, 10.17], [-75.71, 10.145], [-75.67, 10.195], [-75.555, 10.33], [-75.495, 10.53], [-75.445, 10.61], [-75.28, 10.725], [-75.25, 10.785], [-75.125, 10.87], [-74.92, 11.06], [-74.845, 11.11], [-74.455, 10.99], [-74.33, 10.995], [-74.35, 10.975], [-74.41, 10.965], [-74.49, 10.935], [-74.515, 10.86], [-74.46, 10.785], [-74.4, 10.765], [-74.35, 10.815], [-74.3, 10.95], [-74.22, 11.105], [-74.2, 11.265], [-74.145, 11.32], [-74.06, 11.34], [-73.91, 11.31], [-73.795, 11.275], [-73.675, 11.27], [-73.315, 11.295], [-72.72, 11.71], [-72.445, 11.8], [-72.275, 11.89], [-72.165, 12.06], [-72.135, 12.19], [-72.055, 12.24], [-71.97, 12.24], [-71.93, 12.27], [-71.92, 12.31], [-71.715, 12.42], [-71.595, 12.435], [-71.495, 12.43], [-71.26, 12.335], [-71.155, 12.165], [-71.135, 12.045], [-71.285, 11.92], [-71.32, 11.86]]], [[[-78.115, 2.54], [-78.14, 2.52], [-78.19, 2.56], [-78.21, 2.61], [-78.18, 2.645], [-78.14, 2.635], [-78.12, 2.605], [-78.115, 2.54]]]]}}, {"type": "Feature", "properties": {"id": "CHL", "nombre": "Chile"}, "geometry": {"type": "MultiPolygon", "coordinates": [[[[-109.28, -27.14], [-109.435, -27.17], [-109.43, -27.115], [-109.39, -27.07], [-109.275, -27.095], [-109.225, -27.1], [-109.28, -27.14]]], [[[-78.805, -33.645], [-78.985, -33.67], [-78.99, -33.66], [-78.98, -33.645], [-78.94, -33.615], [-78.89, -33.575], [-78.875, -33.575], [-78.86, -33.58], [-78.84, -33.585], [-78.785, -33.61], [-78.77, -33.625], [-78.775, -33.64], [-78.805, -33.645]]], [[[-70.42, -18.345], [-70.375, -18.335], [-70.28, -18.325], [-70.185, -18.325], [-70.06, -18.285], [-69.925, -18.205], [-69.84, -18.095], [-69.805, -17.99], [-69.8, -17.9], [-69.84, -17.785], [-69.85, -17.705], [-69.805, -17.665], [-69.685, -17.65], [-69.585, -17.575], [-69.51, -17.505], [-69.495, -17.62], [-69.36, -17.77], [-69.315, -17.945], [-69.28, -17.965], [-69.095, -18.05], [-69.09, -18.07], [-69.12, -18.105], [-69.145, -18.145], [-69.125, -18.2], [-69.09, -18.28], [-69.08, -18.355], [-69.06, -18.435], [-69.04, -18.55], [-69.025, -18.655], [-68.98, -18.815], [-68.97, -18.91], [-68.97, -18.97], [-68.93, -19.025], [-68.86, -19.095], [-68.76, -19.16], [-68.68, -19.24], [-68.62, -19.295], [-68.55, -19.34], [-68.49, -19.38], [-68.47, -19.41], [-68.465, -19.435], [-68.485, -19.455], [-68.575, -19.56], [-68.7, -19.72], [-68.695, -19.74], [-68.58, -19.855], [-68.56, -19.9], [-68.56, -19.965], [-68.6, -20.045], [-68.725, -20.07], [-68.755, -20.09], [-68.76, -20.115], [-68.73, -20.15], [-68.735, -20.225], [-68.69, -20.31], [-68.71, -20.34], [-68.76, -20.38], [-68.76, -20.415], [-68.745, -20.46], [-68.695, -20.495], [-68.5, -20.61], [-68.485, -20.63], [-68.485, -20.64], [-68.565, -20.72], [-68.57, -20.77], [-68.57, -20.85], [-68.56, -20.9], [-68.535, -20.925], [-68.435, -20.95], [-68.315, -21.13], [-68.195, -21.3], [-68.2, -21.445], [-68.185, -21.62], [-68.11, -21.755], [-68.1, -21.86], [-68.075, -21.985], [-67.99, -22.055], [-67.955, -22.205], [-67.945, -22.28], [-67.95, -22.335], [-67.88, -22.495], [-67.875, -22.63], [-67.89, -22.73], [-67.89, -22.785], [-67.88, -22.825], [-67.82, -22.86], [-67.795, -22.88], [-67.705, -22.89], [-67.58, -22.89], [-67.36, -22.855], [-67.195, -22.82], [-67.01, -23.0], [-67.09, -23.245], [-67.22, -23.635], [-67.32, -23.935], [-67.335, -23.975], [-67.355, -24.035], [-67.57, -24.12], [-67.885, -24.245], [-68.045, -24.31], [-68.25, -24.39], [-68.3, -24.46], [-68.36, -24.495], [-68.425, -24.545], [-68.445, -24.595], [-68.505, -24.63], [-68.56, -24.745], [-68.56, -24.84], [-68.525, -24.9], [-68.465, -24.925], [-68.445, -25.0], [-68.43, -25.05], [-68.385, -25.09], [-68.395, -25.125], [-68.43, -25.15], [-68.495, -25.165], [-68.54, -25.235], [-68.59, -25.42], [-68.6, -25.485], [-68.54, -25.65], [-68.51, -25.74], [-68.425, -26.065], [-68.415, -26.155], [-68.53, -26.275], [-68.575, -26.35], [-68.59, -26.42], [-68.59, -26.47], [-68.58, -26.52], [-68.485, -26.67], [-68.375, -26.805], [-68.32, -26.88], [-68.32, -26.975], [-68.345, -27.03], [-68.405, -27.05], [-68.535, -27.085], [-68.59, -27.14], [-68.65, -27.15], [-68.71, -27.105], [-68.77, -27.115], [-68.845, -27.155], [-68.875, -27.245], [-68.94, -27.405], [-69.0, -27.45], [-69.04, -27.57], [-69.12, -27.745], [-69.155, -27.85], [-69.175, -27.925], [-69.25, -27.975], [-69.34, -28.07], [-69.41, -28.165], [-69.435, -28.195], [-69.49, -28.2], [-69.525, -28.285], [-69.655, -28.415], [-69.69, -28.56], [-69.735, -28.64], [-69.745, -28.785], [-69.815, -29.045], [-69.83, -29.105], [-69.9, -29.15], [-69.995, -29.25], [-70.025, -29.325], [-69.985, -29.545], [-69.93, -29.77], [-69.925, -29.875], [-69.945, -30.015], [-69.96, -30.08], [-69.925, -30.105], [-69.865, -30.12], [-69.845, -30.175], [-69.89, -30.215], [-69.905, -30.28], [-69.955, -30.36], [-70.1, -30.39], [-70.155, -30.36], [-70.17, -30.385], [-70.16, -30.44], [-70.195, -30.505], [-70.27, -30.675], [-70.32, -30.835], [-70.35, -30.9], [-70.335, -30.96], [-70.31, -30.995], [-70.31, -31.025], [-70.35, -31.06], [-70.39, -31.12], [-70.43, -31.13], [-70.475, -31.115], [-70.52, -31.15], [-70.53, -31.225], [-70.555, -31.315], [-70.565, -31.43], [-70.585, -31.57], [-70.525, -31.665], [-70.45, -31.84], [-70.395, -31.885], [-70.33, -31.88], [-70.28, -31.915], [-70.255, -31.96], [-70.29, -32.03], [-70.355, -32.04], [-70.365, -32.085], [-70.345, -32.175], [-70.32, -32.265], [-70.26, -32.31], [-70.23, -32.43], [-70.17, -32.47], [-70.175, -32.625], [-70.115, -32.805], [-70.05, -32.86], [-70.02, -32.885], [-70.04, -32.965], [-70.095, -33.025], [-70.105, -33.13], [-70.085, -33.2], [-70.02, -33.27], [-69.97, -33.28], [-69.895, -33.25], [-69.82, -33.285], [-69.81, -33.345], [-69.8, -33.4], [-69.84, -33.47], [-69.885, -33.6], [-69.895, -33.73], [-69.88, -33.93], [-69.86, -34.085], [-69.855, -34.18], [-69.85, -34.225], [-69.88, -34.255], [-69.945, -34.27], [-70.005, -34.275], [-70.05, -34.3], [-70.065, -34.35], [-70.1, -34.43], [-70.14, -34.495], [-70.21, -34.58], [-70.255, -34.675], [-70.29, -34.735], [-70.285, -34.775], [-70.31, -34.855], [-70.34, -34.92], [-70.395, -35.145], [-70.465, -35.195], [-70.525, -35.215], [-70.555, -35.245], [-70.53, -35.31], [-70.47, -35.325], [-70.45, -35.375], [-70.455, -35.45], [-70.415, -35.525], [-70.42, -35.61], [-70.38, -35.77], [-70.415, -35.88], [-70.405, -35.97], [-70.405, -36.06], [-70.455, -36.135], [-70.565, -36.145], [-70.62, -36.21], [-70.72, -36.285], [-70.735, -36.34], [-70.75, -36.395], [-70.79, -36.41], [-70.855, -36.41], [-70.905, -36.42], [-70.98, -36.485], [-71.055, -36.525], [-71.075, -36.58], [-71.065, -36.645], [-71.105, -36.685], [-71.16, -36.76], [-71.19, -36.845], [-71.16, -36.92], [-71.125, -37.055], [-71.12, -37.115], [-71.165, -37.225], [-71.2, -37.3], [-71.165, -37.395], [-71.135, -37.445], [-71.165, -37.56], [-71.185, -37.63], [-71.17, -37.76], [-71.095, -37.91], [-71.03, -38.04], [-71.02, -38.195], [-71.0, -38.315], [-70.97, -38.445], [-70.9, -38.5], [-70.85, -38.54], [-70.86, -38.605], [-70.895, -38.68], [-70.95, -38.74], [-71.085, -38.76], [-71.195, -38.81], [-71.285, -38.845], [-71.355, -38.89], [-71.4, -38.935], [-71.425, -38.985], [-71.41, -39.205], [-71.42, -39.285], [-71.465, -39.4], [-71.51, -39.495], [-71.525, -39.525], [-71.53, -39.565], [-71.54, -39.6], [-71.585, -39.61], [-71.655, -39.595], [-71.695, -39.605], [-71.72, -39.635], [-71.695, -39.705], [-71.67, -39.835], [-71.64, -39.885], [-71.645, -39.93], [-71.66, -40.02], [-71.705, -40.095], [-71.765, -40.095], [-71.8, -40.125], [-71.82, -40.175], [-71.8, -40.245], [-71.725, -40.3], [-71.695, -40.335], [-71.71, -40.38], [-71.77, -40.4], [-71.805, -40.44], [-71.84, -40.525], [-71.885, -40.62], [-71.93, -40.69], [-71.94, -40.79], [-71.875, -40.895], [-71.88, -40.995], [-71.885, -41.29], [-71.89, -41.395], [-71.87, -41.56], [-71.9, -41.605], [-71.91, -41.65], [-71.845, -41.77], [-71.77, -41.97], [-71.75, -42.045], [-71.76, -42.1], [-71.86, -42.15], [-71.945, -42.165], [-71.995, -42.135], [-72.025, -42.15], [-72.065, -42.205], [-72.11, -42.25], [-72.125, -42.3], [-72.08, -42.36], [-72.055, -42.475], [-72.105, -42.52], [-72.145, -42.575], [-72.13, -42.65], [-72.115, -42.775], [-72.145, -42.99], [-72.1, -43.065], [-72.055, -43.1], [-71.9, -43.145], [-71.78, -43.165], [-71.75, -43.235], [-71.765, -43.295], [-71.82, -43.325], [-71.905, -43.35], [-71.905, -43.44], [-71.83, -43.525], [-71.75, -43.59], [-71.735, -43.645], [-71.735, -43.705], [-71.795, -43.755], [-71.715, -43.86], [-71.68, -43.93], [-71.715, -43.985], [-71.765, -44.065], [-71.81, -44.105], [-71.81, -44.15], [-71.83, -44.24], [-71.835, -44.33], [-71.82, -44.385], [-71.325, -44.425], [-71.215, -44.44], [-71.15, -44.495], [-71.16, -44.56], [-71.22, -44.63], [-71.26, -44.765], [-71.36, -44.785], [-71.455, -44.75], [-71.56, -44.76], [-71.65, -44.77], [-71.785, -44.775], [-71.955, -44.79], [-72.065, -44.77], [-72.075, -44.82], [-72.04, -44.905], [-71.81, -44.93], [-71.595, -44.98], [-71.53, -45.07], [-71.445, -45.17], [-71.355, -45.23], [-71.35, -45.33], [-71.49, -45.44], [-71.51, -45.515], [-71.695, -45.535], [-71.745, -45.58], [-71.775, -45.725], [-71.75, -45.84], [-71.68, -45.88], [-71.63, -45.955], [-71.685, -46.04], [-71.81, -46.105], [-71.875, -46.16], [-71.835, -46.205], [-71.78, -46.28], [-71.76, -46.32], [-71.73, -46.43], [-71.695, -46.58], [-71.7, -46.65], [-71.735, -46.705], [-71.855, -46.79], [-71.94, -46.83], [-71.955, -46.935], [-71.965, -47.015], [-71.955, -47.09], [-71.9, -47.145], [-71.905, -47.2], [-71.98, -47.215], [-72.04, -47.24], [-72.105, -47.345], [-72.285, -47.445], [-72.345, -47.495], [-72.34, -47.57], [-72.415, -47.685], [-72.47, -47.785], [-72.52, -47.875], [-72.51, -47.975], [-72.41, -48.015], [-72.33, -48.11], [-72.295, -48.23], [-72.355, -48.365], [-72.5, -48.415], [-72.585, -48.475], [-72.61, -48.52], [-72.585, -48.66], [-72.59, -48.73], [-72.615, -48.795], [-72.65, -48.84], [-72.73, -48.895], [-72.865, -48.945], [-72.98, -48.975], [-73.035, -49.015], [-73.095, -49.095], [-73.15, -49.19], [-73.135, -49.3], [-73.46, -49.315], [-73.485, -49.4], [-73.555, -49.465], [-73.575, -49.585], [-73.505, -49.7], [-73.47, -49.795], [-73.53, -49.91], [-73.51, -50.03], [-73.5, -50.125], [-73.385, -50.23], [-73.31, -50.36], [-73.275, -50.475], [-73.25, -50.56], [-73.22, -50.61], [-73.175, -50.67], [-73.155, -50.74], [-73.08, -50.76], [-72.955, -50.695], [-72.865, -50.655], [-72.805, -50.64], [-72.62, -50.65], [-72.51, -50.61], [-72.46, -50.61], [-72.395, -50.635], [-72.34, -50.68], [-72.3, -50.79], [-72.275, -50.91], [-72.305, -51.035], [-72.36, -51.06], [-72.375, -51.095], [-72.36, -51.17], [-72.3, -51.225], [-72.305, -51.3], [-72.365, -51.47], [-72.41, -51.54], [-72.335, -51.62], [-72.27, -51.69], [-72.135, -51.745], [-72.03, -51.82], [-71.955, -51.88], [-71.97, -51.965], [-71.92, -51.99], [-71.715, -51.99], [-71.415, -51.995], [-70.945, -52.0], [-70.485, -52.0], [-69.96, -52.01], [-69.715, -52.075], [-69.49, -52.135], [-69.205, -52.135], [-68.925, -52.21], [-68.715, -52.255], [-68.59, -52.275], [-68.46, -52.29], [-68.445, -52.355], [-69.005, -52.265], [-69.135, -52.21], [-69.24, -52.205], [-69.445, -52.27], [-69.56, -52.42], [-69.62, -52.465], [-69.765, -52.505], [-69.905, -52.515], [-70.39, -52.66], [-70.565, -52.675], [-70.68, -52.71], [-70.795, -52.77], [-70.84, -52.89], [-70.82, -52.965], [-70.95, -53.225], [-70.985, -53.375], [-70.985, -53.45], [-70.95, -53.57], [-70.995, -53.78], [-71.085, -53.825], [-71.3, -53.885], [-71.445, -53.84], [-71.695, -53.805], [-71.87, -53.725], [-72.1, -53.665], [-72.175, -53.63], [-72.375, -53.47], [-72.4, -53.42], [-72.415, -53.35], [-72.305, -53.255], [-72.25, -53.245], [-72.08, -53.25], [-71.94, -53.235], [-71.855, -53.285], [-71.83, -53.4], [-71.865, -53.46], [-71.905, -53.495], [-71.89, -53.525], [-71.79, -53.485], [-71.74, -53.235], [-71.4, -53.105], [-71.29, -53.035], [-71.18, -52.92], [-71.165, -52.89], [-71.155, -52.845], [-71.225, -52.81], [-71.39, -52.765], [-71.9, -53.0], [-72.13, -53.065], [-72.28, -53.13], [-72.46, -53.255], [-72.495, -53.29], [-72.53, -53.37], [-72.55, -53.46], [-72.725, -53.42], [-73.0, -53.29], [-73.055, -53.245], [-73.0, -53.175], [-72.915, -53.12], [-72.91, -52.935], [-72.89, -52.87], [-72.83, -52.82], [-72.73, -52.76], [-72.675, -52.75], [-72.63, -52.775], [-72.625, -52.82], [-72.455, -52.815], [-72.12, -52.65], [-71.98, -52.645], [-71.795, -52.685], [-71.59, -52.66], [-71.555, -52.645], [-71.51, -52.605], [-71.665, -52.56], [-71.81, -52.535], [-72.225, -52.52], [-72.315, -52.54], [-72.44, -52.625], [-72.48, -52.605], [-72.505, -52.56], [-72.645, -52.53], [-72.71, -52.535], [-72.775, -52.575], [-72.765, -52.645], [-72.8, -52.71], [-72.93, -52.78], [-73.02, -52.89], [-73.015, -52.975], [-73.025, -53.02], [-73.055, -53.045], [-73.12, -53.075], [-73.34, -53.055], [-73.46, -52.965], [-73.51, -52.905], [-73.645, -52.835], [-73.345, -52.755], [-73.24, -52.705], [-73.145, -52.6], [-73.075, -52.535], [-73.125, -52.49], [-73.185, -52.49], [-73.18, -52.565], [-73.245, -52.625], [-73.38, -52.595], [-73.585, -52.685], [-73.71, -52.66], [-73.915, -52.69], [-74.015, -52.64], [-74.035, -52.575], [-74.0, -52.515], [-74.035, -52.405], [-74.095, -52.375], [-74.15, -52.385], [-74.175, -52.315], [-74.24, -52.2], [-74.265, -52.17], [-74.295, -52.12], [-74.265, -52.105], [-74.195, -52.12], [-74.135, -52.155], [-74.04, -52.16], [-73.835, -52.235], [-73.75, -52.215], [-73.705, -52.2], [-73.685, -52.135], [-73.685, -52.08], [-73.65, -52.08], [-73.53, -52.155], [-73.46, -52.145], [-73.325, -52.165], [-73.26, -52.16], [-73.135, -52.13], [-72.945, -52.045], [-72.845, -51.96], [-72.795, -51.95], [-72.735, -51.96], [-72.695, -51.985], [-72.695, -52.045], [-72.65, -52.1], [-72.59, -52.145], [-72.57, -52.2], [-72.585, -52.255], [-72.695, -52.33], [-72.715, -52.355], [-72.675, -52.385], [-72.63, -52.37], [-72.57, -52.335], [-72.535, -52.28], [-72.525, -52.255], [-72.52, -52.215], [-72.525, -52.17], [-72.615, -52.035], [-72.625, -52.005], [-72.625, -51.945], [-72.525, -51.89], [-72.495, -51.85], [-72.49, -51.765], [-72.545, -51.705], [-72.76, -51.575], [-73.125, -51.44], [-73.17, -51.455], [-73.195, -51.48], [-73.165, -51.495], [-73.115, -51.505], [-72.79, -51.615], [-72.705, -51.68], [-72.65, -51.695], [-72.585, -51.735], [-72.6, -51.8], [-72.93, -51.86], [-73.19, -51.99], [-73.385, -52.07], [-73.52, -52.04], [-73.58, -51.96], [-73.65, -51.855], [-73.755, -51.795], [-73.81, -51.8], [-73.86, -51.79], [-73.895, -51.76], [-73.975, -51.785], [-74.145, -51.71], [-74.195, -51.68], [-74.07, -51.58], [-73.93, -51.62], [-73.895, -51.33], [-73.94, -51.265], [-74.12, -51.195], [-74.21, -51.205], [-74.33, -51.195], [-74.415, -51.16], [-74.51, -51.15], [-74.585, -51.13], [-74.69, -51.085], [-74.815, -51.065], [-74.985, -50.88], [-75.055, -50.785], [-75.095, -50.68], [-74.835, -50.68], [-74.685, -50.66], [-74.65, -50.62], [-74.7, -50.535], [-74.775, -50.47], [-74.72, -50.41], [-74.645, -50.36], [-74.565, -50.38], [-74.365, -50.49], [-74.33, -50.56], [-74.19, -50.78], [-74.155, -50.795], [-74.14, -50.82], [-73.845, -50.94], [-73.805, -50.94], [-73.825, -50.835], [-73.74, -50.695], [-73.66, -50.65], [-73.62, -50.65], [-73.615, -50.63], [-73.695, -50.57], [-73.655, -50.495], [-73.68, -50.49], [-73.75, -50.54], [-73.89, -50.785], [-73.98, -50.825], [-74.095, -50.715], [-74.165, -50.64], [-74.195, -50.61], [-74.185, -50.485], [-73.95, -50.51], [-74.03, -50.47], [-74.305, -50.4], [-74.375, -50.365], [-74.425, -50.35], [-74.515, -50.265], [-74.63, -50.195], [-74.435, -50.065], [-74.335, -49.975], [-74.02, -50.025], [-73.96, -49.995], [-74.01, -49.93], [-74.075, -49.95], [-74.17, -49.905], [-74.325, -49.785], [-74.32, -49.72], [-74.29, -49.605], [-74.23, -49.58], [-74.1, -49.555], [-73.955, -49.595], [-73.89, -49.625], [-73.835, -49.61], [-73.89, -49.525], [-73.99, -49.49], [-74.095, -49.43], [-74.085, -49.36], [-74.05, -49.305], [-74.025, -49.245], [-74.005, -49.16], [-74.015, -49.09], [-73.985, -49.06], [-73.94, -49.045], [-73.935, -49.02], [-74.03, -49.025], [-74.06, -49.11], [-74.075, -49.19], [-74.14, -49.25], [-74.17, -49.32], [-74.185, -49.405], [-74.22, -49.5], [-74.3, -49.465], [-74.35, -49.425], [-74.365, -49.4], [-74.36, -49.35], [-74.38, -49.05], [-74.38, -48.795], [-74.34, -48.595], [-74.23, -48.515], [-74.175, -48.495], [-74.13, -48.505], [-74.055, -48.505], [-74.01, -48.475], [-74.17, -48.425], [-74.27, -48.455], [-74.345, -48.495], [-74.475, -48.465], [-74.5, -48.36], [-74.575, -48.275], [-74.59, -48.16], [-74.585, -48.0], [-74.4, -48.015], [-74.25, -48.045], [-73.855, -48.04], [-73.53, -48.2], [-73.385, -48.175], [-73.39, -48.145], [-73.5, -48.105], [-73.57, -48.02], [-73.61, -47.995], [-73.63, -47.94], [-73.635, -47.88], [-73.715, -47.655], [-73.75, -47.66], [-73.78, -47.74], [-73.845, -47.865], [-73.94, -47.93], [-74.085, -47.955], [-74.225, -47.97], [-74.35, -47.945], [-74.38, -47.89], [-74.375, -47.83], [-74.43, -47.8], [-74.57, -47.775], [-74.61, -47.76], [-74.655, -47.7], [-74.59, -47.62], [-74.535, -47.57], [-74.465, -47.58], [-74.405, -47.6], [-74.325, -47.665], [-74.245, -47.68], [-74.15, -47.625], [-74.135, -47.59], [-74.19, -47.57], [-74.245, -47.56], [-74.325, -47.53], [-74.485, -47.43], [-74.405, -47.33], [-74.215, -47.21], [-74.16, -47.185], [-74.21, -47.085], [-74.15, -46.975], [-74.21, -46.885], [-74.315, -46.79], [-74.455, -46.765], [-74.485, -46.795], [-74.49, -46.835], [-74.465, -46.865], [-74.48, -46.885], [-74.51, -46.885], [-74.69, -46.865], [-74.81, -46.8], [-75.005, -46.74], [-75.03, -46.695], [-75.055, -46.63], [-74.985, -46.51], [-75.02, -46.51], [-75.145, -46.6], [-75.335, -46.645], [-75.48, -46.66], [-75.54, -46.7], [-75.565, -46.73], [-75.53, -46.745], [-75.445, -46.75], [-75.385, -46.865], [-75.4, -46.905], [-75.43, -46.935], [-75.495, -46.94], [-75.635, -46.865], [-75.71, -46.775], [-75.705, -46.705], [-75.655, -46.61], [-75.435, -46.485], [-75.375, -46.43], [-75.245, -46.37], [-75.075, -46.235], [-74.925, -46.16], [-75.0, -46.1], [-75.075, -46.005], [-75.065, -45.875], [-74.765, -45.825], [-74.63, -45.845], [-74.465, -45.84], [-74.37, -45.81], [-74.3, -45.805], [-74.16, -45.765], [-74.095, -45.715], [-74.08, -45.68], [-74.085, -45.645], [-74.1, -45.605], [-74.125, -45.495], [-74.1, -45.46], [-74.04, -45.42], [-73.955, -45.405], [-73.92, -45.41], [-73.825, -45.445], [-73.845, -45.5], [-73.88, -45.57], [-73.96, -45.835], [-74.0, -45.895], [-74.06, -45.945], [-74.02, -46.055], [-74.08, -46.13], [-74.355, -46.215], [-74.395, -46.215], [-74.37, -46.245], [-74.215, -46.24], [-74.09, -46.22], [-73.97, -46.155], [-73.93, -46.05], [-73.88, -45.845], [-73.815, -45.82], [-73.735, -45.81], [-73.695, -45.86], [-73.71, -45.965], [-73.71, -46.07], [-73.81, -46.375], [-73.935, -46.5], [-73.95, -46.535], [-73.945, -46.57], [-73.845, -46.565], [-73.77, -46.5], [-73.715, -46.415], [-73.66, -46.295], [-73.67, -46.21], [-73.65, -46.16], [-73.63, -45.985], [-73.59, -45.9], [-73.595, -45.775], [-73.66, -45.73], [-73.755, -45.705], [-73.78, -45.63], [-73.73, -45.48], [-73.55, -45.485], [-73.38, -45.385], [-73.265, -45.345], [-73.2, -45.355], [-72.98, -45.45], [-72.935, -45.45], [-72.94, -45.415], [-72.975, -45.395], [-73.065, -45.36], [-73.225, -45.255], [-73.445, -45.24], [-73.405, -45.1], [-73.36, -44.98], [-73.255, -44.96], [-73.08, -44.92], [-72.74, -44.735], [-72.68, -44.595], [-72.665, -44.435], [-72.83, -44.395], [-73.0, -44.29], [-73.14, -44.24], [-73.265, -44.17], [-73.24, -44.065], [-73.225, -43.9], [-73.07, -43.86], [-72.995, -43.63], [-73.1, -43.455], [-73.075, -43.325], [-72.94, -43.21], [-72.915, -43.135], [-72.88, -43.05], [-72.76, -43.04], [-72.755, -42.995], [-72.765, -42.91], [-72.845, -42.81], [-72.85, -42.67], [-72.775, -42.505], [-72.655, -42.515], [-72.63, -42.51], [-72.715, -42.41], [-72.785, -42.3], [-72.775, -42.26], [-72.705, -42.22], [-72.63, -42.2], [-72.55, -42.255], [-72.43, -42.435], [-72.41, -42.39], [-72.46, -42.205], [-72.5, -41.98], [-72.625, -42.01], [-72.74, -41.995], [-72.78, -41.96], [-72.825, -41.91], [-72.785, -41.845], [-72.745, -41.8], [-72.66, -41.74], [-72.485, -41.72], [-72.36, -41.65], [-72.32, -41.5], [-72.36, -41.515], [-72.43, -41.645], [-72.54, -41.69], [-72.6, -41.685], [-72.67, -41.66], [-72.805, -41.545], [-72.88, -41.52], [-72.955, -41.515], [-73.015, -41.545], [-73.175, -41.745], [-73.24, -41.78], [-73.52, -41.795], [-73.625, -41.775], [-73.735, -41.74], [-73.72, -41.69], [-73.69, -41.64], [-73.625, -41.61], [-73.625, -41.58], [-73.71, -41.575], [-73.81, -41.515], [-73.855, -41.445], [-73.875, -41.32], [-73.965, -41.12], [-73.985, -40.975], [-73.92, -40.87], [-73.785, -40.47], [-73.74, -40.265], [-73.67, -40.08], [-73.67, -39.965], [-73.48, -39.855], [-73.41, -39.79], [-73.25, -39.42], [-73.225, -39.225], [-73.48, -38.625], [-73.52, -38.51], [-73.535, -38.365], [-73.47, -38.13], [-73.465, -38.04], [-73.515, -37.91], [-73.66, -37.7], [-73.665, -37.59], [-73.605, -37.48], [-73.66, -37.34], [-73.635, -37.255], [-73.6, -37.19], [-73.375, -37.225], [-73.27, -37.205], [-73.215, -37.165], [-73.175, -37.055], [-73.15, -36.875], [-73.14, -36.8], [-73.12, -36.69], [-73.005, -36.645], [-72.97, -36.54], [-72.875, -36.39], [-72.78, -35.98], [-72.685, -35.875], [-72.585, -35.76], [-72.625, -35.585], [-72.56, -35.505], [-72.505, -35.445], [-72.455, -35.34], [-72.385, -35.24], [-72.225, -35.095], [-72.18, -34.92], [-72.055, -34.615], [-72.03, -34.42], [-71.99, -34.29], [-72.005, -34.165], [-71.925, -34.015], [-71.855, -33.89], [-71.83, -33.82], [-71.665, -33.655], [-71.635, -33.52], [-71.695, -33.43], [-71.695, -33.29], [-71.745, -33.095], [-71.635, -33.025], [-71.59, -32.97], [-71.45, -32.66], [-71.46, -32.54], [-71.42, -32.385], [-71.515, -32.21], [-71.525, -31.805], [-71.575, -31.495], [-71.66, -31.17], [-71.655, -30.985], [-71.705, -30.76], [-71.71, -30.63], [-71.67, -30.33], [-71.4, -30.145], [-71.35, -29.935], [-71.315, -29.65], [-71.325, -29.445], [-71.355, -29.35], [-71.485, -29.2], [-71.52, -28.925], [-71.495, -28.855], [-71.385, -28.78], [-71.305, -28.67], [-71.265, -28.51], [-71.185, -28.38], [-71.155, -28.065], [-71.085, -27.815], [-71.055, -27.725], [-70.945, -27.62], [-70.925, -27.59], [-70.91, -27.505], [-70.915, -27.31], [-70.9, -27.19], [-70.815, -26.95], [-70.805, -26.84], [-70.71, -26.595], [-70.685, -26.42], [-70.645, -26.33], [-70.66, -26.225], [-70.635, -25.995], [-70.7, -25.86], [-70.715, -25.785], [-70.635, -25.545], [-70.58, -25.49], [-70.49, -25.375], [-70.45, -25.25], [-70.445, -25.175], [-70.56, -24.78], [-70.575, -24.645], [-70.545, -24.33], [-70.505, -24.13], [-70.52, -23.97], [-70.505, -23.885], [-70.49, -23.78], [-70.41, -23.655], [-70.39, -23.565], [-70.42, -23.53], [-70.51, -23.485], [-70.59, -23.37], [-70.595, -23.255], [-70.57, -23.175], [-70.565, -23.055], [-70.45, -23.035], [-70.39, -22.97], [-70.33, -22.85], [-70.26, -22.555], [-70.23, -22.195], [-70.185, -21.975], [-70.155, -21.865], [-70.13, -21.64], [-70.09, -21.495], [-70.08, -21.355], [-70.09, -21.255], [-70.195, -20.725], [-70.195, -20.53], [-70.145, -20.23], [-70.15, -19.805], [-70.155, -19.705], [-70.2, -19.615], [-70.21, -19.485], [-70.275, -19.27], [-70.335, -18.83], [-70.335, -18.595], [-70.36, -18.4], [-70.42, -18.345]]], [[[-68.63, -52.655], [-68.63, -52.95], [-68.635, -53.24], [-68.635, -53.515], [-68.635, -53.79], [-68.64, -54.055], [-68.64, -54.325], [-68.65, -54.63], [-68.655, -54.855], [-68.805, -54.855], [-68.845, -54.875], [-69.08, -54.91], [-69.485, -54.86], [-69.59, -54.815], [-69.725, -54.71], [-69.77, -54.74], [-69.9, -54.78], [-70.03, -54.815], [-70.14, -54.82], [-70.24, -54.78], [-70.26, -54.755], [-70.28, -54.75], [-70.495, -54.81], [-70.735, -54.75], [-70.925, -54.715], [-71.23, -54.695], [-71.44, -54.62], [-71.83, -54.625], [-71.9, -54.6], [-71.93, -54.53], [-71.905, -54.495], [-71.825, -54.475], [-71.8, -54.435], [-71.715, -54.445], [-71.605, -54.495], [-71.575, -54.495], [-71.5, -54.445], [-71.395, -54.4], [-71.355, -54.395], [-71.16, -54.45], [-71.08, -54.445], [-70.965, -54.42], [-70.945, -54.4], [-70.93, -54.36], [-70.9, -54.34], [-70.795, -54.325], [-70.7, -54.35], [-70.69, -54.415], [-70.7, -54.485], [-70.575, -54.505], [-70.42, -54.5], [-70.31, -54.53], [-70.3, -54.485], [-70.47, -54.375], [-70.54, -54.305], [-70.635, -54.26], [-70.76, -54.24], [-70.865, -54.11], [-70.855, -53.995], [-70.87, -53.885], [-70.645, -53.825], [-70.695, -53.725], [-70.62, -53.655], [-70.53, -53.625], [-70.445, -53.895], [-70.38, -53.985], [-70.46, -54.005], [-70.63, -54.005], [-70.535, -54.135], [-70.38, -54.18], [-70.245, -54.275], [-70.245, -54.35], [-70.17, -54.38], [-69.99, -54.38], [-69.865, -54.365], [-69.81, -54.32], [-69.74, -54.305], [-69.62, -54.365], [-69.42, -54.405], [-69.365, -54.44], [-69.325, -54.49], [-69.32, -54.545], [-69.31, -54.57], [-69.255, -54.555], [-69.17, -54.485], [-69.13, -54.46], [-69.075, -54.445], [-69.045, -54.43], [-69.045, -54.405], [-69.195, -54.355], [-69.99, -54.11], [-70.085, -54.01], [-70.15, -53.89], [-70.15, -53.76], [-70.09, -53.72], [-69.95, -53.67], [-69.69, -53.6], [-69.39, -53.5], [-69.35, -53.48], [-69.355, -53.415], [-69.395, -53.375], [-69.515, -53.34], [-69.635, -53.335], [-69.755, -53.335], [-69.875, -53.35], [-70.09, -53.42], [-70.215, -53.415], [-70.33, -53.38], [-70.415, -53.305], [-70.46, -53.205], [-70.46, -53.145], [-70.445, -53.085], [-70.39, -53.025], [-70.32, -53.0], [-70.255, -53.005], [-70.195, -52.99], [-70.16, -52.97], [-70.13, -52.945], [-70.14, -52.92], [-70.165, -52.9], [-70.26, -52.855], [-70.295, -52.815], [-70.38, -52.75], [-70.335, -52.735], [-70.19, -52.725], [-70.09, -52.77], [-69.995, -52.82], [-69.935, -52.82], [-69.885, -52.8], [-69.765, -52.73], [-69.665, -52.645], [-69.57, -52.55], [-69.5, -52.49], [-69.415, -52.485], [-69.165, -52.67], [-69.08, -52.675], [-68.79, -52.575], [-68.76, -52.58], [-68.66, -52.63], [-68.63, -52.655]]], [[[-67.08, -55.155], [-67.11, -55.19], [-67.175, -55.245], [-67.255, -55.28], [-67.34, -55.295], [-67.4, -55.27], [-67.43, -55.235], [-67.445, -55.2], [-67.465, -55.18], [-67.495, -55.175], [-67.535, -55.18], [-67.585, -55.19], [-67.69, -55.245], [-67.735, -55.255], [-67.77, -55.26], [-68.07, -55.22], [-68.1, -55.205], [-68.135, -55.175], [-68.175, -55.07], [-68.3, -54.98], [-68.105, -54.93], [-67.875, -54.93], [-67.425, -54.97], [-67.245, -54.98], [-67.105, -55.065], [-67.085, -55.115], [-67.08, -55.155]]], [[[-73.775, -43.345], [-73.85, -43.365], [-73.92, -43.37], [-73.99, -43.355], [-74.115, -43.36], [-74.24, -43.32], [-74.355, -43.265], [-74.385, -43.23], [-74.375, -43.185], [-74.29, -43.08], [-74.21, -42.88], [-74.155, -42.59], [-74.2, -42.48], [-74.195, -42.435], [-74.175, -42.38], [-74.165, -42.325], [-74.17, -42.27], [-74.16, -42.215], [-74.07, -42.105], [-74.06, -42.055], [-74.055, -42.0], [-74.02, -41.89], [-74.03, -41.855], [-74.065, -41.825], [-74.035, -41.795], [-73.73, -41.875], [-73.53, -41.895], [-73.515, -41.98], [-73.48, -42.045], [-73.455, -42.165], [-73.425, -42.195], [-73.44, -42.28], [-73.535, -42.315], [-73.525, -42.395], [-73.47, -42.465], [-73.55, -42.495], [-73.635, -42.51], [-73.655, -42.53], [-73.715, -42.545], [-73.79, -42.585], [-73.765, -42.62], [-73.675, -42.705], [-73.57, -42.76], [-73.51, -42.845], [-73.435, -42.935], [-73.475, -42.995], [-73.54, -43.075], [-73.65, -43.125], [-73.75, -43.16], [-73.74, -43.29], [-73.775, -43.345]]], [[[-74.475, -49.15], [-74.465, -49.295], [-74.485, -49.44], [-74.52, -49.625], [-74.515, -49.66], [-74.47, -49.67], [-74.46, -49.69], [-74.47, -49.785], [-74.495, -49.86], [-74.545, -49.92], [-74.57, -49.99], [-74.595, -50.005], [-74.705, -50.02], [-74.765, -50.01], [-74.81, -49.93], [-74.825, -49.88], [-74.82, -49.815], [-74.88, -49.725], [-74.88, -49.69], [-74.86, -49.635], [-74.81, -49.605], [-74.805, -49.515], [-74.78, -49.49], [-74.725, -49.45], [-74.72, -49.435], [-74.725, -49.425], [-74.745, -49.42], [-74.96, -49.535], [-74.98, -49.565], [-74.99, -49.605], [-74.995, -49.75], [-75.03, -49.835], [-75.065, -49.85], [-75.165, -49.855], [-75.3, -49.845], [-75.45, -49.77], [-75.55, -49.79], [-75.57, -49.695], [-75.52, -49.62], [-75.335, -49.63], [-75.305, -49.495], [-75.365, -49.46], [-75.43, -49.41], [-75.465, -49.36], [-75.435, -49.32], [-75.325, -49.27], [-75.27, -49.265], [-75.215, -49.295], [-75.085, -49.27], [-75.095, -49.185], [-75.21, -49.15], [-75.185, -49.085], [-75.035, -49.02], [-74.95, -48.96], [-74.945, -48.89], [-74.98, -48.82], [-74.97, -48.79], [-74.895, -48.735], [-74.795, -48.705], [-74.745, -48.71], [-74.65, -48.75], [-74.565, -48.755], [-74.545, -48.765], [-74.53, -48.815], [-74.475, -49.15]]], [[[-75.51, -48.765], [-75.625, -48.765], [-75.65, -48.585], [-75.52, -48.33], [-75.51, -48.23], [-75.555, -48.155], [-75.57, -48.095], [-75.56, -48.07], [-75.39, -48.02], [-75.34, -48.075], [-75.275, -48.22], [-75.155, -48.425], [-75.16, -48.625], [-75.225, -48.67], [-75.435, -48.72], [-75.51, -48.765]]], [[[-74.385, -52.92], [-74.37, -52.93], [-74.33, -52.93], [-74.275, -52.945], [-74.065, -52.965], [-73.88, -53.01], [-73.78, -53.055], [-73.655, -53.07], [-73.55, -53.125], [-73.505, -53.14], [-73.45, -53.145], [-73.31, -53.25], [-73.3, -53.26], [-73.145, -53.34], [-73.135, -53.355], [-73.225, -53.36], [-73.41, -53.32], [-73.5, -53.32], [-73.565, -53.305], [-73.585, -53.3], [-73.595, -53.255], [-73.615, -53.23], [-73.795, -53.12], [-73.865, -53.095], [-73.995, -53.075], [-74.14, -53.09], [-74.235, -53.075], [-74.27, -53.08], [-74.415, -52.995], [-74.56, -52.92], [-74.62, -52.835], [-74.71, -52.77], [-74.71, -52.75], [-74.67, -52.735], [-74.57, -52.77], [-74.475, -52.835], [-74.42, -52.86], [-74.385, -52.92]]], [[[-74.565, -48.59], [-74.585, -48.615], [-74.71, -48.6], [-74.925, -48.625], [-75.015, -48.535], [-75.05, -48.39], [-75.08, -48.36], [-75.13, -48.28], [-75.16, -48.225], [-75.215, -48.14], [-75.235, -48.055], [-75.245, -48.025], [-75.2, -47.975], [-74.975, -47.925], [-74.895, -47.84], [-74.825, -47.85], [-74.845, -48.02], [-74.805, -48.08], [-74.73, -48.125], [-74.715, -48.145], [-74.7, -48.205], [-74.665, -48.3], [-74.615, -48.345], [-74.6, -48.37], [-74.6, -48.395], [-74.62, -48.425], [-74.565, -48.59]]], [[[-72.925, -53.48], [-72.895, -53.565], [-72.88, -53.58], [-72.81, -53.565], [-72.685, -53.56], [-72.48, -53.59], [-72.46, -53.6], [-72.375, -53.69], [-72.305, -53.725], [-72.205, -53.805], [-72.305, -53.86], [-72.365, -53.94], [-72.37, -53.98], [-72.41, -54.005], [-72.47, -54.03], [-72.565, -54.075], [-72.675, -54.08], [-72.79, -54.105], [-72.84, -54.125], [-72.87, -54.125], [-72.905, -54.115], [-72.945, -54.09], [-72.96, -54.065], [-72.88, -54.04], [-72.78, -53.955], [-72.765, -53.865], [-72.87, -53.85], [-72.935, -53.86], [-72.985, -53.86], [-73.04, -53.835], [-73.075, -53.875], [-73.085, -53.915], [-73.07, -53.98], [-73.08, -54.0], [-73.12, -54.01], [-73.21, -53.985], [-73.305, -53.945], [-73.31, -53.92], [-73.295, -53.835], [-73.295, -53.79], [-73.315, -53.73], [-73.325, -53.725], [-73.36, -53.725], [-73.47, -53.735], [-73.58, -53.655], [-73.64, -53.57], [-73.845, -53.545], [-73.685, -53.425], [-73.445, -53.41], [-73.365, -53.47], [-73.1, -53.51], [-73.115, -53.45], [-73.11, -53.425], [-73.075, -53.395], [-73.055, -53.395], [-73.02, -53.415], [-72.97, -53.425], [-72.945, -53.44], [-72.925, -53.48]]], [[[-74.825, -51.63], [-74.78, -51.825], [-74.75, -51.85], [-74.645, -51.865], [-74.535, -51.965], [-74.53, -51.99], [-74.665, -52.16], [-74.695, -52.28], [-74.85, -52.27], [-74.92, -52.15], [-75.015, -52.04], [-75.05, -51.905], [-75.105, -51.79], [-75.01, -51.725], [-74.915, -51.74], [-74.91, -51.65], [-74.825, -51.63]]], [[[-69.705, -54.92], [-68.9, -55.02], [-68.655, -54.96], [-68.46, -54.96], [-68.4, -55.04], [-68.6, -55.13], [-68.615, -55.155], [-68.585, -55.18], [-68.38, -55.19], [-68.33, -55.22], [-68.285, -55.255], [-68.325, -55.31], [-68.325, -55.335], [-68.305, -55.355], [-68.155, -55.435], [-68.09, -55.48], [-68.06, -55.52], [-68.045, -55.59], [-68.05, -55.645], [-68.085, -55.65], [-68.155, -55.635], [-68.23, -55.6], [-68.295, -55.52], [-68.34, -55.505], [-68.465, -55.49], [-68.595, -55.45], [-68.695, -55.45], [-68.785, -55.435], [-68.865, -55.45], [-68.895, -55.425], [-68.93, -55.37], [-68.93, -55.345], [-68.89, -55.265], [-68.89, -55.24], [-68.915, -55.24], [-69.01, -55.255], [-69.045, -55.245], [-69.15, -55.185], [-69.195, -55.17], [-69.295, -55.165], [-69.355, -55.275], [-69.36, -55.3], [-69.3, -55.37], [-69.18, -55.475], [-69.24, -55.475], [-69.41, -55.445], [-69.455, -55.425], [-69.51, -55.37], [-69.61, -55.34], [-69.645, -55.32], [-69.655, -55.3], [-69.655, -55.23], [-69.68, -55.22], [-69.825, -55.235], [-69.855, -55.22], [-69.865, -55.19], [-69.885, -55.175], [-69.98, -55.145], [-69.99, -55.13], [-69.945, -55.11], [-69.92, -55.06], [-69.885, -54.88], [-69.705, -54.92]]], [[[-71.39, -54.035], [-71.17, -54.115], [-71.02, -54.11], [-71.025, -54.16], [-71.005, -54.245], [-71.03, -54.28], [-71.085, -54.315], [-71.12, -54.365], [-71.145, -54.375], [-71.305, -54.315], [-71.475, -54.23], [-71.56, -54.245], [-71.67, -54.225], [-71.76, -54.23], [-71.82, -54.275], [-71.95, -54.3], [-71.97, -54.205], [-72.09, -54.12], [-72.21, -54.05], [-72.145, -53.94], [-72.07, -53.92], [-71.995, -53.885], [-71.705, -53.925], [-71.555, -53.955], [-71.39, -54.035]]], [[[-73.735, -44.395], [-73.785, -44.44], [-73.86, -44.445], [-73.985, -44.495], [-73.995, -44.54], [-74.0, -44.59], [-73.92, -44.655], [-73.875, -44.73], [-73.83, -44.84], [-73.79, -44.945], [-73.795, -44.98], [-73.785, -45.035], [-73.725, -45.12], [-73.72, -45.16], [-73.73, -45.195], [-73.75, -45.265], [-73.77, -45.275], [-73.83, -45.285], [-73.835, -45.325], [-73.85, -45.34], [-74.015, -45.345], [-74.1, -45.325], [-74.09, -45.195], [-74.195, -45.145], [-74.27, -45.06], [-74.35, -44.91], [-74.42, -44.865], [-74.5, -44.75], [-74.62, -44.65], [-74.48, -44.585], [-74.5, -44.475], [-74.42, -44.435], [-74.3, -44.395], [-74.21, -44.425], [-74.135, -44.415], [-74.095, -44.39], [-74.11, -44.275], [-74.085, -44.185], [-73.995, -44.14], [-73.9, -44.135], [-73.865, -44.185], [-73.82, -44.235], [-73.705, -44.275], [-73.705, -44.325], [-73.735, -44.395]]], [[[-72.985, -44.78], [-73.23, -44.86], [-73.35, -44.835], [-73.395, -44.775], [-73.42, -44.725], [-73.445, -44.64], [-73.405, -44.595], [-73.315, -44.53], [-73.28, -44.49], [-73.265, -44.44], [-73.27, -44.395], [-73.26, -44.35], [-73.21, -44.335], [-73.03, -44.385], [-72.84, -44.46], [-72.775, -44.51], [-72.765, -44.55], [-72.845, -44.64], [-72.895, -44.71], [-72.985, -44.78]]], [[[-75.04, -44.89], [-75.065, -44.905], [-75.1, -44.9], [-75.125, -44.87], [-75.14, -44.815], [-75.105, -44.795], [-75.08, -44.795], [-75.05, -44.825], [-75.03, -44.87], [-75.04, -44.89]]], [[[-75.3, -50.68], [-75.33, -50.77], [-75.41, -50.765], [-75.44, -50.74], [-75.455, -50.685], [-75.475, -50.655], [-75.445, -50.595], [-75.42, -50.53], [-75.43, -50.48], [-75.305, -50.485], [-75.155, -50.495], [-75.115, -50.51], [-75.16, -50.555], [-75.205, -50.58], [-75.29, -50.595], [-75.3, -50.68]]], [[[-75.105, -48.835], [-75.115, -48.915], [-75.265, -49.07], [-75.39, -49.16], [-75.505, -49.23], [-75.58, -49.23], [-75.64, -49.195], [-75.575, -49.14], [-75.49, -49.08], [-75.515, -49.01], [-75.54, -48.99], [-75.575, -48.98], [-75.64, -48.945], [-75.62, -48.885], [-75.585, -48.86], [-75.535, -48.84], [-75.49, -48.85], [-75.295, -48.81], [-75.235, -48.78], [-75.12, -48.775], [-75.105, -48.835]]], [[[-75.11, -47.84], [-75.185, -47.85], [-75.195, -47.82], [-75.26, -47.765], [-75.205, -47.73], [-75.09, -47.69], [-75.005, -47.695], [-74.925, -47.725], [-74.915, -47.755], [-75.05, -47.8], [-75.085, -47.825], [-75.11, -47.84]]], [[[-74.67, -43.61], [-74.81, -43.625], [-74.845, -43.595], [-74.84, -43.57], [-74.82, -43.55], [-74.745, -43.535], [-74.695, -43.555], [-74.675, -43.575], [-74.665, -43.6], [-74.67, -43.61]]], [[[-73.63, -44.82], [-73.665, -44.835], [-73.695, -44.83], [-73.725, -44.795], [-73.735, -44.75], [-73.8, -44.685], [-73.82, -44.65], [-73.815, -44.615], [-73.78, -44.56], [-73.725, -44.545], [-73.685, -44.545], [-73.64, -44.61], [-73.63, -44.68], [-73.615, -44.755], [-73.63, -44.82]]], [[[-74.56, -51.275], [-74.56, -51.36], [-74.595, -51.39], [-74.62, -51.395], [-74.69, -51.37], [-74.73, -51.365], [-74.795, -51.41], [-74.855, -51.435], [-74.935, -51.43], [-75.045, -51.4], [-75.145, -51.525], [-75.19, -51.565], [-75.29, -51.625], [-75.3, -51.555], [-75.24, -51.455], [-75.21, -51.385], [-75.155, -51.28], [-75.04, -51.32], [-74.88, -51.28], [-74.735, -51.21], [-74.61, -51.205], [-74.57, -51.245], [-74.56, -51.275]]], [[[-75.055, -50.295], [-75.25, -50.375], [-75.31, -50.345], [-75.45, -50.345], [-75.41, -50.255], [-75.4, -50.195], [-75.375, -50.17], [-75.37, -50.115], [-75.325, -50.01], [-75.21, -50.045], [-75.125, -50.055], [-75.005, -50.09], [-74.875, -50.11], [-74.84, -50.195], [-74.965, -50.235], [-75.055, -50.295]]], [[[-73.81, -43.825], [-73.79, -43.875], [-73.835, -43.885], [-73.905, -43.875], [-73.94, -43.915], [-73.955, -43.92], [-74.12, -43.89], [-74.145, -43.87], [-74.14, -43.82], [-73.965, -43.815], [-73.855, -43.785], [-73.84, -43.79], [-73.81, -43.825]]], [[[-74.14, -51.93], [-74.17, -51.94], [-74.285, -51.92], [-74.34, -51.9], [-74.425, -51.845], [-74.435, -51.79], [-74.475, -51.725], [-74.45, -51.725], [-74.36, -51.75], [-74.325, -51.77], [-74.275, -51.81], [-74.135, -51.87], [-74.115, -51.89], [-74.12, -51.91], [-74.14, -51.93]]], [[[-74.315, -45.69], [-74.37, -45.735], [-74.465, -45.755], [-74.56, -45.72], [-74.68, -45.74], [-74.69, -45.665], [-74.645, -45.6], [-74.56, -45.525], [-74.495, -45.425], [-74.5, -45.285], [-74.45, -45.255], [-74.42, -45.205], [-74.31, -45.175], [-74.285, -45.275], [-74.315, -45.465], [-74.24, -45.575], [-74.23, -45.61], [-74.245, -45.655], [-74.315, -45.69]]], [[[-67.575, -55.89], [-67.61, -55.89], [-67.7, -55.875], [-67.83, -55.865], [-67.845, -55.855], [-67.85, -55.845], [-67.835, -55.83], [-67.76, -55.815], [-67.545, -55.825], [-67.515, -55.835], [-67.51, -55.845], [-67.545, -55.875], [-67.575, -55.89]]], [[[-66.47, -55.23], [-66.55, -55.275], [-66.61, -55.27], [-66.63, -55.255], [-66.635, -55.235], [-66.625, -55.215], [-66.6, -55.195], [-66.54, -55.17], [-66.525, -55.165], [-66.435, -55.19], [-66.47, -55.23]]], [[[-70.99, -54.87], [-70.945, -54.93], [-70.93, -54.945], [-70.805, -54.97], [-70.75, -54.955], [-70.615, -54.945], [-70.535, -54.92], [-70.42, -54.91], [-70.285, -55.065], [-70.3, -55.115], [-70.405, -55.165], [-70.475, -55.175], [-70.545, -55.16], [-70.54, -55.135], [-70.55, -55.11], [-70.595, -55.08], [-70.64, -55.085], [-70.71, -55.105], [-70.745, -55.105], [-70.815, -55.08], [-70.94, -55.06], [-70.965, -55.04], [-70.965, -55.005], [-70.99, -54.99], [-71.12, -54.94], [-71.205, -54.895], [-71.275, -54.885], [-71.3, -54.89], [-71.325, -54.915], [-71.39, -54.935], [-71.405, -54.93], [-71.425, -54.915], [-71.435, -54.89], [-71.41, -54.84], [-71.375, -54.835], [-71.195, -54.845], [-71.09, -54.865], [-70.99, -54.87]]], [[[-67.29, -55.775], [-67.325, -55.785], [-67.35, -55.765], [-67.395, -55.755], [-67.56, -55.725], [-67.565, -55.71], [-67.545, -55.685], [-67.515, -55.66], [-67.45, -55.64], [-67.395, -55.585], [-67.375, -55.59], [-67.35, -55.61], [-67.31, -55.69], [-67.26, -55.745], [-67.265, -55.765], [-67.29, -55.775]]]]}}, {"type": "Feature", "properties": {"id": "CAN", "nombre": "Canada"}, "geometry": {"type": "MultiPolygon", "coordinates": [[[[-132.655, 54.125], [-132.565, 54.07], [-132.345, 54.105], [-132.305, 54.1], [-132.26, 54.075], [-132.215, 54.03], [-132.165, 53.955], [-132.155, 53.875], [-132.175, 53.845], [-132.215, 53.815], [-132.565, 53.69], [-132.575, 53.675], [-132.565, 53.665], [-132.535, 53.65], [-132.465, 53.655], [-132.185, 53.685], [-132.17, 53.705], [-132.15, 53.805], [-132.115, 53.86], [-132.11, 53.9], [-132.135, 53.995], [-132.135, 54.035], [-131.94, 54.04], [-131.82, 54.075], [-131.695, 54.145], [-131.67, 54.14], [-131.685, 54.025], [-131.705, 53.985], [-131.82, 53.84], [-131.89, 53.715], [-131.92, 53.59], [-131.93, 53.38], [-131.955, 53.31], [-132.01, 53.265], [-132.345, 53.19], [-132.52, 53.195], [-132.675, 53.265], [-132.75, 53.31], [-132.695, 53.37], [-132.655, 53.37], [-132.545, 53.36], [-132.46, 53.34], [-132.425, 53.335], [-132.43, 53.35], [-132.67, 53.46], [-132.845, 53.51], [-132.9, 53.565], [-132.9, 53.605], [-132.915, 53.63], [-133.05, 53.78], [-133.08, 53.835], [-133.1, 53.92], [-133.1, 54.005], [-133.065, 54.145], [-133.05, 54.16], [-132.99, 54.16], [-132.895, 54.14], [-132.655, 54.125]]], [[[-131.755, 53.195], [-131.65, 53.105], [-131.62, 53.02], [-131.635, 52.92], [-131.795, 52.885], [-131.88, 52.915], [-131.915, 52.91], [-131.97, 52.88], [-131.905, 52.865], [-131.81, 52.82], [-131.725, 52.755], [-131.61, 52.745], [-131.455, 52.7], [-131.575, 52.625], [-131.59, 52.58], [-131.445, 52.455], [-131.43, 52.42], [-131.385, 52.415], [-131.275, 52.425], [-131.26, 52.415], [-131.26, 52.39], [-131.325, 52.32], [-131.32, 52.305], [-131.26, 52.29], [-131.145, 52.29], [-131.115, 52.22], [-131.22, 52.155], [-131.42, 52.24], [-131.51, 52.32], [-131.56, 52.4], [-131.625, 52.445], [-131.81, 52.54], [-132.09, 52.755], [-132.165, 52.785], [-132.24, 52.865], [-132.26, 52.905], [-132.26, 52.935], [-132.23, 52.95], [-132.145, 52.955], [-132.145, 53.0], [-132.47, 53.07], [-132.505, 53.085], [-132.545, 53.14], [-132.525, 53.145], [-132.345, 53.135], [-132.155, 53.16], [-132.035, 53.18], [-131.99, 53.2], [-131.895, 53.23], [-131.855, 53.23], [-131.755, 53.195]]], [[[-127.195, 50.64], [-126.7, 50.515], [-126.205, 50.455], [-125.84, 50.38], [-125.615, 50.36], [-125.535, 50.34], [-125.48, 50.315], [-125.42, 50.255], [-125.315, 50.105], [-125.235, 50.01], [-125.065, 49.85], [-124.935, 49.73], [-124.905, 49.685], [-124.93, 49.67], [-124.93, 49.645], [-124.83, 49.53], [-124.645, 49.43], [-124.495, 49.38], [-124.185, 49.3], [-123.995, 49.225], [-123.935, 49.17], [-123.855, 49.12], [-123.82, 49.085], [-123.75, 48.95], [-123.625, 48.825], [-123.495, 48.58], [-123.475, 48.6], [-123.46, 48.675], [-123.445, 48.69], [-123.415, 48.7], [-123.39, 48.67], [-123.365, 48.605], [-123.285, 48.455], [-123.31, 48.41], [-123.335, 48.405], [-123.445, 48.425], [-123.485, 48.4], [-123.535, 48.345], [-123.575, 48.325], [-123.595, 48.335], [-123.915, 48.385], [-124.115, 48.435], [-124.375, 48.515], [-124.69, 48.595], [-124.87, 48.655], [-125.015, 48.71], [-125.12, 48.76], [-125.14, 48.805], [-125.135, 48.82], [-124.935, 48.955], [-124.85, 49.03], [-124.815, 49.085], [-124.8, 49.14], [-124.815, 49.215], [-124.82, 49.205], [-124.84, 49.14], [-124.87, 49.08], [-124.905, 49.03], [-124.925, 49.015], [-125.17, 48.99], [-125.365, 49.0], [-125.46, 48.94], [-125.49, 48.935], [-125.545, 48.955], [-125.66, 49.03], [-125.83, 49.09], [-125.81, 49.105], [-125.7, 49.14], [-125.645, 49.185], [-125.655, 49.195], [-125.695, 49.19], [-125.73, 49.2], [-125.795, 49.26], [-125.835, 49.275], [-125.92, 49.25], [-125.95, 49.25], [-125.985, 49.29], [-125.94, 49.38], [-125.935, 49.4], [-126.02, 49.37], [-126.05, 49.38], [-126.075, 49.41], [-126.1, 49.42], [-126.17, 49.415], [-126.245, 49.445], [-126.27, 49.43], [-126.28, 49.39], [-126.305, 49.38], [-126.42, 49.45], [-126.445, 49.45], [-126.5, 49.4], [-126.52, 49.395], [-126.55, 49.42], [-126.565, 49.545], [-126.555, 49.58], [-126.54, 49.59], [-126.445, 49.62], [-126.16, 49.65], [-126.135, 49.67], [-126.35, 49.66], [-126.405, 49.68], [-126.465, 49.72], [-126.525, 49.72], [-126.56, 49.735], [-126.595, 49.765], [-126.685, 49.875], [-126.745, 49.905], [-126.85, 49.925], [-126.905, 49.945], [-126.925, 49.935], [-126.95, 49.905], [-126.975, 49.885], [-127.05, 49.87], [-127.115, 49.88], [-127.165, 49.91], [-127.195, 49.95], [-127.21, 49.99], [-127.18, 50.05], [-127.18, 50.075], [-127.19, 50.1], [-127.215, 50.12], [-127.25, 50.14], [-127.27, 50.13], [-127.27, 50.095], [-127.29, 50.07], [-127.35, 50.05], [-127.4, 50.085], [-127.43, 50.13], [-127.465, 50.165], [-127.675, 50.165], [-127.77, 50.12], [-127.815, 50.12], [-127.865, 50.13], [-127.875, 50.15], [-127.83, 50.21], [-127.84, 50.295], [-127.85, 50.315], [-127.945, 50.325], [-127.965, 50.345], [-127.905, 50.445], [-127.875, 50.465], [-127.83, 50.47], [-127.64, 50.48], [-127.58, 50.465], [-127.485, 50.405], [-127.49, 50.425], [-127.525, 50.495], [-127.53, 50.535], [-127.465, 50.585], [-127.525, 50.595], [-127.75, 50.605], [-127.75, 50.58], [-127.73, 50.535], [-127.865, 50.5], [-127.965, 50.495], [-128.06, 50.5], [-128.135, 50.52], [-128.265, 50.61], [-128.35, 50.695], [-128.345, 50.745], [-128.3, 50.795], [-128.24, 50.83], [-128.1, 50.86], [-127.92, 50.86], [-127.715, 50.82], [-127.195, 50.64]]], [[[-130.025, 55.89], [-130.015, 55.95], [-130.025, 56.015], [-130.055, 56.065], [-130.1, 56.11], [-130.215, 56.085], [-130.415, 56.125], [-130.475, 56.23], [-130.65, 56.265], [-130.74, 56.34], [-130.93, 56.38], [-131.085, 56.405], [-131.2, 56.45], [-131.335, 56.5], [-131.47, 56.555], [-131.575, 56.6], [-131.65, 56.595], [-131.825, 56.59], [-131.835, 56.685], [-131.885, 56.74], [-131.865, 56.795], [-131.96, 56.82], [-132.105, 56.855], [-132.065, 56.955], [-132.03, 57.025], [-132.155, 57.05], [-132.34, 57.08], [-132.28, 57.145], [-132.23, 57.2], [-132.3, 57.275], [-132.44, 57.405], [-132.55, 57.5], [-132.69, 57.645], [-132.815, 57.775], [-132.915, 57.875], [-133.0, 57.95], [-133.12, 58.08], [-133.275, 58.225], [-133.425, 58.335], [-133.4, 58.41], [-133.545, 58.505], [-133.675, 58.595], [-133.82, 58.705], [-133.965, 58.76], [-134.07, 58.795], [-134.22, 58.85], [-134.295, 58.9], [-134.33, 58.94], [-134.365, 58.97], [-134.395, 59.01], [-134.41, 59.055], [-134.44, 59.085], [-134.62, 59.155], [-134.675, 59.2], [-134.8, 59.25], [-134.905, 59.27], [-134.945, 59.29], [-135.07, 59.44], [-135.05, 59.495], [-135.035, 59.55], [-135.05, 59.58], [-135.26, 59.695], [-135.37, 59.745], [-135.475, 59.795], [-135.705, 59.73], [-135.935, 59.665], [-136.095, 59.64], [-136.32, 59.605], [-136.245, 59.535], [-136.28, 59.48], [-136.35, 59.455], [-136.465, 59.46], [-136.465, 59.28], [-136.58, 59.15], [-136.815, 59.15], [-136.94, 59.105], [-137.125, 59.04], [-137.28, 58.99], [-137.44, 58.905], [-137.52, 58.915], [-137.485, 58.99], [-137.545, 59.12], [-137.595, 59.225], [-137.695, 59.28], [-137.87, 59.375], [-138.0, 59.445], [-138.185, 59.54], [-138.32, 59.61], [-138.455, 59.685], [-138.63, 59.78], [-138.705, 59.9], [-138.87, 59.945], [-139.045, 59.995], [-139.185, 60.085], [-139.135, 60.175], [-139.08, 60.28], [-139.08, 60.345], [-139.235, 60.34], [-139.47, 60.335], [-139.675, 60.33], [-139.83, 60.255], [-139.975, 60.185], [-140.195, 60.24], [-140.455, 60.3], [-140.525, 60.22], [-140.765, 60.26], [-141.0, 60.3], [-141.0, 60.59], [-141.0, 60.885], [-141.0, 61.175], [-141.0, 61.47], [-141.0, 61.76], [-141.0, 62.055], [-141.0, 62.345], [-141.0, 62.64], [-141.0, 62.93], [-141.0, 63.22], [-141.0, 63.515], [-141.0, 63.805], [-141.0, 64.1], [-141.0, 64.39], [-141.0, 64.685], [-141.0, 64.975], [-141.0, 65.27], [-141.0, 65.56], [-141.0, 65.85], [-141.0, 66.145], [-141.0, 66.435], [-141.0, 66.73], [-141.0, 67.02], [-141.0, 67.315], [-141.0, 67.605], [-141.0, 67.9], [-141.0, 68.19], [-141.0, 68.48], [-141.0, 68.775], [-141.0, 69.065], [-141.0, 69.36], [-141.0, 69.65], [-140.86, 69.635], [-140.405, 69.6], [-139.975, 69.62], [-139.18, 69.515], [-138.69, 69.315], [-138.29, 69.22], [-138.13, 69.15], [-137.87, 69.095], [-137.26, 68.965], [-137.07, 68.95], [-136.715, 68.89], [-136.5, 68.895], [-136.12, 68.88], [-135.865, 68.835], [-135.36, 68.695], [-135.26, 68.685], [-135.23, 68.695], [-135.405, 68.83], [-135.435, 68.84], [-135.64, 68.89], [-135.875, 68.915], [-135.895, 68.925], [-135.94, 68.975], [-135.925, 68.995], [-135.875, 69.0], [-135.695, 69.0], [-135.59, 69.01], [-135.575, 69.025], [-135.65, 69.03], [-135.745, 69.05], [-135.85, 69.08], [-135.91, 69.11], [-135.69, 69.31], [-135.615, 69.29], [-135.5, 69.335], [-135.295, 69.31], [-135.255, 69.325], [-135.23, 69.425], [-135.2, 69.45], [-135.14, 69.47], [-134.855, 69.485], [-134.495, 69.47], [-134.455, 69.48], [-134.49, 69.545], [-134.495, 69.57], [-134.475, 69.635], [-134.45, 69.665], [-134.41, 69.68], [-134.24, 69.67], [-134.19, 69.64], [-134.135, 69.585], [-134.075, 69.56], [-133.9, 69.53], [-133.88, 69.51], [-133.945, 69.43], [-134.02, 69.39], [-134.165, 69.28], [-134.175, 69.255], [-133.95, 69.3], [-133.695, 69.37], [-133.475, 69.405], [-133.295, 69.41], [-133.165, 69.435], [-133.085, 69.47], [-133.03, 69.51], [-132.915, 69.63], [-132.84, 69.65], [-132.525, 69.645], [-132.45, 69.645], [-132.405, 69.66], [-132.415, 69.675], [-132.48, 69.695], [-132.57, 69.7], [-132.57, 69.705], [-132.54, 69.725], [-132.49, 69.74], [-132.335, 69.75], [-132.23, 69.71], [-132.165, 69.705], [-131.935, 69.755], [-131.58, 69.88], [-131.44, 69.92], [-131.32, 69.925], [-131.215, 69.9], [-131.135, 69.905], [-131.03, 69.98], [-130.99, 70.02], [-130.925, 70.05], [-130.665, 70.125], [-130.5, 70.145], [-130.395, 70.13], [-130.275, 70.1], [-130.175, 70.085], [-130.045, 70.095], [-129.945, 70.09], [-129.9, 70.105], [-129.73, 70.19], [-129.675, 70.195], [-129.625, 70.17], [-129.54, 70.105], [-129.54, 70.075], [-129.65, 70.0], [-130.46, 69.78], [-130.71, 69.685], [-130.83, 69.65], [-130.96, 69.63], [-131.21, 69.615], [-131.305, 69.595], [-131.475, 69.58], [-131.865, 69.55], [-131.94, 69.535], [-131.99, 69.52], [-132.13, 69.4], [-132.195, 69.365], [-132.33, 69.31], [-132.48, 69.275], [-132.685, 69.26], [-132.815, 69.205], [-132.97, 69.1], [-133.09, 69.03], [-133.23, 68.965], [-133.38, 68.885], [-133.42, 68.845], [-133.375, 68.79], [-133.35, 68.77], [-133.195, 68.74], [-133.14, 68.745], [-133.19, 68.775], [-133.32, 68.82], [-133.335, 68.835], [-133.305, 68.845], [-132.705, 68.815], [-132.58, 68.85], [-132.535, 68.875], [-132.54, 68.89], [-132.705, 68.895], [-132.74, 68.92], [-132.765, 68.97], [-132.77, 69.01], [-132.755, 69.04], [-132.72, 69.08], [-132.545, 69.14], [-132.36, 69.165], [-132.215, 69.2], [-132.135, 69.235], [-131.92, 69.29], [-131.835, 69.335], [-131.785, 69.37], [-131.78, 69.39], [-131.82, 69.4], [-131.79, 69.43], [-131.63, 69.46], [-131.565, 69.46], [-131.345, 69.435], [-131.305, 69.415], [-131.325, 69.36], [-131.295, 69.365], [-131.21, 69.43], [-131.16, 69.455], [-131.115, 69.46], [-131.065, 69.45], [-131.015, 69.43], [-130.985, 69.365], [-130.98, 69.255], [-130.97, 69.21], [-130.915, 69.285], [-130.875, 69.32], [-130.66, 69.48], [-130.515, 69.57], [-130.355, 69.655], [-130.12, 69.72], [-129.57, 69.825], [-129.265, 69.855], [-129.11, 69.88], [-129.035, 69.905], [-128.985, 69.935], [-128.9, 69.965], [-128.885, 69.965], [-128.915, 69.895], [-128.94, 69.875], [-129.14, 69.835], [-129.16, 69.8], [-129.135, 69.75], [-129.1, 69.715], [-129.055, 69.7], [-128.97, 69.71], [-128.855, 69.75], [-128.705, 69.81], [-128.385, 69.96], [-128.36, 69.99], [-128.28, 70.11], [-128.095, 70.16], [-127.765, 70.22], [-127.685, 70.26], [-127.975, 70.295], [-128.035, 70.315], [-128.045, 70.33], [-127.99, 70.365], [-128.12, 70.395], [-128.17, 70.42], [-128.17, 70.48], [-128.125, 70.525], [-128.04, 70.565], [-127.99, 70.575], [-127.86, 70.55], [-127.755, 70.515], [-127.375, 70.37], [-127.225, 70.295], [-127.14, 70.24], [-126.925, 70.06], [-126.835, 69.96], [-126.76, 69.855], [-126.685, 69.775], [-126.61, 69.73], [-126.25, 69.545], [-126.065, 69.465], [-125.905, 69.42], [-125.73, 69.38], [-125.525, 69.35], [-125.385, 69.35], [-125.17, 69.43], [-125.165, 69.48], [-125.26, 69.565], [-125.355, 69.625], [-125.345, 69.66], [-125.22, 69.73], [-125.23, 69.755], [-125.2, 69.83], [-125.115, 69.815], [-125.08, 69.82], [-125.03, 69.845], [-124.97, 69.895], [-124.89, 69.935], [-124.795, 69.97], [-124.77, 69.99], [-124.865, 70.005], [-124.92, 70.005], [-124.965, 70.015], [-124.99, 70.025], [-124.95, 70.04], [-124.745, 70.08], [-124.705, 70.115], [-124.64, 70.14], [-124.555, 70.15], [-124.505, 70.14], [-124.445, 70.11], [-124.44, 70.06], [-124.465, 69.985], [-124.47, 69.92], [-124.405, 69.765], [-124.35, 69.735], [-124.125, 69.69], [-124.14, 69.655], [-124.4, 69.495], [-124.455, 69.455], [-124.48, 69.425], [-124.47, 69.4], [-124.425, 69.38], [-124.34, 69.365], [-124.11, 69.36], [-124.05, 69.375], [-123.61, 69.375], [-123.53, 69.39], [-123.46, 69.42], [-123.36, 69.495], [-123.25, 69.52], [-123.215, 69.54], [-123.145, 69.63], [-123.11, 69.74], [-123.075, 69.78], [-123.025, 69.81], [-122.955, 69.82], [-122.785, 69.81], [-122.705, 69.815], [-122.39, 69.81], [-122.07, 69.815], [-121.74, 69.8], [-121.53, 69.775], [-121.335, 69.74], [-120.96, 69.66], [-120.815, 69.615], [-120.295, 69.42], [-120.14, 69.38], [-119.855, 69.34], [-118.87, 69.255], [-118.745, 69.235], [-118.485, 69.145], [-118.305, 69.095], [-118.095, 69.045], [-117.83, 69.0], [-117.31, 68.935], [-117.225, 68.915], [-117.13, 68.905], [-117.025, 68.915], [-116.55, 68.88], [-116.425, 68.88], [-116.335, 68.875], [-116.225, 68.845], [-116.06, 68.835], [-116.065, 68.855], [-116.25, 68.96], [-116.245, 68.975], [-116.165, 68.975], [-115.935, 68.96], [-115.885, 68.985], [-115.805, 68.985], [-115.63, 68.975], [-115.44, 68.94], [-115.24, 68.89], [-114.995, 68.85], [-114.62, 68.745], [-114.415, 68.66], [-114.22, 68.55], [-114.11, 68.475], [-114.09, 68.435], [-114.05, 68.415], [-113.99, 68.415], [-113.965, 68.4], [-114.02, 68.305], [-114.055, 68.285], [-114.095, 68.265], [-114.275, 68.25], [-114.765, 68.27], [-114.85, 68.195], [-115.125, 68.13], [-115.175, 68.105], [-115.185, 68.085], [-115.165, 68.02], [-115.2, 68.0], [-115.425, 67.925], [-115.435, 67.9], [-115.29, 67.87], [-115.135, 67.82], [-115.01, 67.805], [-114.855, 67.815], [-114.665, 67.795], [-114.43, 67.75], [-114.265, 67.73], [-114.175, 67.735], [-114.05, 67.725], [-113.895, 67.705], [-113.68, 67.7], [-113.215, 67.7], [-113.075, 67.685], [-112.88, 67.68], [-112.505, 67.68], [-112.435, 67.685], [-112.315, 67.72], [-112.235, 67.73], [-112.1, 67.73], [-111.71, 67.755], [-111.575, 67.755], [-111.45, 67.775], [-111.29, 67.815], [-111.19, 67.825], [-111.155, 67.8], [-111.085, 67.79], [-110.99, 67.79], [-110.805, 67.83], [-110.37, 67.955], [-110.215, 67.955], [-110.1, 67.99], [-110.075, 67.995], [-110.04, 67.975], [-109.935, 67.89], [-109.905, 67.875], [-109.83, 67.865], [-109.76, 67.82], [-109.685, 67.75], [-109.63, 67.735], [-109.225, 67.73], [-109.08, 67.71], [-109.04, 67.69], [-108.995, 67.635], [-108.97, 67.53], [-108.95, 67.495], [-108.89, 67.44], [-108.85, 67.42], [-108.815, 67.44], [-108.715, 67.585], [-108.68, 67.605], [-108.615, 67.6], [-108.595, 67.59], [-108.49, 67.485], [-108.345, 67.405], [-107.99, 67.255], [-107.93, 67.2], [-107.91, 67.165], [-107.93, 67.125], [-107.99, 67.095], [-108.09, 67.07], [-108.22, 67.05], [-108.345, 67.06], [-108.46, 67.09], [-108.495, 67.09], [-108.455, 67.065], [-108.22, 66.94], [-108.16, 66.895], [-108.1, 66.86], [-108.05, 66.845], [-108.0, 66.82], [-107.96, 66.78], [-107.76, 66.685], [-107.705, 66.635], [-107.48, 66.49], [-107.375, 66.435], [-107.29, 66.4], [-107.26, 66.4], [-107.28, 66.425], [-107.565, 66.62], [-107.71, 66.74], [-107.73, 66.77], [-107.74, 66.815], [-107.745, 66.96], [-107.725, 66.985], [-107.625, 67.005], [-107.5, 66.935], [-107.45, 66.925], [-107.42, 66.93], [-107.4, 66.95], [-107.33, 66.93], [-107.2, 66.885], [-107.155, 66.88], [-107.255, 66.975], [-107.325, 67.025], [-107.35, 67.055], [-107.285, 67.105], [-107.32, 67.13], [-107.48, 67.2], [-107.565, 67.275], [-107.645, 67.385], [-107.65, 67.43], [-107.64, 67.475], [-107.65, 67.51], [-107.755, 67.585], [-107.865, 67.64], [-107.955, 67.7], [-107.97, 67.73], [-107.96, 67.82], [-107.89, 67.855], [-107.765, 67.905], [-107.73, 67.96], [-107.785, 68.01], [-107.8, 68.035], [-107.76, 68.03], [-107.51, 68.06], [-107.445, 68.05], [-107.35, 68.06], [-107.225, 68.095], [-107.125, 68.11], [-106.995, 68.105], [-106.925, 68.115], [-106.835, 68.13], [-106.79, 68.145], [-106.71, 68.205], [-106.67, 68.215], [-106.535, 68.21], [-106.46, 68.195], [-106.425, 68.2], [-106.43, 68.29], [-106.405, 68.32], [-106.27, 68.385], [-106.13, 68.39], [-106.04, 68.405], [-105.935, 68.445], [-105.855, 68.475], [-105.78, 68.525], [-105.75, 68.59], [-105.775, 68.61], [-105.93, 68.635], [-106.025, 68.625], [-106.235, 68.575], [-106.46, 68.515], [-106.545, 68.46], [-106.565, 68.39], [-106.61, 68.355], [-106.78, 68.385], [-106.855, 68.385], [-106.945, 68.375], [-107.045, 68.345], [-107.145, 68.305], [-107.3, 68.295], [-107.5, 68.325], [-107.62, 68.33], [-107.74, 68.285], [-107.735, 68.25], [-107.68, 68.205], [-107.735, 68.175], [-108.025, 68.165], [-108.105, 68.17], [-108.26, 68.15], [-108.325, 68.155], [-108.37, 68.18], [-108.685, 68.275], [-108.72, 68.295], [-108.64, 68.38], [-108.345, 68.6], [-108.315, 68.61], [-107.765, 68.65], [-107.435, 68.69], [-106.83, 68.81], [-106.715, 68.82], [-106.325, 68.9], [-106.165, 68.92], [-106.015, 68.905], [-105.8, 68.865], [-105.685, 68.83], [-105.605, 68.78], [-105.54, 68.72], [-105.455, 68.58], [-105.43, 68.46], [-105.375, 68.415], [-105.195, 68.33], [-105.1, 68.3], [-105.045, 68.29], [-104.995, 68.305], [-104.96, 68.31], [-104.935, 68.305], [-104.91, 68.25], [-104.88, 68.245], [-104.77, 68.25], [-104.655, 68.23], [-104.635, 68.215], [-104.66, 68.15], [-104.63, 68.12], [-104.485, 68.065], [-104.35, 68.04], [-104.195, 68.03], [-103.9, 68.04], [-103.655, 68.07], [-103.475, 68.115], [-103.325, 68.065], [-103.02, 67.94], [-102.84, 67.855], [-102.69, 67.81], [-102.39, 67.76], [-102.32, 67.735], [-102.21, 67.735], [-102.055, 67.755], [-101.885, 67.745], [-101.69, 67.71], [-101.555, 67.695], [-101.095, 67.76], [-101.025, 67.765], [-100.855, 67.8], [-100.745, 67.81], [-100.615, 67.81], [-100.52, 67.82], [-100.455, 67.84], [-100.215, 67.84], [-99.775, 67.815], [-99.47, 67.785], [-99.295, 67.745], [-99.145, 67.725], [-99.03, 67.72], [-98.92, 67.725], [-98.81, 67.745], [-98.695, 67.78], [-98.455, 67.8], [-98.41, 67.805], [-98.415, 67.825], [-98.47, 67.855], [-98.605, 67.91], [-98.705, 67.965], [-98.72, 68.0], [-98.72, 68.04], [-98.69, 68.065], [-98.63, 68.075], [-98.54, 68.045], [-98.415, 67.99], [-98.065, 67.77], [-97.98, 67.74], [-97.93, 67.71], [-97.605, 67.63], [-97.455, 67.615], [-97.275, 67.665], [-97.195, 67.695], [-97.155, 67.725], [-97.155, 67.755], [-97.14, 67.795], [-97.16, 67.82], [-97.205, 67.855], [-97.335, 67.9], [-97.545, 67.96], [-97.74, 67.98], [-97.915, 67.955], [-98.11, 67.905], [-98.195, 67.925], [-98.44, 68.065], [-98.5, 68.12], [-98.5, 68.13], [-98.385, 68.115], [-98.38, 68.13], [-98.45, 68.2], [-98.49, 68.225], [-98.635, 68.33], [-98.65, 68.365], [-98.56, 68.37], [-98.52, 68.385], [-98.47, 68.38], [-98.22, 68.315], [-98.09, 68.345], [-97.795, 68.39], [-97.91, 68.45], [-97.94, 68.51], [-97.925, 68.525], [-97.83, 68.535], [-97.64, 68.48], [-97.55, 68.475], [-97.48, 68.495], [-97.41, 68.495], [-97.335, 68.48], [-97.265, 68.455], [-97.135, 68.38], [-97.07, 68.335], [-97.0, 68.265], [-96.975, 68.255], [-96.63, 68.25], [-96.43, 68.31], [-96.435, 68.29], [-96.48, 68.245], [-96.725, 68.06], [-96.72, 68.04], [-96.59, 68.05], [-96.53, 68.065], [-96.495, 68.085], [-96.46, 68.135], [-96.44, 68.15], [-96.075, 68.235], [-95.97, 68.25], [-96.035, 68.16], [-96.17, 67.83], [-96.2, 67.72], [-96.23, 67.68], [-96.37, 67.555], [-96.37, 67.51], [-96.215, 67.405], [-96.185, 67.375], [-96.17, 67.29], [-96.14, 67.27], [-96.015, 67.27], [-95.88, 67.3], [-95.72, 67.315], [-95.695, 67.3], [-95.785, 67.195], [-95.78, 67.185], [-95.625, 67.21], [-95.555, 67.215], [-95.53, 67.21], [-95.415, 67.155], [-95.405, 67.115], [-95.405, 67.055], [-95.42, 67.015], [-95.455, 66.99], [-95.5, 66.98], [-95.56, 66.975], [-95.61, 66.975], [-95.77, 66.965], [-95.86, 66.98], [-95.955, 67.01], [-96.02, 67.02], [-96.095, 66.995], [-96.215, 67.0], [-96.35, 67.07], [-96.405, 67.065], [-96.425, 67.05], [-96.42, 67.035], [-96.36, 66.99], [-95.885, 66.74], [-95.815, 66.69], [-95.795, 66.615], [-95.79, 66.615], [-95.745, 66.69], [-95.77, 66.725], [-96.015, 66.87], [-96.045, 66.925], [-96.035, 66.94], [-95.97, 66.95], [-95.625, 66.915], [-95.49, 66.925], [-95.4, 66.95], [-95.355, 66.98], [-95.32, 67.15], [-95.26, 67.265], [-95.295, 67.36], [-95.39, 67.52], [-95.465, 67.61], [-95.635, 67.705], [-95.65, 67.735], [-95.46, 68.02], [-95.425, 68.045], [-95.385, 68.055], [-95.235, 68.06], [-95.125, 68.085], [-94.955, 68.05], [-94.86, 68.04], [-94.745, 68.07], [-94.485, 68.19], [-94.385, 68.225], [-94.255, 68.295], [-94.1, 68.4], [-93.93, 68.475], [-93.65, 68.545], [-93.485, 68.6], [-93.45, 68.62], [-93.605, 68.625], [-93.645, 68.635], [-93.675, 68.685], [-93.66, 68.785], [-93.665, 68.84], [-93.68, 68.885], [-93.715, 68.93], [-93.765, 68.97], [-93.81, 68.995], [-93.85, 69.0], [-93.88, 68.995], [-93.895, 68.98], [-93.94, 68.89], [-93.99, 68.82], [-94.065, 68.785], [-94.215, 68.76], [-94.48, 68.745], [-94.585, 68.775], [-94.6, 68.805], [-94.565, 68.91], [-94.475, 68.96], [-94.235, 69.05], [-94.085, 69.125], [-94.08, 69.135], [-94.22, 69.135], [-94.255, 69.15], [-94.285, 69.24], [-94.275, 69.275], [-94.255, 69.315], [-94.155, 69.34], [-93.855, 69.375], [-93.62, 69.415], [-93.615, 69.405], [-93.8, 69.28], [-93.82, 69.255], [-93.75, 69.225], [-93.565, 69.295], [-93.45, 69.355], [-93.43, 69.375], [-93.535, 69.38], [-93.545, 69.405], [-93.52, 69.45], [-93.53, 69.48], [-93.65, 69.52], [-93.795, 69.5], [-93.915, 69.46], [-94.015, 69.445], [-94.165, 69.445], [-94.27, 69.455], [-94.34, 69.475], [-94.42, 69.515], [-94.515, 69.585], [-94.635, 69.65], [-94.675, 69.655], [-94.715, 69.65], [-94.79, 69.585], [-94.825, 69.58], [-95.29, 69.665], [-95.49, 69.72], [-95.59, 69.755], [-95.705, 69.78], [-95.85, 69.785], [-95.965, 69.805], [-96.05, 69.83], [-96.12, 69.87], [-96.17, 69.925], [-96.27, 69.99], [-96.49, 70.125], [-96.55, 70.21], [-96.56, 70.245], [-96.545, 70.325], [-96.335, 70.47], [-96.3, 70.51], [-96.225, 70.54], [-96.125, 70.56], [-96.05, 70.565], [-95.88, 70.55], [-95.98, 70.595], [-95.99, 70.615], [-95.885, 70.695], [-95.905, 70.7], [-96.185, 70.64], [-96.26, 70.64], [-96.36, 70.68], [-96.55, 70.81], [-96.55, 70.89], [-96.49, 71.0], [-96.47, 71.07], [-96.525, 71.125], [-96.505, 71.145], [-96.445, 71.16], [-96.42, 71.175], [-96.445, 71.24], [-96.405, 71.275], [-96.27, 71.34], [-96.14, 71.395], [-96.06, 71.415], [-95.995, 71.41], [-95.925, 71.395], [-95.85, 71.36], [-95.725, 71.33], [-95.635, 71.32], [-95.565, 71.335], [-95.45, 71.46], [-95.405, 71.49], [-95.445, 71.505], [-95.675, 71.505], [-95.775, 71.515], [-95.83, 71.525], [-95.87, 71.575], [-95.84, 71.6], [-95.615, 71.685], [-95.51, 71.775], [-95.2, 71.905], [-94.885, 71.965], [-94.735, 71.985], [-94.61, 71.985], [-94.555, 71.98], [-94.49, 71.915], [-94.48, 71.85], [-94.31, 71.765], [-94.17, 71.76], [-94.085, 71.77], [-93.81, 71.765], [-93.745, 71.745], [-93.75, 71.715], [-93.78, 71.675], [-93.765, 71.64], [-93.575, 71.57], [-93.405, 71.52], [-93.255, 71.46], [-93.03, 71.335], [-92.985, 71.3], [-92.95, 71.26], [-92.89, 71.12], [-92.885, 71.07], [-92.905, 70.915], [-92.92, 70.885], [-92.98, 70.85], [-92.96, 70.84], [-92.785, 70.8], [-92.64, 70.72], [-92.565, 70.695], [-92.39, 70.65], [-92.355, 70.635], [-92.315, 70.61], [-92.215, 70.495], [-92.05, 70.39], [-92.035, 70.365], [-92.075, 70.32], [-92.045, 70.305], [-91.985, 70.285], [-91.925, 70.295], [-91.875, 70.33], [-91.82, 70.34], [-91.76, 70.325], [-91.715, 70.3], [-91.655, 70.235], [-91.565, 70.18], [-91.57, 70.16], [-91.615, 70.15], [-91.86, 70.135], [-91.995, 70.145], [-92.12, 70.17], [-92.21, 70.2], [-92.29, 70.24], [-92.32, 70.235], [-92.365, 70.2], [-92.455, 70.15], [-92.51, 70.105], [-92.445, 70.085], [-92.125, 70.085], [-92.06, 70.07], [-91.975, 70.04], [-92.07, 69.985], [-92.285, 69.89], [-92.75, 69.715], [-92.89, 69.67], [-92.855, 69.655], [-92.805, 69.65], [-92.645, 69.66], [-92.495, 69.685], [-92.31, 69.675], [-92.23, 69.655], [-92.26, 69.635], [-92.21, 69.605], [-91.91, 69.53], [-91.725, 69.545], [-91.53, 69.615], [-91.385, 69.65], [-91.2, 69.645], [-91.15, 69.635], [-91.17, 69.62], [-91.305, 69.58], [-91.425, 69.54], [-91.44, 69.525], [-91.29, 69.545], [-90.95, 69.515], [-90.785, 69.51], [-90.665, 69.515], [-90.555, 69.505], [-90.45, 69.475], [-90.415, 69.455], [-90.515, 69.445], [-90.605, 69.445], [-90.685, 69.43], [-90.75, 69.39], [-90.795, 69.345], [-90.82, 69.29], [-90.89, 69.265], [-91.005, 69.275], [-91.05, 69.295], [-91.025, 69.315], [-91.06, 69.32], [-91.15, 69.305], [-91.22, 69.3], [-91.235, 69.285], [-90.745, 69.105], [-90.585, 68.945], [-90.48, 68.88], [-90.47, 68.865], [-90.54, 68.82], [-90.545, 68.785], [-90.51, 68.69], [-90.525, 68.61], [-90.575, 68.475], [-90.53, 68.43], [-90.425, 68.395], [-90.36, 68.345], [-90.315, 68.33], [-90.285, 68.29], [-90.25, 68.265], [-90.205, 68.255], [-90.175, 68.27], [-90.155, 68.305], [-90.115, 68.34], [-90.005, 68.4], [-89.9, 68.49], [-89.88, 68.52], [-89.895, 68.595], [-89.885, 68.625], [-89.785, 68.735], [-89.75, 68.81], [-89.72, 68.93], [-89.665, 69.015], [-89.55, 69.085], [-89.35, 69.225], [-89.28, 69.255], [-89.2, 69.27], [-89.055, 69.265], [-88.955, 69.22], [-88.815, 69.135], [-88.64, 69.06], [-88.315, 68.955], [-88.225, 68.915], [-88.04, 68.81], [-87.965, 68.71], [-87.91, 68.565], [-87.865, 68.48], [-87.83, 68.45], [-87.81, 68.405], [-87.815, 68.345], [-87.83, 68.3], [-87.855, 68.265], [-87.895, 68.25], [-87.99, 68.24], [-88.11, 68.25], [-88.145, 68.265], [-88.21, 68.335], [-88.235, 68.34], [-88.345, 68.29], [-88.36, 68.26], [-88.32, 68.165], [-88.325, 67.99], [-88.315, 67.95], [-88.195, 67.765], [-87.995, 67.625], [-87.5, 67.355], [-87.47, 67.325], [-87.42, 67.215], [-87.39, 67.19], [-87.36, 67.175], [-87.32, 67.175], [-87.265, 67.185], [-87.085, 67.27], [-86.925, 67.355], [-86.815, 67.4], [-86.75, 67.405], [-86.68, 67.42], [-86.61, 67.45], [-86.56, 67.48], [-86.535, 67.515], [-86.505, 67.65], [-86.475, 67.715], [-86.4, 67.8], [-86.37, 67.825], [-85.985, 68.045], [-85.955, 68.07], [-85.79, 68.33], [-85.73, 68.445], [-85.725, 68.515], [-85.745, 68.58], [-85.735, 68.63], [-85.69, 68.67], [-85.645, 68.7], [-85.56, 68.73], [-85.52, 68.77], [-85.49, 68.775], [-85.425, 68.775], [-85.34, 68.745], [-85.275, 68.74], [-84.87, 68.775], [-84.865, 68.79], [-85.105, 68.845], [-85.105, 68.87], [-85.085, 68.91], [-85.01, 68.95], [-84.915, 68.96], [-84.895, 68.99], [-84.895, 69.02], [-84.86, 69.075], [-84.89, 69.095], [-85.115, 69.165], [-85.245, 69.165], [-85.275, 69.17], [-85.385, 69.23], [-85.43, 69.32], [-85.43, 69.355], [-85.415, 69.41], [-85.4, 69.425], [-85.41, 69.45], [-85.435, 69.49], [-85.44, 69.52], [-85.415, 69.55], [-85.43, 69.58], [-85.48, 69.62], [-85.5, 69.65], [-85.45, 69.75], [-85.445, 69.78], [-85.495, 69.82], [-85.535, 69.835], [-85.505, 69.845], [-85.415, 69.85], [-85.305, 69.835], [-85.175, 69.805], [-85.02, 69.805], [-84.835, 69.835], [-84.645, 69.85], [-84.32, 69.845], [-84.24, 69.835], [-83.915, 69.745], [-83.665, 69.7], [-83.55, 69.705], [-82.99, 69.685], [-82.745, 69.695], [-82.62, 69.69], [-82.375, 69.64], [-82.39, 69.6], [-82.495, 69.53], [-82.635, 69.52], [-82.755, 69.495], [-82.64, 69.46], [-82.31, 69.41], [-82.23, 69.335], [-82.21, 69.295], [-82.245, 69.265], [-82.23, 69.25], [-82.15, 69.25], [-81.95, 69.275], [-81.73, 69.26], [-81.41, 69.2], [-81.38, 69.185], [-81.32, 69.14], [-81.33, 69.12], [-81.61, 69.005], [-81.76, 68.955], [-81.95, 68.91], [-81.96, 68.885], [-81.685, 68.88], [-81.475, 68.865], [-81.38, 68.85], [-81.33, 68.83], [-81.265, 68.78], [-81.25, 68.745], [-81.26, 68.69], [-81.28, 68.655], [-81.525, 68.555], [-81.64, 68.525], [-81.83, 68.485], [-81.915, 68.46], [-82.005, 68.465], [-82.105, 68.5], [-82.21, 68.505], [-82.395, 68.48], [-82.5, 68.48], [-82.55, 68.47], [-82.555, 68.445], [-82.465, 68.38], [-82.415, 68.355], [-82.395, 68.34], [-82.43, 68.305], [-82.425, 68.295], [-82.395, 68.285], [-82.22, 68.145], [-82.185, 68.135], [-82.15, 68.14], [-82.08, 68.18], [-82.035, 68.195], [-82.01, 68.195], [-82.015, 68.175], [-82.09, 68.05], [-82.1, 68.02], [-82.1, 67.99], [-82.065, 67.93], [-81.975, 67.86], [-81.87, 67.8], [-81.71, 67.72], [-81.495, 67.635], [-81.41, 67.595], [-81.295, 67.495], [-81.27, 67.46], [-81.3, 67.355], [-81.385, 67.19], [-81.445, 67.095], [-81.47, 67.07], [-81.63, 67.0], [-81.72, 66.985], [-81.875, 66.99], [-81.925, 66.975], [-82.005, 66.92], [-82.115, 66.825], [-82.2, 66.765], [-82.26, 66.74], [-82.375, 66.71], [-82.555, 66.62], [-82.64, 66.59], [-82.95, 66.55], [-83.2, 66.43], [-83.3, 66.39], [-83.405, 66.37], [-83.525, 66.37], [-83.59, 66.39], [-83.63, 66.46], [-83.65, 66.485], [-83.74, 66.535], [-83.92, 66.68], [-84.0, 66.73], [-84.05, 66.74], [-84.155, 66.73], [-84.21, 66.735], [-84.325, 66.78], [-84.365, 66.81], [-84.36, 66.825], [-84.275, 66.84], [-84.31, 66.865], [-84.465, 66.925], [-84.53, 66.96], [-84.54, 66.975], [-84.695, 67.015], [-84.845, 67.03], [-85.04, 66.955], [-85.115, 66.905], [-85.11, 66.89], [-85.02, 66.87], [-84.98, 66.88], [-84.9, 66.925], [-84.855, 66.94], [-84.74, 66.935], [-84.64, 66.9], [-84.605, 66.875], [-84.59, 66.855], [-84.32, 66.71], [-84.225, 66.68], [-84.185, 66.65], [-84.155, 66.59], [-84.095, 66.525], [-83.965, 66.42], [-83.825, 66.29], [-83.8, 66.24], [-83.87, 66.215], [-83.905, 66.21], [-84.01, 66.23], [-84.295, 66.29], [-84.325, 66.29], [-84.4, 66.26], [-84.46, 66.185], [-84.48, 66.18], [-84.63, 66.21], [-84.91, 66.27], [-85.095, 66.325], [-85.19, 66.37], [-85.305, 66.44], [-85.44, 66.535], [-85.605, 66.57], [-85.79, 66.535], [-86.065, 66.52], [-86.635, 66.53], [-86.71, 66.525], [-86.735, 66.51], [-86.69, 66.455], [-86.7, 66.445], [-86.74, 66.435], [-86.745, 66.415], [-86.685, 66.36], [-86.585, 66.32], [-86.3, 66.27], [-86.115, 66.225], [-86.0, 66.185], [-85.965, 66.155], [-85.96, 66.12], [-86.01, 66.05], [-86.045, 66.025], [-86.7, 65.67], [-86.955, 65.53], [-87.08, 65.44], [-87.195, 65.385], [-87.29, 65.355], [-87.455, 65.34], [-87.68, 65.335], [-87.97, 65.35], [-88.12, 65.395], [-88.395, 65.515], [-88.585, 65.59], [-88.67, 65.61], [-88.745, 65.68], [-88.81, 65.69], [-88.945, 65.705], [-89.09, 65.74], [-89.42, 65.86], [-89.595, 65.91], [-89.75, 65.935], [-89.89, 65.94], [-89.945, 65.935], [-89.85, 65.87], [-89.89, 65.87], [-90.005, 65.885], [-90.115, 65.88], [-90.315, 65.925], [-90.515, 65.92], [-90.655, 65.93], [-90.825, 65.955], [-91.01, 65.965], [-91.305, 65.965], [-91.41, 65.96], [-91.425, 65.95], [-91.285, 65.895], [-91.04, 65.83], [-91.075, 65.885], [-91.065, 65.9], [-90.985, 65.92], [-90.595, 65.885], [-90.16, 65.815], [-90.05, 65.805], [-89.925, 65.78], [-89.79, 65.735], [-89.6, 65.65], [-89.24, 65.445], [-89.125, 65.395], [-88.975, 65.35], [-88.2, 65.28], [-87.93, 65.28], [-87.39, 65.26], [-87.11, 65.225], [-87.03, 65.2], [-87.005, 65.11], [-87.03, 65.065], [-87.185, 64.925], [-87.28, 64.825], [-87.885, 64.4], [-87.965, 64.3], [-88.0, 64.245], [-88.105, 64.185], [-88.38, 64.09], [-88.655, 64.01], [-88.82, 63.99], [-88.965, 64.01], [-89.06, 64.035], [-89.2, 64.115], [-89.21, 64.105], [-89.11, 63.98], [-89.13, 63.97], [-89.215, 63.985], [-89.405, 64.04], [-89.465, 64.03], [-89.5, 64.015], [-89.55, 64.015], [-89.615, 64.03], [-89.735, 64.075], [-89.765, 64.1], [-89.79, 64.17], [-89.81, 64.18], [-90.04, 64.14], [-90.08, 64.13], [-89.985, 64.1], [-89.955, 64.08], [-89.86, 63.98], [-89.855, 63.955], [-89.92, 63.945], [-90.14, 63.98], [-90.17, 63.98], [-90.06, 63.875], [-90.02, 63.83], [-90.015, 63.805], [-90.155, 63.69], [-90.245, 63.64], [-90.37, 63.625], [-90.445, 63.635], [-90.535, 63.665], [-90.595, 63.66], [-90.635, 63.625], [-90.705, 63.595], [-90.81, 63.58], [-90.945, 63.59], [-91.11, 63.62], [-91.54, 63.725], [-91.675, 63.74], [-91.925, 63.755], [-91.955, 63.77], [-91.955, 63.785], [-91.92, 63.8], [-91.93, 63.81], [-91.98, 63.82], [-92.04, 63.815], [-92.095, 63.785], [-92.195, 63.775], [-92.34, 63.79], [-92.55, 63.83], [-92.97, 63.94], [-93.43, 64.03], [-93.695, 64.145], [-93.595, 64.04], [-93.605, 64.005], [-93.655, 63.975], [-93.665, 63.94], [-93.56, 63.865], [-93.415, 63.84], [-93.27, 63.84], [-93.265, 63.855], [-93.325, 63.87], [-93.38, 63.9], [-93.405, 63.94], [-93.38, 63.95], [-93.25, 63.925], [-93.165, 63.9], [-92.53, 63.76], [-92.34, 63.735], [-92.195, 63.71], [-92.155, 63.69], [-92.205, 63.655], [-92.46, 63.57], [-92.465, 63.555], [-92.29, 63.565], [-92.075, 63.64], [-91.955, 63.675], [-91.84, 63.7], [-91.685, 63.66], [-91.49, 63.56], [-91.33, 63.505], [-91.105, 63.475], [-90.97, 63.445], [-90.745, 63.35], [-90.71, 63.305], [-90.69, 63.11], [-90.7, 63.065], [-90.73, 63.015], [-90.78, 62.97], [-90.87, 62.945], [-91.01, 62.94], [-91.115, 62.92], [-91.35, 62.82], [-91.45, 62.805], [-91.87, 62.835], [-92.035, 62.865], [-92.11, 62.86], [-92.15, 62.84], [-92.195, 62.83], [-92.36, 62.82], [-92.39, 62.8], [-92.38, 62.77], [-92.345, 62.735], [-92.305, 62.71], [-92.245, 62.685], [-92.15, 62.665], [-91.955, 62.645], [-91.935, 62.59], [-91.945, 62.575], [-92.01, 62.54], [-92.08, 62.545], [-92.205, 62.585], [-92.27, 62.585], [-92.325, 62.565], [-92.4, 62.555], [-92.495, 62.565], [-92.55, 62.545], [-92.56, 62.505], [-92.595, 62.47], [-92.705, 62.42], [-92.77, 62.38], [-92.765, 62.35], [-92.7, 62.33], [-92.625, 62.28], [-92.545, 62.2], [-92.53, 62.17], [-92.58, 62.175], [-92.65, 62.21], [-92.735, 62.26], [-92.865, 62.305], [-93.155, 62.365], [-93.205, 62.365], [-93.18, 62.35], [-92.99, 62.285], [-92.915, 62.245], [-92.905, 62.215], [-93.065, 62.15], [-93.07, 62.13], [-93.03, 62.11], [-93.015, 62.095], [-93.075, 62.06], [-93.165, 62.035], [-93.35, 62.03], [-93.365, 62.015], [-93.295, 61.98], [-93.275, 61.96], [-93.335, 61.935], [-93.37, 61.93], [-93.58, 61.94], [-93.525, 61.87], [-93.495, 61.845], [-93.43, 61.81], [-93.315, 61.78], [-93.31, 61.765], [-93.35, 61.74], [-93.42, 61.705], [-93.71, 61.605], [-93.915, 61.48], [-93.94, 61.445], [-93.89, 61.365], [-93.89, 61.345], [-93.94, 61.31], [-94.06, 61.32], [-94.085, 61.305], [-94.055, 61.265], [-94.05, 61.21], [-94.07, 61.14], [-94.155, 61.025], [-94.31, 60.87], [-94.425, 60.73], [-94.51, 60.605], [-94.57, 60.54], [-94.68, 60.54], [-94.76, 60.5], [-94.705, 60.48], [-94.67, 60.455], [-94.645, 60.415], [-94.67, 60.3], [-94.74, 60.105], [-94.785, 59.955], [-94.775, 59.48], [-94.79, 59.27], [-94.82, 59.15], [-94.87, 59.09], [-94.955, 59.07], [-94.845, 59.05], [-94.775, 59.02], [-94.745, 58.975], [-94.715, 58.905], [-94.675, 58.87], [-94.625, 58.875], [-94.58, 58.87], [-94.54, 58.85], [-94.42, 58.745], [-94.285, 58.715], [-94.28, 58.66], [-94.335, 58.34], [-94.33, 58.295], [-94.27, 58.38], [-94.21, 58.625], [-94.125, 58.735], [-94.055, 58.76], [-93.78, 58.775], [-93.485, 58.745], [-93.375, 58.74], [-93.28, 58.755], [-93.18, 58.725], [-93.155, 58.695], [-93.125, 58.565], [-93.1, 58.49], [-92.925, 58.225], [-92.84, 58.075], [-92.74, 57.845], [-92.7, 57.78], [-92.49, 57.47], [-92.45, 57.385], [-92.435, 57.32], [-92.44, 57.275], [-92.48, 57.205], [-92.55, 57.11], [-92.615, 57.04], [-92.675, 56.99], [-92.74, 56.955], [-92.8, 56.93], [-92.8, 56.92], [-92.725, 56.935], [-92.65, 56.96], [-92.51, 57.02], [-92.455, 57.035], [-92.305, 57.045], [-92.3, 57.025], [-92.37, 56.975], [-92.355, 56.97], [-92.25, 57.01], [-92.02, 57.065], [-91.11, 57.24], [-90.895, 57.255], [-90.59, 57.225], [-90.345, 57.15], [-90.075, 57.05], [-89.79, 56.98], [-89.34, 56.915], [-89.21, 56.885], [-88.95, 56.85], [-88.825, 56.815], [-88.68, 56.725], [-88.445, 56.61], [-88.27, 56.535], [-88.075, 56.465], [-87.88, 56.34], [-87.56, 56.055], [-87.48, 56.02], [-87.285, 55.975], [-86.92, 55.915], [-86.375, 55.775], [-86.14, 55.72], [-85.985, 55.695], [-85.83, 55.655], [-85.675, 55.6], [-85.56, 55.54], [-85.48, 55.475], [-85.405, 55.43], [-85.285, 55.385], [-85.22, 55.35], [-85.21, 55.295], [-85.36, 55.095], [-85.365, 55.08], [-85.215, 55.225], [-85.13, 55.265], [-85.06, 55.285], [-84.92, 55.285], [-84.705, 55.26], [-84.52, 55.26], [-84.355, 55.285], [-84.22, 55.295], [-84.105, 55.29], [-84.025, 55.3], [-83.97, 55.315], [-83.91, 55.315], [-83.67, 55.265], [-83.57, 55.26], [-83.215, 55.215], [-82.985, 55.23], [-82.945, 55.22], [-82.87, 55.16], [-82.8, 55.155], [-82.69, 55.165], [-82.575, 55.15], [-82.395, 55.07], [-82.31, 55.0], [-82.225, 54.855], [-82.22, 54.815], [-82.37, 54.485], [-82.42, 54.355], [-82.425, 54.245], [-82.395, 54.18], [-82.265, 54.075], [-82.24, 54.045], [-82.165, 53.885], [-82.14, 53.82], [-82.15, 53.74], [-82.19, 53.61], [-82.18, 53.515], [-82.145, 53.365], [-82.16, 53.265], [-82.22, 53.21], [-82.26, 53.16], [-82.29, 53.065], [-82.29, 53.03], [-82.26, 52.96], [-82.205, 52.92], [-82.11, 52.875], [-82.02, 52.81], [-81.86, 52.65], [-81.74, 52.565], [-81.6, 52.435], [-81.57, 52.365], [-81.61, 52.325], [-81.66, 52.295], [-81.775, 52.255], [-81.83, 52.225], [-81.815, 52.215], [-81.65, 52.24], [-81.55, 52.235], [-81.465, 52.205], [-81.4, 52.14], [-81.285, 52.09], [-81.125, 52.045], [-80.97, 51.97], [-80.705, 51.8], [-80.66, 51.76], [-80.59, 51.665], [-80.495, 51.525], [-80.45, 51.43], [-80.445, 51.39], [-80.495, 51.345], [-80.675, 51.265], [-80.85, 51.125], [-80.795, 51.13], [-80.675, 51.19], [-80.48, 51.305], [-80.37, 51.33], [-80.265, 51.315], [-80.105, 51.285], [-79.96, 51.235], [-79.835, 51.175], [-79.65, 51.01], [-79.455, 50.875], [-79.35, 50.765], [-79.38, 50.835], [-79.455, 50.915], [-79.635, 51.05], [-79.715, 51.12], [-79.73, 51.15], [-79.735, 51.185], [-79.725, 51.25], [-79.69, 51.345], [-79.645, 51.415], [-79.585, 51.45], [-79.545, 51.495], [-79.53, 51.54], [-79.5, 51.57], [-79.34, 51.63], [-79.295, 51.625], [-79.265, 51.55], [-79.225, 51.535], [-79.155, 51.525], [-79.09, 51.5], [-79.04, 51.465], [-79.005, 51.425], [-78.985, 51.385], [-78.935, 51.26], [-78.905, 51.2], [-78.9, 51.27], [-78.86, 51.385], [-78.825, 51.43], [-78.73, 51.495], [-78.735, 51.525], [-78.775, 51.565], [-78.98, 51.735], [-78.98, 51.775], [-78.93, 51.8], [-78.89, 51.845], [-78.87, 51.915], [-78.83, 51.965], [-78.7, 52.035], [-78.595, 52.14], [-78.535, 52.215], [-78.49, 52.25], [-78.45, 52.26], [-78.515, 52.29], [-78.525, 52.31], [-78.53, 52.4], [-78.555, 52.49], [-78.6, 52.535], [-78.725, 52.63], [-78.745, 52.655], [-78.765, 52.76], [-78.755, 52.81], [-78.72, 52.855], [-78.74, 52.9], [-78.855, 52.975], [-78.9, 53.045], [-78.945, 53.205], [-78.99, 53.41], [-79.045, 53.56], [-79.1, 53.655], [-79.115, 53.715], [-79.08, 53.74], [-79.04, 53.82], [-79.005, 53.835], [-78.945, 53.83], [-78.945, 53.84], [-79.03, 53.88], [-79.075, 53.93], [-79.075, 53.95], [-78.995, 54.0], [-79.01, 54.025], [-79.065, 54.05], [-79.24, 54.1], [-79.18, 54.115], [-79.14, 54.155], [-79.145, 54.17], [-79.215, 54.185], [-79.295, 54.215], [-79.355, 54.265], [-79.43, 54.335], [-79.475, 54.395], [-79.52, 54.49], [-79.6, 54.6], [-79.63, 54.63], [-79.67, 54.645], [-79.715, 54.655], [-79.71, 54.67], [-79.665, 54.695], [-78.91, 54.88], [-78.845, 54.91], [-78.475, 55.01], [-78.305, 55.07], [-78.13, 55.15], [-77.89, 55.235], [-77.775, 55.29], [-77.7, 55.345], [-77.325, 55.555], [-77.165, 55.665], [-77.075, 55.755], [-76.94, 55.865], [-76.76, 55.995], [-76.65, 56.105], [-76.605, 56.2], [-76.545, 56.36], [-76.53, 56.5], [-76.52, 56.705], [-76.525, 56.89], [-76.575, 57.18], [-76.6, 57.27], [-76.655, 57.38], [-76.785, 57.6], [-76.81, 57.66], [-76.89, 57.76], [-77.155, 58.02], [-77.49, 58.195], [-77.55, 58.24], [-77.685, 58.29], [-77.885, 58.35], [-78.015, 58.4], [-78.35, 58.58], [-78.465, 58.6], [-78.505, 58.65], [-78.515, 58.68], [-78.5, 58.77], [-78.485, 58.83], [-78.46, 58.875], [-78.43, 58.9], [-78.245, 59.035], [-78.14, 59.14], [-78.07, 59.2], [-77.99, 59.245], [-77.845, 59.305], [-77.76, 59.38], [-77.78, 59.41], [-77.845, 59.445], [-77.86, 59.475], [-77.75, 59.56], [-77.735, 59.58], [-77.75, 59.66], [-77.725, 59.675], [-77.59, 59.68], [-77.395, 59.57], [-77.35, 59.58], [-77.41, 59.61], [-77.485, 59.685], [-77.475, 59.715], [-77.33, 59.795], [-77.33, 59.835], [-77.37, 59.885], [-77.375, 59.925], [-77.29, 60.02], [-77.31, 60.04], [-77.545, 60.06], [-77.585, 60.09], [-77.57, 60.1], [-77.46, 60.135], [-77.455, 60.145], [-77.65, 60.36], [-77.68, 60.425], [-77.6, 60.505], [-77.505, 60.545], [-77.515, 60.565], [-77.64, 60.565], [-77.715, 60.58], [-77.79, 60.64], [-77.76, 60.68], [-77.735, 60.695], [-77.66, 60.79], [-77.59, 60.81], [-77.605, 60.825], [-77.87, 60.785], [-78.0, 60.82], [-78.12, 60.81], [-78.18, 60.82], [-78.16, 60.85], [-77.935, 61.005], [-77.83, 61.085], [-77.765, 61.16], [-77.73, 61.205], [-77.725, 61.23], [-77.75, 61.395], [-77.735, 61.435], [-77.65, 61.48], [-77.515, 61.555], [-77.7, 61.625], [-77.815, 61.695], [-77.89, 61.73], [-77.95, 61.76], [-78.02, 61.83], [-78.075, 61.925], [-78.135, 62.105], [-78.145, 62.21], [-78.135, 62.28], [-78.11, 62.32], [-78.07, 62.355], [-77.9, 62.425], [-77.605, 62.53], [-77.37, 62.575], [-77.205, 62.55], [-76.88, 62.525], [-76.615, 62.465], [-75.815, 62.315], [-75.675, 62.25], [-75.81, 62.195], [-75.79, 62.18], [-75.49, 62.285], [-75.41, 62.305], [-75.34, 62.31], [-75.115, 62.27], [-75.025, 62.265], [-74.91, 62.23], [-74.635, 62.115], [-74.615, 62.125], [-74.69, 62.185], [-74.645, 62.21], [-74.43, 62.27], [-74.205, 62.32], [-74.045, 62.37], [-73.88, 62.435], [-73.765, 62.47], [-73.705, 62.475], [-73.63, 62.455], [-73.43, 62.37], [-73.3, 62.325], [-73.195, 62.28], [-73.05, 62.2], [-72.99, 62.18], [-72.88, 62.125], [-72.735, 62.13], [-72.685, 62.125], [-72.67, 62.115], [-72.645, 62.075], [-72.635, 62.055], [-72.63, 62.025], [-72.665, 61.955], [-72.77, 61.84], [-72.725, 61.84], [-72.66, 61.865], [-72.575, 61.905], [-72.505, 61.925], [-72.36, 61.89], [-72.225, 61.83], [-72.18, 61.8], [-72.125, 61.755], [-72.08, 61.73], [-72.04, 61.68], [-72.045, 61.665], [-72.08, 61.64], [-72.245, 61.6], [-72.215, 61.585], [-72.025, 61.61], [-71.965, 61.635], [-71.92, 61.675], [-71.865, 61.69], [-71.64, 61.615], [-71.605, 61.59], [-71.62, 61.575], [-71.655, 61.55], [-71.755, 61.525], [-71.84, 61.465], [-71.855, 61.44], [-71.795, 61.42], [-71.645, 61.415], [-71.645, 61.4], [-71.73, 61.37], [-71.745, 61.335], [-71.55, 61.215], [-71.425, 61.16], [-71.35, 61.15], [-71.175, 61.145], [-71.035, 61.125], [-70.725, 61.055], [-70.54, 61.04], [-70.385, 61.065], [-70.28, 61.07], [-70.185, 61.04], [-70.16, 61.02], [-70.145, 60.98], [-70.145, 60.92], [-70.095, 60.88], [-69.99, 60.855], [-69.91, 60.86], [-69.8, 60.905], [-69.71, 60.915], [-69.68, 60.95], [-69.65, 61.015], [-69.625, 61.05], [-69.555, 61.06], [-69.505, 61.04], [-69.47, 61.01], [-69.415, 60.92], [-69.4, 60.885], [-69.405, 60.845], [-69.435, 60.815], [-69.49, 60.78], [-69.575, 60.745], [-69.64, 60.69], [-69.72, 60.565], [-69.75, 60.485], [-69.76, 60.44], [-69.755, 60.39], [-69.74, 60.33], [-69.71, 60.285], [-69.635, 60.22], [-69.63, 60.2], [-69.625, 60.145], [-69.63, 60.12], [-69.675, 60.075], [-69.795, 60.03], [-69.965, 60.02], [-70.51, 60.015], [-70.655, 60.025], [-70.62, 59.985], [-70.465, 59.97], [-70.325, 59.97], [-69.805, 59.945], [-69.735, 59.92], [-69.675, 59.87], [-69.63, 59.82], [-69.585, 59.72], [-69.58, 59.675], [-69.6, 59.625], [-69.655, 59.565], [-69.69, 59.49], [-69.71, 59.395], [-69.68, 59.34], [-69.4, 59.34], [-69.345, 59.305], [-69.35, 59.275], [-69.45, 59.18], [-69.46, 59.15], [-69.415, 59.085], [-69.42, 59.07], [-69.45, 59.05], [-69.475, 59.0], [-69.5, 58.92], [-69.53, 58.87], [-69.61, 58.83], [-69.65, 58.82], [-69.675, 58.83], [-69.755, 58.94], [-69.785, 58.955], [-69.815, 58.945], [-69.83, 58.93], [-69.83, 58.905], [-69.84, 58.88], [-69.87, 58.855], [-69.98, 58.815], [-70.16, 58.79], [-70.155, 58.76], [-70.035, 58.745], [-69.88, 58.695], [-69.79, 58.69], [-69.65, 58.73], [-69.38, 58.85], [-69.27, 58.885], [-69.175, 58.895], [-69.065, 58.9], [-68.94, 58.89], [-68.7, 58.905], [-68.635, 58.895], [-68.565, 58.865], [-68.475, 58.825], [-68.415, 58.785], [-68.38, 58.745], [-68.325, 58.595], [-68.255, 58.555], [-68.235, 58.53], [-68.23, 58.485], [-68.235, 58.4], [-68.315, 58.225], [-68.355, 58.165], [-68.47, 58.075], [-68.595, 58.035], [-68.825, 58.0], [-68.945, 57.97], [-69.035, 57.925], [-69.04, 57.9], [-68.78, 57.975], [-68.495, 58.01], [-68.415, 58.05], [-68.35, 58.09], [-68.29, 58.18], [-68.175, 58.405], [-68.11, 58.475], [-68.02, 58.485], [-67.98, 58.46], [-67.89, 58.33], [-67.89, 58.295], [-67.91, 58.265], [-68.065, 58.14], [-68.01, 58.15], [-67.855, 58.275], [-67.825, 58.31], [-67.805, 58.365], [-67.755, 58.405], [-67.735, 58.385], [-67.69, 58.245], [-67.69, 58.14], [-67.68, 58.105], [-67.7, 58.01], [-67.68, 57.99], [-67.63, 58.075], [-67.615, 58.14], [-67.595, 58.185], [-67.57, 58.215], [-67.38, 58.3], [-67.165, 58.37], [-67.02, 58.435], [-66.9, 58.465], [-66.72, 58.49], [-66.61, 58.55], [-66.56, 58.635], [-66.515, 58.695], [-66.48, 58.73], [-66.36, 58.79], [-66.3, 58.795], [-66.235, 58.77], [-66.17, 58.725], [-66.09, 58.66], [-66.045, 58.605], [-66.03, 58.565], [-66.015, 58.43], [-66.0, 58.43], [-65.93, 58.535], [-65.925, 58.57], [-65.93, 58.61], [-65.95, 58.65], [-66.02, 58.735], [-66.05, 58.79], [-66.045, 58.82], [-65.965, 58.84], [-65.855, 58.845], [-65.835, 58.86], [-65.92, 58.895], [-65.92, 58.915], [-65.84, 58.975], [-65.795, 58.98], [-65.705, 58.97], [-65.72, 59.005], [-65.72, 59.025], [-65.695, 59.03], [-65.545, 59.01], [-65.525, 59.035], [-65.395, 59.04], [-65.385, 59.06], [-65.495, 59.09], [-65.605, 59.11], [-65.64, 59.13], [-65.665, 59.155], [-65.7, 59.215], [-65.69, 59.23], [-65.66, 59.23], [-65.605, 59.215], [-65.58, 59.245], [-65.545, 59.32], [-65.515, 59.35], [-65.41, 59.315], [-65.405, 59.33], [-65.49, 59.45], [-65.475, 59.47], [-65.35, 59.48], [-65.275, 59.465], [-65.075, 59.38], [-65.04, 59.39], [-65.07, 59.41], [-65.17, 59.46], [-65.265, 59.495], [-65.345, 59.51], [-65.405, 59.54], [-65.475, 59.615], [-65.485, 59.65], [-65.48, 59.69], [-65.435, 59.775], [-65.405, 59.795], [-65.36, 59.81], [-65.29, 59.82], [-65.21, 59.81], [-65.055, 59.755], [-65.03, 59.77], [-65.115, 59.8], [-65.16, 59.83], [-65.18, 59.865], [-65.17, 59.91], [-65.105, 59.995], [-65.075, 60.06], [-64.93, 60.25], [-64.89, 60.285], [-64.845, 60.31], [-64.815, 60.33], [-64.705, 60.335], [-64.5, 60.27], [-64.435, 60.23], [-64.42, 60.17], [-64.53, 60.095], [-64.715, 60.035], [-64.77, 60.01], [-64.735, 60.0], [-64.56, 60.045], [-64.41, 60.065], [-64.285, 60.065], [-64.185, 59.975], [-64.17, 59.845], [-64.225, 59.74], [-64.15, 59.795], [-64.055, 59.825], [-63.98, 59.755], [-63.97, 59.7], [-63.93, 59.645], [-63.84, 59.575], [-63.75, 59.515], [-63.85, 59.45], [-63.97, 59.41], [-63.945, 59.38], [-63.78, 59.35], [-63.76, 59.32], [-63.775, 59.275], [-63.75, 59.275], [-63.64, 59.34], [-63.54, 59.335], [-63.415, 59.195], [-63.505, 59.115], [-63.645, 59.08], [-63.755, 59.065], [-63.91, 59.065], [-63.97, 59.055], [-63.94, 59.025], [-63.795, 59.025], [-63.57, 59.045], [-63.4, 59.08], [-63.325, 59.08], [-63.25, 59.07], [-63.225, 59.055], [-63.305, 59.035], [-63.31, 59.025], [-63.28, 59.005], [-63.215, 58.93], [-63.22, 58.91], [-63.28, 58.865], [-63.185, 58.86], [-63.05, 58.88], [-63.01, 58.855], [-62.925, 58.765], [-62.875, 58.67], [-63.1, 58.545], [-63.22, 58.52], [-63.39, 58.455], [-63.44, 58.4], [-63.535, 58.33], [-63.475, 58.33], [-63.295, 58.44], [-63.21, 58.465], [-63.145, 58.46], [-63.12, 58.44], [-63.13, 58.41], [-63.075, 58.415], [-62.835, 58.48], [-62.735, 58.49], [-62.61, 58.495], [-62.595, 58.475], [-62.675, 58.32], [-62.81, 58.2], [-63.065, 58.125], [-63.15, 58.085], [-63.26, 58.015], [-63.22, 58.0], [-62.98, 58.095], [-62.82, 58.13], [-62.59, 58.16], [-62.485, 58.155], [-62.305, 57.97], [-62.2, 57.955], [-62.115, 57.965], [-61.96, 57.91], [-61.9, 57.86], [-61.915, 57.825], [-61.97, 57.805], [-61.995, 57.77], [-61.93, 57.67], [-61.97, 57.61], [-62.085, 57.56], [-62.165, 57.535], [-62.255, 57.53], [-62.34, 57.485], [-62.375, 57.48], [-62.495, 57.49], [-62.455, 57.46], [-62.395, 57.45], [-62.305, 57.44], [-62.195, 57.455], [-62.09, 57.455], [-61.92, 57.42], [-61.85, 57.38], [-61.85, 57.37], [-61.885, 57.35], [-61.94, 57.275], [-61.975, 57.25], [-61.945, 57.23], [-61.86, 57.2], [-61.8, 57.185], [-61.715, 57.195], [-61.63, 57.185], [-61.335, 57.01], [-61.345, 56.92], [-61.39, 56.855], [-61.375, 56.775], [-61.37, 56.68], [-61.53, 56.655], [-62.06, 56.7], [-62.365, 56.765], [-62.38, 56.79], [-62.295, 56.835], [-62.37, 56.835], [-62.46, 56.82], [-62.495, 56.8], [-62.395, 56.73], [-62.115, 56.665], [-61.99, 56.59], [-61.855, 56.585], [-61.815, 56.57], [-61.74, 56.525], [-61.76, 56.51], [-61.9, 56.505], [-62.01, 56.455], [-61.94, 56.425], [-61.69, 56.395], [-61.515, 56.39], [-61.425, 56.36], [-61.5, 56.33], [-61.705, 56.29], [-61.715, 56.23], [-61.56, 56.21], [-61.42, 56.22], [-61.365, 56.215], [-61.325, 56.075], [-61.3, 56.045], [-61.45, 56.02], [-61.45, 55.995], [-61.35, 55.975], [-61.19, 55.955], [-61.135, 55.93], [-61.125, 55.89], [-61.09, 55.865], [-60.995, 55.86], [-60.895, 55.915], [-60.83, 55.96], [-60.745, 55.94], [-60.735, 55.885], [-60.63, 55.825], [-60.595, 55.815], [-60.56, 55.725], [-60.475, 55.805], [-60.415, 55.79], [-60.34, 55.785], [-60.365, 55.71], [-60.41, 55.65], [-60.35, 55.61], [-60.31, 55.555], [-60.19, 55.48], [-60.225, 55.445], [-60.36, 55.365], [-60.435, 55.245], [-60.45, 55.2], [-60.52, 55.13], [-60.615, 55.06], [-60.555, 55.065], [-60.34, 55.195], [-60.215, 55.235], [-59.93, 55.26], [-59.86, 55.295], [-59.76, 55.31], [-59.695, 55.27], [-59.69, 55.195], [-59.605, 55.175], [-59.52, 55.195], [-59.44, 55.175], [-59.485, 55.13], [-59.74, 54.945], [-59.815, 54.865], [-59.84, 54.815], [-59.75, 54.885], [-59.43, 55.055], [-59.395, 55.08], [-59.325, 55.155], [-59.26, 55.2], [-59.085, 55.185], [-58.995, 55.15], [-58.955, 55.055], [-58.885, 54.95], [-58.78, 54.84], [-58.5, 54.785], [-58.4, 54.775], [-58.225, 54.815], [-58.195, 54.865], [-58.06, 54.88], [-57.96, 54.875], [-57.93, 54.775], [-57.825, 54.72], [-57.725, 54.675], [-57.625, 54.65], [-57.485, 54.64], [-57.405, 54.59], [-57.405, 54.57], [-57.485, 54.515], [-57.565, 54.44], [-57.7, 54.385], [-57.89, 54.385], [-58.15, 54.35], [-58.16, 54.32], [-58.22, 54.285], [-58.36, 54.255], [-58.435, 54.23], [-58.56, 54.105], [-58.635, 54.05], [-58.72, 54.04], [-58.84, 54.045], [-58.92, 54.035], [-58.98, 54.01], [-59.015, 53.975], [-59.04, 53.965], [-59.2, 53.93], [-59.495, 53.835], [-59.655, 53.83], [-59.75, 53.84], [-59.825, 53.835], [-59.875, 53.81], [-60.015, 53.76], [-60.055, 53.735], [-60.08, 53.7], [-60.1, 53.635], [-60.115, 53.61], [-60.145, 53.595], [-60.265, 53.61], [-60.395, 53.655], [-60.37, 53.605], [-60.16, 53.53], [-60.1, 53.485], [-60.155, 53.45], [-60.29, 53.39], [-60.305, 53.36], [-60.25, 53.345], [-60.275, 53.315], [-60.345, 53.29], [-60.34, 53.275], [-60.33, 53.265], [-60.15, 53.305], [-59.985, 53.395], [-59.88, 53.48], [-59.83, 53.505], [-59.62, 53.535], [-59.5, 53.575], [-59.32, 53.645], [-59.13, 53.745], [-58.92, 53.875], [-58.65, 53.98], [-58.325, 54.05], [-58.09, 54.09], [-57.935, 54.09], [-57.93, 54.105], [-58.065, 54.125], [-58.175, 54.13], [-58.315, 54.115], [-58.36, 54.155], [-58.355, 54.17], [-58.31, 54.2], [-58.19, 54.23], [-57.615, 54.19], [-57.415, 54.165], [-57.2, 53.925], [-57.15, 53.85], [-57.135, 53.79], [-57.155, 53.755], [-57.245, 53.715], [-57.49, 53.635], [-57.525, 53.61], [-57.525, 53.6], [-57.42, 53.585], [-57.385, 53.56], [-57.33, 53.47], [-57.22, 53.53], [-57.01, 53.675], [-56.84, 53.74], [-56.695, 53.76], [-56.525, 53.765], [-56.465, 53.765], [-56.445, 53.72], [-56.355, 53.625], [-56.27, 53.6], [-56.11, 53.59], [-55.965, 53.47], [-55.91, 53.39], [-55.86, 53.345], [-55.865, 53.31], [-55.855, 53.285], [-55.815, 53.245], [-55.8, 53.21], [-55.81, 53.135], [-55.89, 53.0], [-55.83, 52.88], [-55.86, 52.825], [-55.875, 52.735], [-55.82, 52.675], [-55.805, 52.645], [-55.85, 52.625], [-56.165, 52.575], [-56.29, 52.575], [-56.325, 52.545], [-56.23, 52.535], [-56.055, 52.535], [-55.84, 52.51], [-55.745, 52.475], [-55.705, 52.43], [-55.715, 52.39], [-55.775, 52.365], [-55.895, 52.37], [-56.01, 52.395], [-56.005, 52.37], [-55.835, 52.31], [-55.785, 52.28], [-55.69, 52.24], [-55.675, 52.19], [-55.695, 52.14], [-56.015, 51.93], [-56.285, 51.795], [-56.55, 51.68], [-56.975, 51.46], [-57.02, 51.445], [-57.095, 51.445], [-57.3, 51.48], [-57.46, 51.47], [-57.77, 51.425], [-57.855, 51.4], [-58.025, 51.32], [-58.09, 51.31], [-58.27, 51.295], [-58.44, 51.305], [-58.51, 51.295], [-58.595, 51.255], [-58.615, 51.235], [-58.64, 51.17], [-59.055, 50.88], [-59.165, 50.78], [-59.38, 50.675], [-59.61, 50.49], [-59.815, 50.42], [-59.885, 50.315], [-60.08, 50.255], [-60.44, 50.24], [-60.61, 50.22], [-60.805, 50.25], [-60.955, 50.205], [-61.18, 50.19], [-61.29, 50.2], [-61.725, 50.105], [-61.835, 50.195], [-61.92, 50.235], [-62.165, 50.24], [-62.36, 50.275], [-62.54, 50.285], [-62.715, 50.3], [-62.83, 50.3], [-62.95, 50.29], [-63.135, 50.295], [-63.24, 50.245], [-63.585, 50.26], [-63.735, 50.305], [-63.855, 50.315], [-64.015, 50.305], [-64.17, 50.27], [-64.51, 50.31], [-64.87, 50.275], [-65.18, 50.3], [-65.27, 50.32], [-65.76, 50.26], [-65.955, 50.295], [-66.125, 50.2], [-66.24, 50.22], [-66.37, 50.205], [-66.41, 50.225], [-66.495, 50.21], [-66.55, 50.16], [-66.62, 50.155], [-66.74, 50.065], [-66.94, 49.995], [-67.235, 49.6], [-67.26, 49.45], [-67.37, 49.35], [-67.47, 49.335], [-67.55, 49.33], [-68.055, 49.255], [-68.28, 49.195], [-68.22, 49.15], [-68.295, 49.115], [-68.415, 49.1], [-68.545, 49.055], [-68.63, 49.005], [-68.67, 48.94], [-68.93, 48.83], [-69.23, 48.575], [-69.375, 48.385], [-69.55, 48.25], [-69.675, 48.2], [-69.76, 48.19], [-69.85, 48.205], [-70.0, 48.27], [-70.11, 48.28], [-70.385, 48.365], [-71.02, 48.455], [-70.925, 48.42], [-70.84, 48.365], [-70.67, 48.355], [-70.5, 48.355], [-70.145, 48.245], [-69.97, 48.205], [-69.865, 48.17], [-69.775, 48.1], [-69.84, 47.955], [-69.905, 47.83], [-69.995, 47.74], [-70.3, 47.505], [-70.45, 47.425], [-70.705, 47.14], [-70.975, 47.005], [-71.115, 46.925], [-71.27, 46.795], [-71.625, 46.7], [-71.755, 46.675], [-71.88, 46.685], [-72.03, 46.605], [-72.205, 46.56], [-72.255, 46.485], [-72.68, 46.285], [-72.845, 46.26], [-72.98, 46.21], [-73.02, 46.12], [-73.145, 46.065], [-73.18, 46.025], [-73.285, 45.9], [-73.475, 45.74], [-73.71, 45.71], [-73.8, 45.655], [-73.895, 45.565], [-74.04, 45.5], [-74.315, 45.53], [-74.25, 45.495], [-74.0, 45.435], [-73.975, 45.345], [-74.1, 45.325], [-74.36, 45.205], [-74.71, 45.005], [-74.76, 45.0], [-74.855, 45.005], [-74.995, 44.97], [-75.18, 44.9], [-75.4, 44.77], [-75.79, 44.495], [-75.82, 44.47], [-75.875, 44.415], [-76.02, 44.365], [-76.15, 44.305], [-76.185, 44.24], [-76.25, 44.215], [-76.465, 44.06], [-76.585, 43.925], [-76.695, 43.785], [-76.82, 43.63], [-77.075, 43.625], [-77.265, 43.625], [-77.595, 43.63], [-77.88, 43.63], [-78.215, 43.63], [-78.46, 43.63], [-78.72, 43.625], [-78.845, 43.585], [-79.0, 43.525], [-79.17, 43.465], [-79.085, 43.33], [-79.06, 43.28], [-79.065, 43.105], [-79.05, 43.085], [-79.03, 43.06], [-79.025, 43.015], [-79.01, 42.995], [-78.98, 42.98], [-78.945, 42.96], [-78.92, 42.935], [-78.915, 42.91], [-78.94, 42.865], [-79.035, 42.8], [-79.175, 42.75], [-79.445, 42.65], [-79.76, 42.54], [-80.035, 42.44], [-80.25, 42.365], [-80.685, 42.3], [-81.03, 42.245], [-81.28, 42.21], [-81.505, 42.105], [-81.76, 41.985], [-81.975, 41.89], [-82.215, 41.78], [-82.44, 41.675], [-82.69, 41.675], [-82.865, 41.755], [-83.03, 41.835], [-83.14, 41.975], [-83.15, 42.14], [-83.11, 42.25], [-83.075, 42.3], [-83.005, 42.33], [-82.87, 42.385], [-82.745, 42.495], [-82.645, 42.56], [-82.545, 42.625], [-82.49, 42.74], [-82.415, 43.015], [-82.41, 43.075], [-82.305, 43.265], [-82.19, 43.475], [-82.14, 43.57], [-82.195, 43.82], [-82.24, 44.015], [-82.28, 44.19], [-82.325, 44.39], [-82.37, 44.575], [-82.405, 44.745], [-82.445, 44.915], [-82.485, 45.085], [-82.515, 45.205], [-82.55, 45.345], [-82.76, 45.45], [-82.92, 45.52], [-83.18, 45.635], [-83.395, 45.73], [-83.595, 45.815], [-83.47, 45.995], [-83.48, 46.025], [-83.525, 46.06], [-83.615, 46.115], [-83.67, 46.125], [-83.765, 46.11], [-83.915, 46.075], [-83.98, 46.085], [-84.03, 46.145], [-84.09, 46.225], [-84.11, 46.29], [-84.115, 46.37], [-84.15, 46.445], [-84.13, 46.485], [-84.125, 46.505], [-84.125, 46.525], [-84.15, 46.545], [-84.19, 46.55], [-84.335, 46.52], [-84.4, 46.515], [-84.44, 46.5], [-84.5, 46.46], [-84.56, 46.455], [-84.665, 46.545], [-84.78, 46.635], [-84.825, 46.765], [-84.875, 46.9], [-85.07, 46.98], [-85.265, 47.06], [-85.46, 47.14], [-85.65, 47.22], [-85.845, 47.3], [-86.04, 47.38], [-86.235, 47.46], [-86.43, 47.54], [-86.495, 47.565], [-86.67, 47.635], [-86.92, 47.735], [-87.21, 47.85], [-87.495, 47.96], [-87.745, 48.06], [-87.92, 48.13], [-87.985, 48.155], [-88.16, 48.225], [-88.38, 48.305], [-88.61, 48.265], [-88.9, 48.155], [-89.065, 48.095], [-89.185, 48.045], [-89.275, 48.02], [-89.455, 47.995], [-89.55, 48.0], [-89.775, 48.015], [-89.9, 47.995], [-89.995, 48.015], [-90.04, 48.08], [-90.09, 48.12], [-90.32, 48.1], [-90.605, 48.115], [-90.745, 48.105], [-90.795, 48.13], [-90.84, 48.2], [-90.915, 48.21], [-91.045, 48.195], [-91.22, 48.105], [-91.385, 48.06], [-91.52, 48.06], [-91.645, 48.105], [-91.86, 48.2], [-92.005, 48.3], [-92.17, 48.34], [-92.3, 48.33], [-92.35, 48.275], [-92.415, 48.275], [-92.46, 48.365], [-92.5, 48.435], [-92.585, 48.465], [-92.735, 48.53], [-92.835, 48.57], [-92.995, 48.61], [-93.05, 48.62], [-93.155, 48.625], [-93.26, 48.63], [-93.38, 48.615], [-93.465, 48.56], [-93.565, 48.535], [-93.71, 48.525], [-93.805, 48.55], [-93.85, 48.605], [-94.055, 48.66], [-94.415, 48.705], [-94.62, 48.745], [-94.675, 48.775], [-94.705, 48.81], [-94.715, 48.865], [-94.805, 49.005], [-94.845, 49.12], [-94.86, 49.26], [-94.855, 49.305], [-94.875, 49.32], [-94.94, 49.35], [-95.155, 49.37], [-95.16, 49.205], [-95.16, 48.99], [-95.4, 48.995], [-95.825, 48.995], [-96.25, 48.995], [-96.675, 48.995], [-97.105, 48.995], [-97.53, 48.995], [-97.955, 48.995], [-98.385, 48.995], [-98.81, 48.995], [-99.235, 48.995], [-99.66, 48.995], [-100.09, 48.995], [-100.515, 48.995], [-100.94, 48.995], [-101.365, 48.995], [-101.795, 48.995], [-102.22, 48.995], [-102.645, 48.995], [-103.075, 48.995], [-103.5, 48.995], [-103.925, 48.995], [-104.35, 48.995], [-104.78, 48.995], [-105.205, 48.995], [-105.63, 48.995], [-106.055, 48.995], [-106.485, 48.995], [-106.91, 48.995], [-107.335, 48.995], [-107.765, 48.995], [-108.19, 48.995], [-108.615, 48.995], [-109.04, 48.995], [-109.47, 48.995], [-109.895, 48.995], [-110.32, 48.995], [-110.75, 48.995], [-111.175, 48.995], [-111.6, 48.995], [-112.025, 48.995], [-112.455, 48.995], [-112.88, 48.995], [-113.305, 48.995], [-113.73, 48.995], [-114.16, 48.995], [-114.585, 48.995], [-115.01, 48.995], [-115.44, 48.995], [-115.865, 48.995], [-116.29, 48.995], [-116.715, 48.995], [-117.145, 48.995], [-117.57, 48.995], [-117.995, 48.995], [-118.425, 48.995], [-118.85, 48.995], [-119.275, 48.995], [-119.7, 48.995], [-120.13, 48.995], [-120.555, 48.995], [-120.98, 48.995], [-121.405, 48.995], [-121.835, 48.995], [-122.26, 48.995], [-122.685, 48.995], [-122.79, 48.995], [-122.825, 49.03], [-122.925, 49.075], [-122.965, 49.075], [-123.0, 49.06], [-123.025, 49.04], [-123.05, 48.995], [-123.065, 48.98], [-123.075, 48.98], [-123.085, 48.995], [-123.12, 49.055], [-123.11, 49.085], [-123.075, 49.12], [-123.08, 49.13], [-123.15, 49.12], [-123.18, 49.13], [-123.195, 49.15], [-123.19, 49.22], [-123.23, 49.26], [-123.185, 49.28], [-123.065, 49.29], [-122.95, 49.295], [-122.915, 49.325], [-122.88, 49.4], [-122.965, 49.33], [-123.015, 49.32], [-123.175, 49.35], [-123.275, 49.345], [-123.29, 49.36], [-123.285, 49.375], [-123.265, 49.39], [-123.25, 49.445], [-123.225, 49.59], [-123.19, 49.645], [-123.18, 49.675], [-123.19, 49.68], [-123.325, 49.58], [-123.335, 49.545], [-123.32, 49.515], [-123.335, 49.46], [-123.4, 49.44], [-123.435, 49.45], [-123.51, 49.4], [-123.53, 49.395], [-123.86, 49.485], [-123.89, 49.495], [-123.95, 49.535], [-124.03, 49.605], [-124.055, 49.66], [-124.025, 49.71], [-123.995, 49.735], [-123.96, 49.735], [-123.925, 49.72], [-123.845, 49.635], [-123.815, 49.585], [-123.74, 49.595], [-123.615, 49.66], [-123.58, 49.68], [-123.71, 49.655], [-123.765, 49.66], [-123.82, 49.685], [-123.875, 49.735], [-123.905, 49.795], [-123.905, 49.98], [-123.885, 50.015], [-123.825, 50.045], [-123.785, 50.09], [-123.79, 50.105], [-123.825, 50.145], [-123.88, 50.175], [-123.935, 50.19], [-123.945, 50.185], [-123.865, 50.105], [-123.865, 50.07], [-123.955, 49.995], [-123.97, 49.97], [-123.97, 49.89], [-123.985, 49.875], [-124.06, 49.855], [-124.14, 49.795], [-124.28, 49.77], [-124.415, 49.78], [-124.485, 49.81], [-124.7, 49.96], [-124.78, 50.02], [-124.785, 50.075], [-124.935, 50.26], [-124.935, 50.3], [-124.985, 50.355], [-125.045, 50.365], [-125.055, 50.42], [-124.935, 50.535], [-124.865, 50.635], [-124.855, 50.67], [-124.86, 50.715], [-124.875, 50.825], [-124.86, 50.87], [-124.935, 50.81], [-124.95, 50.765], [-124.93, 50.72], [-124.945, 50.665], [-124.985, 50.59], [-125.06, 50.515], [-125.21, 50.475], [-125.475, 50.495], [-125.505, 50.505], [-125.525, 50.535], [-125.54, 50.65], [-125.555, 50.635], [-125.585, 50.575], [-125.61, 50.485], [-125.64, 50.465], [-125.7, 50.465], [-125.74, 50.48], [-125.77, 50.51], [-125.84, 50.51], [-125.965, 50.485], [-126.025, 50.495], [-126.095, 50.5], [-126.235, 50.525], [-126.405, 50.53], [-126.45, 50.55], [-126.445, 50.59], [-126.415, 50.605], [-126.24, 50.625], [-126.065, 50.665], [-125.9, 50.685], [-125.905, 50.705], [-125.98, 50.71], [-126.37, 50.665], [-126.495, 50.67], [-126.515, 50.68], [-126.515, 50.725], [-126.47, 50.765], [-126.395, 50.805], [-126.375, 50.835], [-126.42, 50.85], [-126.49, 50.84], [-126.52, 50.865], [-126.485, 50.96], [-126.515, 51.055], [-126.565, 50.965], [-126.63, 50.915], [-126.96, 50.895], [-127.015, 50.865], [-127.06, 50.87], [-127.265, 50.915], [-127.355, 50.945], [-127.44, 50.99], [-127.59, 51.09], [-127.71, 51.15], [-127.715, 51.27], [-127.69, 51.345], [-127.635, 51.425], [-127.42, 51.61], [-127.345, 51.64], [-127.28, 51.655], [-126.97, 51.67], [-126.735, 51.695], [-126.69, 51.705], [-127.035, 51.715], [-127.34, 51.705], [-127.445, 51.68], [-127.575, 51.565], [-127.61, 51.515], [-127.645, 51.48], [-127.67, 51.48], [-127.715, 51.49], [-127.73, 51.505], [-127.75, 51.545], [-127.82, 51.605], [-127.85, 51.675], [-127.87, 51.775], [-127.865, 51.82], [-127.83, 51.88], [-127.73, 51.995], [-127.86, 51.99], [-127.845, 52.085], [-127.795, 52.19], [-127.675, 52.255], [-127.55, 52.3], [-127.44, 52.355], [-127.24, 52.395], [-127.175, 52.315], [-127.01, 52.29], [-126.96, 52.255], [-126.9, 52.19], [-126.825, 52.125], [-126.74, 52.065], [-126.715, 52.06], [-126.755, 52.11], [-126.895, 52.225], [-126.9, 52.265], [-126.94, 52.31], [-127.125, 52.37], [-127.16, 52.395], [-127.195, 52.46], [-127.21, 52.5], [-127.185, 52.54], [-126.995, 52.66], [-126.95, 52.72], [-126.95, 52.75], [-126.965, 52.785], [-127.01, 52.845], [-127.02, 52.84], [-127.005, 52.755], [-127.015, 52.72], [-127.035, 52.68], [-127.065, 52.655], [-127.105, 52.635], [-127.52, 52.36], [-127.56, 52.345], [-127.715, 52.32], [-127.79, 52.29], [-127.835, 52.25], [-127.9, 52.15], [-127.995, 51.95], [-128.1, 51.79], [-128.195, 52.0], [-128.36, 52.16], [-128.04, 52.32], [-128.03, 52.34], [-128.06, 52.43], [-128.05, 52.455], [-128.02, 52.49], [-127.94, 52.545], [-127.945, 52.55], [-128.04, 52.53], [-128.185, 52.41], [-128.24, 52.37], [-128.27, 52.365], [-128.275, 52.435], [-128.195, 52.625], [-128.13, 52.805], [-128.11, 52.86], [-128.055, 52.91], [-128.105, 52.905], [-128.365, 52.825], [-128.45, 52.875], [-128.525, 53.14], [-128.65, 53.245], [-128.87, 53.33], [-129.08, 53.365], [-129.13, 53.44], [-129.17, 53.535], [-129.115, 53.64], [-129.02, 53.69], [-128.935, 53.715], [-128.855, 53.705], [-128.85, 53.665], [-128.905, 53.56], [-128.835, 53.55], [-128.54, 53.42], [-128.48, 53.41], [-128.36, 53.46], [-128.29, 53.46], [-128.135, 53.42], [-128.08, 53.37], [-127.93, 53.275], [-127.95, 53.33], [-128.115, 53.445], [-128.205, 53.485], [-128.37, 53.49], [-128.47, 53.47], [-128.51, 53.475], [-128.6, 53.505], [-128.675, 53.555], [-128.75, 53.66], [-128.77, 53.71], [-128.765, 53.745], [-128.745, 53.78], [-128.715, 53.81], [-128.655, 53.83], [-128.56, 53.845], [-128.53, 53.86], [-128.65, 53.92], [-128.705, 53.92], [-128.89, 53.83], [-128.93, 53.825], [-128.945, 53.84], [-128.96, 53.84], [-129.015, 53.795], [-129.055, 53.78], [-129.21, 53.64], [-129.23, 53.575], [-129.24, 53.48], [-129.26, 53.42], [-129.285, 53.395], [-129.46, 53.345], [-129.565, 53.25], [-129.685, 53.335], [-129.82, 53.415], [-129.91, 53.55], [-130.075, 53.575], [-130.265, 53.655], [-130.335, 53.725], [-130.235, 53.865], [-130.085, 53.975], [-130.065, 54.105], [-130.045, 54.135], [-129.79, 54.165], [-129.625, 54.23], [-129.795, 54.235], [-129.9, 54.225], [-130.085, 54.18], [-130.29, 54.27], [-130.395, 54.35], [-130.43, 54.42], [-130.395, 54.48], [-130.39, 54.54], [-130.37, 54.62], [-130.35, 54.655], [-130.305, 54.7], [-130.22, 54.73], [-130.14, 54.825], [-130.11, 54.885], [-129.95, 55.08], [-129.89, 55.165], [-129.78, 55.28], [-129.56, 55.465], [-129.63, 55.45], [-129.665, 55.435], [-129.7, 55.44], [-129.735, 55.46], [-129.765, 55.5], [-129.795, 55.56], [-129.81, 55.535], [-129.815, 55.42], [-129.84, 55.32], [-129.875, 55.25], [-129.985, 55.11], [-130.05, 55.055], [-130.09, 55.11], [-130.06, 55.195], [-129.995, 55.265], [-129.985, 55.36], [-130.045, 55.47], [-130.08, 55.565], [-130.095, 55.63], [-130.095, 55.695], [-130.085, 55.75], [-130.06, 55.815], [-130.02, 55.88], [-130.025, 55.89]]], [[[-109.815, 78.65], [-109.64, 78.59], [-109.58, 78.595], [-109.505, 78.58], [-109.465, 78.565], [-109.36, 78.495], [-109.34, 78.455], [-109.335, 78.41], [-109.35, 78.37], [-109.39, 78.335], [-109.485, 78.315], [-109.71, 78.305], [-110.02, 78.325], [-110.295, 78.3], [-110.42, 78.295], [-110.755, 78.31], [-110.84, 78.32], [-111.025, 78.37], [-111.17, 78.385], [-111.23, 78.375], [-111.3, 78.335], [-111.435, 78.285], [-111.515, 78.275], [-111.76, 78.285], [-112.13, 78.365], [-112.56, 78.34], [-113.0, 78.295], [-113.175, 78.285], [-113.225, 78.3], [-113.295, 78.335], [-113.28, 78.355], [-113.15, 78.41], [-112.855, 78.465], [-112.64, 78.5], [-112.215, 78.55], [-111.71, 78.575], [-111.52, 78.605], [-111.4, 78.645], [-111.07, 78.71], [-110.88, 78.735], [-110.62, 78.76], [-110.41, 78.755], [-110.14, 78.705], [-109.94, 78.68], [-109.815, 78.65]]], [[[-110.46, 78.105], [-109.655, 78.08], [-109.62, 78.075], [-109.62, 78.055], [-109.68, 78.0], [-109.77, 77.955], [-110.2, 77.905], [-110.75, 77.855], [-110.865, 77.835], [-110.855, 77.82], [-110.81, 77.805], [-110.72, 77.78], [-110.29, 77.785], [-110.19, 77.775], [-110.155, 77.765], [-110.13, 77.74], [-110.12, 77.715], [-110.115, 77.625], [-110.14, 77.57], [-110.2, 77.525], [-110.37, 77.49], [-110.685, 77.445], [-110.895, 77.425], [-111.06, 77.435], [-111.225, 77.43], [-111.95, 77.345], [-112.175, 77.345], [-112.375, 77.365], [-112.645, 77.445], [-112.925, 77.475], [-113.045, 77.51], [-113.165, 77.53], [-113.195, 77.56], [-113.21, 77.58], [-113.19, 77.6], [-113.135, 77.62], [-113.12, 77.635], [-113.17, 77.675], [-113.19, 77.72], [-113.27, 77.78], [-113.285, 77.815], [-113.285, 77.835], [-113.27, 77.86], [-113.215, 77.905], [-113.185, 77.91], [-113.02, 77.92], [-112.805, 77.94], [-112.305, 78.005], [-111.205, 78.09], [-110.875, 78.08], [-110.725, 78.095], [-110.46, 78.105]]], [[[-115.55, 77.365], [-115.475, 77.325], [-115.47, 77.31], [-115.505, 77.29], [-115.625, 77.265], [-116.215, 77.18], [-116.33, 77.135], [-116.285, 77.1], [-116.075, 77.03], [-115.855, 76.97], [-115.81, 76.94], [-115.915, 76.91], [-116.11, 76.92], [-116.185, 76.915], [-116.255, 76.9], [-116.235, 76.875], [-116.015, 76.785], [-115.945, 76.735], [-115.945, 76.71], [-115.985, 76.685], [-116.075, 76.655], [-116.22, 76.61], [-116.47, 76.575], [-117.0, 76.53], [-117.015, 76.495], [-117.015, 76.47], [-117.025, 76.405], [-117.045, 76.375], [-117.11, 76.32], [-117.155, 76.3], [-117.235, 76.28], [-117.345, 76.275], [-117.49, 76.275], [-117.73, 76.315], [-117.84, 76.345], [-117.995, 76.405], [-118.02, 76.445], [-118.005, 76.495], [-117.965, 76.575], [-117.9, 76.655], [-117.81, 76.735], [-117.78, 76.785], [-117.82, 76.805], [-117.88, 76.805], [-118.075, 76.77], [-118.205, 76.76], [-118.3, 76.735], [-118.37, 76.7], [-118.41, 76.66], [-118.43, 76.59], [-118.47, 76.545], [-118.575, 76.525], [-118.73, 76.525], [-118.79, 76.515], [-118.82, 76.485], [-118.8, 76.465], [-118.645, 76.42], [-118.625, 76.365], [-118.645, 76.335], [-118.81, 76.275], [-118.85, 76.26], [-118.955, 76.17], [-118.995, 76.145], [-119.08, 76.125], [-119.17, 76.125], [-119.25, 76.16], [-119.37, 76.22], [-119.45, 76.275], [-119.49, 76.32], [-119.525, 76.34], [-119.58, 76.325], [-119.65, 76.28], [-119.65, 76.245], [-119.635, 76.19], [-119.64, 76.155], [-119.74, 76.12], [-119.725, 76.1], [-119.55, 76.05], [-119.525, 76.03], [-119.525, 75.995], [-119.54, 75.98], [-119.61, 75.985], [-119.665, 75.945], [-119.735, 75.915], [-119.915, 75.86], [-120.16, 75.85], [-120.365, 75.825], [-120.41, 75.825], [-120.46, 75.87], [-120.515, 75.96], [-120.565, 76.01], [-120.635, 76.035], [-120.73, 76.135], [-120.77, 76.165], [-120.815, 76.18], [-120.85, 76.185], [-120.9, 76.165], [-121.02, 76.02], [-121.215, 75.985], [-121.32, 75.975], [-121.43, 75.98], [-121.695, 76.02], [-121.91, 76.035], [-122.055, 76.02], [-122.305, 75.96], [-122.4, 75.945], [-122.535, 75.95], [-122.59, 75.975], [-122.64, 76.01], [-122.645, 76.03], [-122.605, 76.04], [-122.545, 76.08], [-122.55, 76.095], [-122.61, 76.12], [-122.61, 76.14], [-122.59, 76.155], [-122.595, 76.16], [-122.625, 76.165], [-122.685, 76.16], [-122.905, 76.135], [-122.88, 76.165], [-122.775, 76.23], [-122.52, 76.355], [-122.425, 76.39], [-122.365, 76.4], [-121.615, 76.44], [-121.56, 76.455], [-121.205, 76.62], [-121.1, 76.66], [-121.0, 76.69], [-120.485, 76.795], [-120.44, 76.815], [-120.36, 76.885], [-120.31, 76.905], [-120.2, 76.93], [-119.83, 77.075], [-119.495, 77.175], [-119.325, 77.24], [-119.09, 77.305], [-118.82, 77.335], [-118.005, 77.38], [-117.42, 77.315], [-117.28, 77.315], [-117.21, 77.33], [-117.15, 77.36], [-117.06, 77.35], [-116.845, 77.34], [-116.795, 77.345], [-116.705, 77.38], [-116.765, 77.4], [-117.03, 77.43], [-117.045, 77.45], [-117.04, 77.465], [-116.945, 77.505], [-116.835, 77.53], [-116.51, 77.55], [-116.365, 77.545], [-116.21, 77.515], [-116.01, 77.46], [-115.55, 77.365]]], [[[-108.29, 76.055], [-108.165, 76.055], [-108.02, 76.065], [-107.85, 76.06], [-107.775, 76.035], [-107.725, 75.995], [-107.72, 75.975], [-107.73, 75.955], [-107.755, 75.94], [-107.97, 75.84], [-108.02, 75.805], [-107.95, 75.795], [-107.92, 75.8], [-107.705, 75.88], [-107.54, 75.9], [-107.42, 75.905], [-107.215, 75.89], [-107.135, 75.88], [-107.08, 75.865], [-107.05, 75.845], [-106.97, 75.775], [-106.915, 75.68], [-106.905, 75.69], [-106.905, 75.74], [-106.89, 75.78], [-106.695, 75.81], [-106.69, 75.82], [-106.76, 75.84], [-106.82, 75.87], [-106.86, 75.93], [-106.845, 75.95], [-106.805, 75.975], [-106.675, 76.025], [-106.53, 76.055], [-106.395, 76.06], [-105.905, 76.01], [-105.71, 75.965], [-105.635, 75.945], [-105.605, 75.93], [-105.565, 75.88], [-105.48, 75.745], [-105.48, 75.7], [-105.52, 75.63], [-105.68, 75.5], [-105.705, 75.41], [-105.865, 75.19], [-105.97, 75.13], [-106.095, 75.09], [-106.59, 75.015], [-106.96, 74.94], [-107.055, 74.93], [-107.155, 74.925], [-107.46, 74.95], [-107.82, 75.0], [-108.025, 74.985], [-108.225, 74.95], [-108.355, 74.945], [-108.475, 74.945], [-108.595, 74.96], [-108.75, 74.99], [-108.67, 75.005], [-108.635, 75.025], [-108.665, 75.04], [-108.83, 75.065], [-109.005, 75.01], [-109.505, 74.885], [-110.175, 74.84], [-110.385, 74.815], [-110.545, 74.78], [-110.625, 74.755], [-110.75, 74.69], [-110.94, 74.64], [-111.29, 74.585], [-111.73, 74.5], [-112.52, 74.415], [-113.015, 74.4], [-113.515, 74.43], [-113.67, 74.455], [-113.835, 74.49], [-114.175, 74.575], [-114.27, 74.605], [-114.375, 74.67], [-114.315, 74.715], [-114.13, 74.765], [-113.865, 74.815], [-113.325, 74.875], [-112.835, 74.975], [-112.665, 74.995], [-112.195, 75.01], [-111.955, 75.0], [-111.785, 75.005], [-111.67, 75.02], [-111.505, 75.055], [-111.26, 75.13], [-111.08, 75.195], [-111.035, 75.225], [-111.095, 75.255], [-111.18, 75.26], [-111.475, 75.19], [-111.62, 75.17], [-111.78, 75.165], [-112.0, 75.14], [-112.215, 75.135], [-112.255, 75.135], [-112.48, 75.2], [-112.595, 75.21], [-112.65, 75.205], [-112.705, 75.185], [-112.8, 75.14], [-112.855, 75.12], [-112.95, 75.11], [-113.34, 75.095], [-113.71, 75.07], [-113.795, 75.085], [-113.845, 75.11], [-113.855, 75.13], [-113.86, 75.19], [-113.885, 75.21], [-113.855, 75.26], [-113.81, 75.295], [-113.76, 75.32], [-113.505, 75.395], [-113.465, 75.415], [-113.59, 75.41], [-113.88, 75.375], [-113.915, 75.39], [-113.985, 75.43], [-114.015, 75.435], [-114.055, 75.415], [-114.075, 75.39], [-114.125, 75.29], [-114.17, 75.24], [-114.285, 75.25], [-114.43, 75.28], [-114.485, 75.285], [-114.515, 75.275], [-114.505, 75.26], [-114.36, 75.17], [-114.355, 75.14], [-114.45, 75.09], [-114.86, 75.0], [-115.02, 74.975], [-115.075, 74.985], [-115.13, 75.01], [-115.175, 75.05], [-115.28, 75.1], [-115.345, 75.115], [-115.415, 75.115], [-115.48, 75.105], [-115.535, 75.08], [-115.575, 75.055], [-115.61, 75.01], [-115.685, 74.975], [-115.73, 74.97], [-116.145, 75.04], [-116.475, 75.17], [-116.84, 75.15], [-117.005, 75.155], [-117.5, 75.205], [-117.565, 75.235], [-117.6, 75.27], [-117.595, 75.295], [-117.575, 75.315], [-117.515, 75.355], [-117.39, 75.42], [-117.335, 75.44], [-117.26, 75.46], [-117.155, 75.475], [-116.89, 75.48], [-116.215, 75.485], [-116.075, 75.495], [-115.335, 75.62], [-115.25, 75.64], [-115.14, 75.68], [-115.115, 75.695], [-115.12, 75.705], [-116.035, 75.605], [-116.425, 75.585], [-117.025, 75.6], [-117.14, 75.615], [-117.165, 75.645], [-117.04, 75.72], [-116.975, 75.745], [-116.8, 75.77], [-116.39, 75.81], [-115.84, 75.84], [-115.475, 75.84], [-115.175, 75.865], [-114.99, 75.895], [-115.6, 75.895], [-116.34, 75.88], [-116.445, 75.89], [-116.655, 75.93], [-116.665, 75.96], [-116.58, 75.99], [-116.55, 76.015], [-116.61, 76.075], [-116.59, 76.095], [-116.455, 76.145], [-116.21, 76.195], [-116.06, 76.2], [-115.77, 76.185], [-114.94, 76.165], [-114.78, 76.175], [-114.88, 76.195], [-115.025, 76.21], [-115.665, 76.24], [-115.795, 76.255], [-115.82, 76.27], [-115.83, 76.295], [-115.825, 76.33], [-115.78, 76.365], [-115.58, 76.44], [-115.0, 76.495], [-114.765, 76.505], [-114.535, 76.5], [-114.3, 76.475], [-114.195, 76.45], [-114.14, 76.425], [-114.115, 76.395], [-114.115, 76.35], [-114.1, 76.33], [-114.06, 76.3], [-113.925, 76.23], [-113.825, 76.205], [-113.365, 76.25], [-113.17, 76.26], [-112.98, 76.245], [-112.7, 76.2], [-112.335, 76.07], [-111.865, 75.94], [-111.87, 75.91], [-112.045, 75.865], [-112.08, 75.845], [-112.055, 75.835], [-111.875, 75.825], [-111.71, 75.83], [-111.55, 75.82], [-111.515, 75.81], [-111.455, 75.76], [-111.375, 75.675], [-111.275, 75.61], [-111.165, 75.57], [-111.055, 75.55], [-110.89, 75.545], [-110.725, 75.56], [-110.46, 75.555], [-109.085, 75.505], [-109.005, 75.515], [-108.945, 75.54], [-108.915, 75.585], [-108.9, 75.625], [-108.92, 75.675], [-108.945, 75.7], [-109.795, 75.865], [-109.87, 75.93], [-109.455, 76.02], [-109.425, 76.045], [-109.415, 76.07], [-109.43, 76.11], [-109.485, 76.145], [-109.71, 76.21], [-109.91, 76.225], [-110.2, 76.29], [-110.245, 76.305], [-110.285, 76.335], [-110.315, 76.37], [-110.31, 76.395], [-110.27, 76.415], [-109.98, 76.485], [-109.865, 76.52], [-109.505, 76.69], [-109.34, 76.76], [-109.22, 76.79], [-109.1, 76.81], [-108.83, 76.82], [-108.555, 76.76], [-108.49, 76.755], [-108.465, 76.74], [-108.48, 76.71], [-108.51, 76.68], [-108.61, 76.63], [-108.635, 76.61], [-108.63, 76.585], [-108.56, 76.535], [-108.54, 76.505], [-108.525, 76.445], [-108.51, 76.44], [-108.345, 76.39], [-108.195, 76.33], [-108.125, 76.235], [-108.18, 76.2], [-108.305, 76.155], [-108.38, 76.115], [-108.405, 76.085], [-108.385, 76.065], [-108.29, 76.055]]], [[[-114.52, 72.595], [-114.46, 72.58], [-114.34, 72.59], [-114.175, 72.625], [-113.96, 72.65], [-113.69, 72.675], [-113.62, 72.645], [-113.58, 72.65], [-113.5, 72.695], [-113.485, 72.72], [-113.495, 72.755], [-113.49, 72.82], [-113.45, 72.865], [-113.29, 72.95], [-113.21, 72.98], [-113.075, 72.995], [-112.755, 72.985], [-112.455, 72.935], [-112.05, 72.89], [-111.455, 72.765], [-111.27, 72.715], [-111.25, 72.67], [-111.355, 72.57], [-111.61, 72.435], [-111.815, 72.385], [-111.895, 72.355], [-111.76, 72.335], [-111.675, 72.3], [-111.545, 72.35], [-111.445, 72.41], [-111.31, 72.455], [-111.265, 72.46], [-111.255, 72.45], [-111.275, 72.425], [-111.285, 72.4], [-111.285, 72.38], [-111.27, 72.365], [-111.185, 72.355], [-111.14, 72.365], [-110.96, 72.43], [-110.78, 72.535], [-110.515, 72.6], [-110.44, 72.635], [-110.205, 72.66], [-110.21, 72.68], [-110.195, 72.76], [-110.28, 72.79], [-110.555, 72.86], [-110.69, 72.945], [-110.66, 73.01], [-110.51, 73.0], [-110.095, 72.99], [-110.01, 72.985], [-109.61, 72.875], [-109.47, 72.81], [-109.355, 72.775], [-109.12, 72.725], [-109.045, 72.685], [-108.985, 72.67], [-108.97, 72.655], [-108.985, 72.635], [-108.995, 72.595], [-108.95, 72.585], [-108.8, 72.57], [-108.755, 72.55], [-108.7, 72.5], [-108.63, 72.41], [-108.565, 72.315], [-108.47, 72.14], [-108.275, 71.9], [-108.21, 71.75], [-108.19, 71.725], [-108.145, 71.705], [-108.02, 71.675], [-107.925, 71.64], [-107.815, 71.625], [-107.785, 71.63], [-107.755, 71.665], [-107.685, 71.715], [-107.345, 71.82], [-107.33, 71.835], [-107.37, 71.86], [-107.38, 71.875], [-107.375, 71.885], [-107.305, 71.895], [-107.545, 72.025], [-107.695, 72.15], [-107.795, 72.305], [-107.81, 72.345], [-107.825, 72.445], [-107.855, 72.47], [-107.91, 72.49], [-107.935, 72.52], [-107.925, 72.555], [-107.935, 72.59], [-107.995, 72.655], [-108.24, 73.105], [-108.235, 73.15], [-108.205, 73.185], [-108.12, 73.2], [-107.98, 73.205], [-107.935, 73.215], [-107.985, 73.235], [-108.075, 73.28], [-108.09, 73.305], [-108.03, 73.35], [-107.72, 73.33], [-107.495, 73.29], [-107.115, 73.19], [-107.075, 73.195], [-107.035, 73.245], [-106.95, 73.275], [-106.83, 73.265], [-106.48, 73.195], [-106.08, 73.07], [-105.815, 73.01], [-105.625, 72.925], [-105.495, 72.85], [-105.415, 72.79], [-105.41, 72.765], [-105.43, 72.74], [-105.41, 72.71], [-105.355, 72.67], [-105.325, 72.635], [-105.3, 72.56], [-105.245, 72.465], [-105.235, 72.415], [-104.88, 71.98], [-104.81, 71.905], [-104.765, 71.87], [-104.52, 71.7], [-104.385, 71.575], [-104.375, 71.495], [-104.355, 71.47], [-104.35, 71.435], [-104.355, 71.38], [-104.385, 71.34], [-104.435, 71.3], [-104.485, 71.25], [-104.565, 71.13], [-104.57, 71.105], [-104.515, 71.065], [-104.165, 70.925], [-103.955, 70.765], [-103.855, 70.735], [-103.585, 70.63], [-103.295, 70.57], [-103.195, 70.545], [-103.105, 70.51], [-103.075, 70.51], [-103.02, 70.515], [-103.005, 70.525], [-103.0, 70.54], [-103.085, 70.62], [-103.09, 70.65], [-103.05, 70.655], [-102.75, 70.52], [-102.59, 70.47], [-102.37, 70.415], [-101.99, 70.285], [-101.935, 70.275], [-101.73, 70.285], [-101.675, 70.28], [-101.64, 70.265], [-101.625, 70.25], [-101.62, 70.17], [-101.56, 70.135], [-101.24, 70.15], [-101.15, 70.15], [-101.09, 70.135], [-101.045, 70.11], [-100.975, 70.03], [-100.91, 69.87], [-100.905, 69.81], [-100.935, 69.715], [-100.98, 69.68], [-101.045, 69.67], [-101.215, 69.68], [-101.335, 69.71], [-101.4, 69.75], [-101.455, 69.835], [-101.485, 69.85], [-101.51, 69.835], [-101.565, 69.755], [-101.6, 69.72], [-101.65, 69.7], [-101.735, 69.705], [-101.86, 69.74], [-102.1, 69.825], [-102.18, 69.845], [-102.235, 69.84], [-102.35, 69.815], [-102.525, 69.76], [-102.595, 69.72], [-102.565, 69.69], [-102.545, 69.66], [-102.535, 69.62], [-102.54, 69.59], [-102.565, 69.575], [-102.62, 69.55], [-102.745, 69.55], [-102.92, 69.565], [-103.06, 69.595], [-103.305, 69.675], [-103.36, 69.685], [-103.435, 69.67], [-103.465, 69.645], [-103.42, 69.61], [-103.295, 69.57], [-103.14, 69.495], [-103.1, 69.485], [-103.065, 69.485], [-103.05, 69.47], [-103.03, 69.435], [-103.04, 69.37], [-103.115, 69.235], [-103.12, 69.205], [-103.09, 69.21], [-102.885, 69.34], [-102.775, 69.38], [-102.545, 69.435], [-102.445, 69.475], [-102.15, 69.49], [-102.045, 69.465], [-101.98, 69.425], [-101.975, 69.405], [-102.055, 69.36], [-102.065, 69.335], [-102.07, 69.31], [-102.065, 69.28], [-102.045, 69.26], [-101.995, 69.235], [-101.9, 69.245], [-101.875, 69.24], [-101.825, 69.215], [-101.79, 69.18], [-101.79, 69.13], [-101.855, 69.025], [-101.98, 68.99], [-102.36, 68.925], [-102.49, 68.89], [-102.74, 68.865], [-102.835, 68.835], [-102.895, 68.825], [-103.16, 68.83], [-103.47, 68.81], [-103.82, 68.85], [-104.065, 68.865], [-104.355, 68.93], [-104.46, 68.91], [-104.57, 68.87], [-105.105, 68.92], [-105.17, 68.955], [-105.15, 68.98], [-105.02, 69.05], [-105.015, 69.07], [-105.02, 69.08], [-105.26, 69.095], [-105.535, 69.135], [-105.805, 69.155], [-106.01, 69.15], [-106.14, 69.16], [-106.27, 69.195], [-106.34, 69.225], [-106.355, 69.25], [-106.355, 69.28], [-106.345, 69.34], [-106.36, 69.38], [-106.42, 69.415], [-106.54, 69.445], [-106.66, 69.44], [-106.76, 69.405], [-106.855, 69.345], [-107.035, 69.18], [-107.125, 69.15], [-107.355, 69.03], [-107.44, 69.0], [-107.865, 68.955], [-108.365, 68.935], [-108.555, 68.895], [-108.73, 68.825], [-108.945, 68.76], [-109.47, 68.675], [-109.96, 68.63], [-110.47, 68.61], [-110.85, 68.58], [-110.955, 68.595], [-111.13, 68.59], [-111.31, 68.54], [-111.52, 68.535], [-112.305, 68.515], [-112.665, 68.485], [-112.865, 68.475], [-113.02, 68.48], [-113.13, 68.495], [-113.23, 68.535], [-113.34, 68.6], [-113.555, 68.77], [-113.615, 68.84], [-113.595, 68.96], [-113.61, 69.03], [-113.68, 69.18], [-113.695, 69.195], [-114.075, 69.25], [-114.325, 69.27], [-114.7, 69.275], [-115.16, 69.265], [-115.62, 69.285], [-115.86, 69.305], [-116.1, 69.335], [-116.515, 69.425], [-116.535, 69.435], [-116.57, 69.465], [-116.61, 69.51], [-116.71, 69.575], [-116.995, 69.72], [-117.105, 69.805], [-117.12, 69.825], [-117.15, 69.89], [-117.185, 69.99], [-117.195, 70.055], [-117.165, 70.09], [-117.135, 70.1], [-116.555, 70.175], [-115.53, 70.255], [-114.59, 70.31], [-114.165, 70.305], [-113.915, 70.28], [-113.665, 70.27], [-113.21, 70.265], [-112.64, 70.225], [-112.525, 70.23], [-112.265, 70.255], [-112.19, 70.275], [-111.785, 70.275], [-111.705, 70.285], [-111.635, 70.31], [-111.725, 70.35], [-112.115, 70.445], [-113.145, 70.615], [-113.395, 70.65], [-113.755, 70.69], [-113.965, 70.695], [-114.23, 70.675], [-114.33, 70.675], [-114.595, 70.64], [-114.84, 70.62], [-115.31, 70.6], [-115.99, 70.585], [-116.085, 70.59], [-116.225, 70.615], [-116.325, 70.625], [-116.995, 70.605], [-117.585, 70.63], [-118.265, 70.89], [-118.375, 70.97], [-118.355, 71.0], [-118.27, 71.035], [-117.935, 71.135], [-117.815, 71.16], [-117.315, 71.21], [-116.815, 71.275], [-116.42, 71.34], [-116.23, 71.36], [-116.04, 71.36], [-115.89, 71.38], [-115.92, 71.4], [-116.045, 71.425], [-116.045, 71.455], [-115.98, 71.47], [-115.735, 71.485], [-115.47, 71.465], [-115.34, 71.47], [-115.305, 71.495], [-115.34, 71.51], [-115.585, 71.545], [-116.78, 71.445], [-117.335, 71.435], [-117.725, 71.39], [-117.935, 71.39], [-118.19, 71.435], [-118.22, 71.45], [-118.225, 71.465], [-118.15, 71.525], [-117.88, 71.56], [-117.74, 71.66], [-117.89, 71.66], [-118.37, 71.64], [-118.585, 71.65], [-118.87, 71.685], [-118.95, 71.73], [-118.99, 71.765], [-118.995, 71.805], [-118.985, 71.915], [-118.96, 71.97], [-118.945, 71.985], [-118.59, 72.165], [-118.37, 72.205], [-118.215, 72.265], [-118.205, 72.285], [-118.245, 72.31], [-118.39, 72.37], [-118.45, 72.4], [-118.48, 72.43], [-118.455, 72.475], [-118.375, 72.535], [-118.135, 72.635], [-117.55, 72.83], [-117.255, 72.915], [-116.97, 72.96], [-116.575, 73.055], [-115.55, 73.215], [-114.64, 73.375], [-114.3, 73.33], [-114.205, 73.3], [-114.165, 73.27], [-114.125, 73.23], [-114.095, 73.18], [-114.05, 73.07], [-114.045, 73.015], [-114.055, 72.96], [-114.075, 72.905], [-114.11, 72.86], [-114.18, 72.805], [-114.28, 72.74], [-114.5, 72.625], [-114.52, 72.595]]], [[[-119.735, 74.115], [-119.73, 74.11], [-119.47, 74.2], [-119.315, 74.205], [-119.205, 74.2], [-119.17, 74.185], [-119.15, 74.17], [-119.14, 74.13], [-119.13, 74.03], [-119.12, 74.015], [-119.085, 74.02], [-119.025, 74.045], [-118.745, 74.19], [-118.625, 74.235], [-118.545, 74.245], [-118.2, 74.265], [-117.965, 74.265], [-117.705, 74.25], [-117.515, 74.23], [-117.2, 74.17], [-116.95, 74.1], [-116.72, 74.025], [-115.96, 73.75], [-115.635, 73.665], [-115.51, 73.62], [-115.455, 73.585], [-115.41, 73.54], [-115.395, 73.5], [-115.41, 73.465], [-115.445, 73.44], [-115.525, 73.415], [-115.99, 73.325], [-116.24, 73.295], [-116.485, 73.255], [-117.065, 73.105], [-117.465, 73.04], [-117.985, 72.9], [-118.96, 72.685], [-119.08, 72.64], [-119.13, 72.61], [-119.41, 72.36], [-119.515, 72.305], [-119.765, 72.245], [-120.09, 72.23], [-120.18, 72.215], [-120.195, 72.125], [-120.31, 71.985], [-120.365, 71.89], [-120.445, 71.63], [-120.46, 71.605], [-120.52, 71.555], [-120.62, 71.505], [-120.93, 71.445], [-121.16, 71.415], [-121.47, 71.39], [-121.545, 71.405], [-121.62, 71.45], [-121.7, 71.45], [-121.75, 71.445], [-122.155, 71.265], [-122.55, 71.195], [-122.72, 71.13], [-122.84, 71.095], [-122.935, 71.09], [-123.095, 71.095], [-123.21, 71.125], [-123.315, 71.17], [-123.395, 71.22], [-123.595, 71.425], [-123.68, 71.495], [-123.755, 71.53], [-123.955, 71.65], [-124.01, 71.675], [-124.76, 71.835], [-125.125, 71.925], [-125.215, 71.955], [-125.295, 71.975], [-125.765, 71.96], [-125.83, 71.965], [-125.845, 71.98], [-125.79, 72.025], [-125.77, 72.055], [-125.76, 72.085], [-125.77, 72.13], [-125.765, 72.14], [-125.585, 72.185], [-125.615, 72.195], [-125.635, 72.21], [-125.645, 72.235], [-125.625, 72.255], [-125.575, 72.265], [-125.51, 72.31], [-125.44, 72.38], [-125.385, 72.425], [-125.305, 72.45], [-125.17, 72.525], [-125.07, 72.55], [-124.985, 72.59], [-124.985, 72.605], [-125.02, 72.615], [-125.03, 72.645], [-125.015, 72.73], [-125.015, 72.775], [-125.0, 72.815], [-124.97, 72.845], [-124.93, 72.865], [-124.585, 72.925], [-124.565, 72.945], [-124.56, 72.965], [-124.57, 72.99], [-124.59, 73.005], [-124.645, 73.02], [-124.735, 73.025], [-124.815, 73.06], [-124.835, 73.075], [-124.805, 73.125], [-124.645, 73.205], [-124.595, 73.245], [-124.425, 73.42], [-124.115, 73.525], [-124.03, 73.645], [-123.795, 73.77], [-123.8, 73.785], [-123.875, 73.83], [-124.09, 73.855], [-124.19, 73.9], [-124.26, 73.955], [-124.575, 74.25], [-124.63, 74.27], [-124.645, 74.305], [-124.71, 74.325], [-124.695, 74.35], [-123.47, 74.435], [-122.625, 74.465], [-121.75, 74.54], [-121.505, 74.545], [-121.315, 74.53], [-121.13, 74.49], [-120.88, 74.42], [-120.555, 74.355], [-119.945, 74.255], [-119.565, 74.235], [-119.715, 74.155], [-119.735, 74.13], [-119.735, 74.115]]], [[[-69.49, 83.015], [-68.675, 83.0], [-68.41, 83.005], [-68.105, 82.96], [-67.925, 82.955], [-67.625, 82.965], [-67.405, 82.955], [-66.59, 82.945], [-66.425, 82.925], [-66.425, 82.905], [-66.6, 82.86], [-66.835, 82.82], [-68.36, 82.675], [-68.47, 82.655], [-68.175, 82.645], [-67.735, 82.65], [-67.395, 82.67], [-67.0, 82.715], [-66.865, 82.72], [-66.61, 82.74], [-66.12, 82.805], [-65.725, 82.84], [-65.55, 82.825], [-65.4, 82.8], [-65.3, 82.8], [-65.245, 82.82], [-65.16, 82.87], [-65.115, 82.89], [-64.985, 82.9], [-64.905, 82.9], [-64.775, 82.875], [-64.635, 82.82], [-64.505, 82.78], [-64.435, 82.78], [-64.135, 82.825], [-63.985, 82.83], [-63.64, 82.815], [-63.5, 82.795], [-63.475, 82.77], [-63.565, 82.75], [-63.62, 82.73], [-63.645, 82.715], [-63.595, 82.695], [-63.385, 82.655], [-63.085, 82.565], [-63.085, 82.535], [-63.25, 82.465], [-63.245, 82.45], [-62.475, 82.52], [-61.695, 82.49], [-61.475, 82.465], [-61.39, 82.44], [-61.3, 82.4], [-61.205, 82.34], [-61.275, 82.28], [-61.615, 82.185], [-61.97, 82.11], [-62.175, 82.045], [-62.495, 82.005], [-63.59, 81.845], [-64.13, 81.795], [-64.435, 81.745], [-64.575, 81.735], [-65.225, 81.745], [-65.4, 81.715], [-65.495, 81.67], [-65.7, 81.645], [-66.005, 81.63], [-66.625, 81.615], [-66.765, 81.565], [-66.8, 81.525], [-66.86, 81.5], [-66.915, 81.485], [-68.69, 81.295], [-68.72, 81.26], [-68.545, 81.25], [-68.32, 81.26], [-65.735, 81.495], [-65.24, 81.51], [-64.78, 81.495], [-64.835, 81.44], [-65.485, 81.285], [-66.315, 81.145], [-66.725, 81.04], [-67.775, 80.86], [-68.63, 80.68], [-68.96, 80.585], [-69.4, 80.425], [-69.55, 80.385], [-69.735, 80.365], [-69.95, 80.375], [-70.145, 80.4], [-70.405, 80.46], [-70.64, 80.53], [-70.715, 80.54], [-70.67, 80.505], [-70.215, 80.28], [-70.265, 80.235], [-71.1, 80.185], [-71.47, 80.145], [-71.66, 80.135], [-71.795, 80.145], [-71.93, 80.14], [-72.055, 80.125], [-72.065, 80.105], [-71.95, 80.085], [-71.615, 80.07], [-70.875, 80.12], [-70.76, 80.12], [-70.57, 80.095], [-70.56, 80.07], [-70.76, 80.0], [-71.355, 79.91], [-71.28, 79.905], [-71.105, 79.875], [-71.11, 79.85], [-71.3, 79.785], [-71.39, 79.76], [-71.965, 79.7], [-72.215, 79.685], [-72.435, 79.695], [-73.45, 79.825], [-73.805, 79.845], [-74.145, 79.88], [-74.395, 79.875], [-74.66, 79.835], [-74.54, 79.815], [-74.05, 79.78], [-73.64, 79.77], [-73.47, 79.755], [-73.405, 79.73], [-73.23, 79.645], [-73.2, 79.595], [-73.24, 79.55], [-73.295, 79.52], [-73.36, 79.505], [-73.465, 79.495], [-73.865, 79.5], [-74.015, 79.49], [-74.19, 79.465], [-74.405, 79.455], [-74.8, 79.46], [-75.26, 79.42], [-75.505, 79.415], [-75.775, 79.43], [-76.065, 79.475], [-76.375, 79.495], [-76.9, 79.51], [-76.855, 79.49], [-76.67, 79.48], [-76.295, 79.415], [-76.115, 79.325], [-75.95, 79.31], [-75.605, 79.24], [-75.355, 79.23], [-75.095, 79.205], [-74.725, 79.235], [-74.48, 79.23], [-74.53, 79.055], [-74.64, 79.035], [-75.235, 79.035], [-75.515, 79.06], [-75.64, 79.09], [-75.91, 79.12], [-76.16, 79.1], [-76.38, 79.105], [-76.53, 79.085], [-76.77, 79.085], [-77.4, 79.055], [-77.73, 79.055], [-77.975, 79.075], [-78.26, 79.08], [-78.58, 79.075], [-78.56, 79.055], [-78.42, 79.05], [-78.22, 79.015], [-78.035, 78.965], [-77.885, 78.94], [-77.7, 78.955], [-77.51, 78.98], [-76.825, 79.02], [-76.525, 79.025], [-76.255, 79.005], [-76.075, 78.985], [-75.955, 78.96], [-75.795, 78.89], [-75.4, 78.88], [-75.1, 78.86], [-74.62, 78.76], [-74.485, 78.75], [-74.435, 78.725], [-74.535, 78.66], [-74.545, 78.62], [-74.88, 78.545], [-75.395, 78.525], [-75.965, 78.53], [-76.375, 78.52], [-76.415, 78.51], [-76.135, 78.49], [-75.49, 78.405], [-75.235, 78.355], [-75.195, 78.33], [-75.55, 78.22], [-75.865, 78.01], [-75.97, 77.995], [-76.08, 77.985], [-76.355, 77.99], [-76.71, 77.94], [-76.975, 77.925], [-77.455, 77.945], [-78.015, 77.945], [-78.055, 77.91], [-78.085, 77.845], [-78.08, 77.745], [-78.045, 77.615], [-78.075, 77.52], [-78.17, 77.46], [-78.285, 77.415], [-78.495, 77.37], [-78.71, 77.34], [-78.87, 77.335], [-79.14, 77.33], [-79.905, 77.3], [-80.28, 77.3], [-80.575, 77.315], [-80.875, 77.36], [-81.375, 77.48], [-81.52, 77.51], [-81.66, 77.525], [-81.655, 77.5], [-81.505, 77.43], [-81.38, 77.385], [-81.28, 77.365], [-81.3, 77.345], [-81.525, 77.31], [-81.765, 77.295], [-82.055, 77.295], [-82.065, 77.285], [-81.97, 77.25], [-81.84, 77.215], [-81.755, 77.205], [-81.535, 77.215], [-81.275, 77.255], [-81.115, 77.27], [-80.8, 77.26], [-80.675, 77.245], [-80.275, 77.15], [-80.22, 77.145], [-79.925, 77.195], [-79.495, 77.195], [-79.34, 77.16], [-79.28, 77.085], [-79.275, 77.025], [-79.32, 76.98], [-79.22, 76.935], [-78.98, 76.895], [-78.79, 76.885], [-78.66, 76.91], [-78.455, 76.965], [-78.37, 76.98], [-78.29, 76.98], [-78.165, 76.935], [-78.0, 76.85], [-77.985, 76.755], [-78.12, 76.645], [-78.285, 76.57], [-78.935, 76.45], [-79.13, 76.405], [-79.285, 76.355], [-79.51, 76.31], [-79.955, 76.25], [-80.185, 76.24], [-80.69, 76.175], [-80.8, 76.175], [-80.965, 76.185], [-80.995, 76.215], [-80.955, 76.27], [-80.9, 76.32], [-80.835, 76.37], [-80.83, 76.41], [-80.975, 76.47], [-81.075, 76.5], [-81.17, 76.515], [-81.365, 76.505], [-81.475, 76.49], [-81.59, 76.485], [-81.715, 76.495], [-81.825, 76.52], [-82.035, 76.63], [-82.115, 76.645], [-82.22, 76.64], [-82.31, 76.655], [-82.395, 76.69], [-82.53, 76.725], [-82.495, 76.7], [-82.355, 76.635], [-82.26, 76.575], [-82.21, 76.515], [-82.235, 76.465], [-83.39, 76.44], [-83.885, 76.455], [-83.985, 76.495], [-84.225, 76.675], [-84.275, 76.355], [-85.14, 76.305], [-85.345, 76.315], [-85.68, 76.35], [-86.115, 76.435], [-86.295, 76.49], [-86.365, 76.55], [-86.42, 76.58], [-86.455, 76.585], [-86.56, 76.515], [-86.68, 76.375], [-86.98, 76.415], [-87.355, 76.45], [-87.49, 76.585], [-87.5, 76.385], [-88.105, 76.415], [-88.395, 76.405], [-88.48, 76.58], [-88.495, 76.775], [-88.615, 76.65], [-88.565, 76.545], [-88.545, 76.42], [-88.805, 76.455], [-89.37, 76.475], [-89.57, 76.49], [-89.545, 76.66], [-89.5, 76.825], [-88.77, 76.995], [-88.555, 77.07], [-88.4, 77.105], [-88.15, 77.125], [-87.83, 77.135], [-87.61, 77.125], [-87.36, 77.135], [-87.065, 77.165], [-86.85, 77.175], [-86.81, 77.185], [-86.875, 77.2], [-87.1, 77.31], [-87.18, 77.33], [-87.265, 77.345], [-87.43, 77.35], [-87.59, 77.395], [-87.68, 77.435], [-87.78, 77.495], [-87.94, 77.6], [-88.095, 77.72], [-88.015, 77.785], [-87.755, 77.835], [-87.495, 77.87], [-87.235, 77.89], [-87.02, 77.89], [-86.755, 77.865], [-86.385, 77.81], [-86.175, 77.745], [-85.905, 77.615], [-85.73, 77.51], [-85.59, 77.46], [-84.95, 77.375], [-84.74, 77.36], [-84.485, 77.37], [-83.975, 77.39], [-83.72, 77.415], [-83.61, 77.44], [-83.55, 77.485], [-83.475, 77.515], [-83.25, 77.585], [-82.905, 77.735], [-82.71, 77.85], [-82.665, 77.89], [-82.625, 77.935], [-82.595, 77.99], [-82.705, 77.96], [-83.305, 77.675], [-83.43, 77.62], [-83.78, 77.535], [-83.93, 77.52], [-84.17, 77.525], [-84.485, 77.56], [-84.86, 77.5], [-85.09, 77.515], [-85.29, 77.56], [-85.29, 77.765], [-85.55, 77.93], [-85.265, 78.01], [-85.03, 78.06], [-84.615, 78.195], [-84.525, 78.195], [-84.225, 78.175], [-84.39, 78.205], [-84.55, 78.25], [-84.91, 78.24], [-84.785, 78.53], [-85.025, 78.31], [-85.27, 78.2], [-85.42, 78.14], [-85.585, 78.11], [-86.22, 78.08], [-86.065, 78.185], [-85.92, 78.345], [-86.07, 78.285], [-86.425, 78.195], [-86.695, 78.15], [-86.915, 78.125], [-87.34, 78.135], [-87.55, 78.175], [-87.49, 78.285], [-87.49, 78.415], [-87.36, 78.48], [-87.165, 78.56], [-86.955, 78.665], [-86.81, 78.775], [-86.24, 78.825], [-85.69, 78.845], [-85.23, 78.9], [-85.005, 78.91], [-84.785, 78.885], [-83.91, 78.84], [-83.545, 78.805], [-83.39, 78.78], [-83.27, 78.77], [-83.145, 78.81], [-82.99, 78.845], [-82.44, 78.84], [-82.29, 78.845], [-82.15, 78.865], [-81.98, 78.9], [-81.78, 78.95], [-81.75, 78.975], [-81.89, 78.975], [-82.03, 78.96], [-82.235, 78.925], [-82.44, 78.905], [-82.645, 78.91], [-83.06, 78.94], [-83.78, 78.945], [-84.145, 78.96], [-84.315, 78.975], [-84.41, 78.995], [-84.495, 79.03], [-84.57, 79.07], [-84.53, 79.1], [-84.385, 79.12], [-84.255, 79.12], [-84.055, 79.1], [-83.825, 79.06], [-83.575, 79.055], [-83.66, 79.09], [-83.98, 79.165], [-84.195, 79.225], [-84.38, 79.3], [-84.52, 79.375], [-84.835, 79.495], [-85.09, 79.61], [-85.27, 79.665], [-85.455, 79.69], [-86.03, 79.72], [-86.145, 79.745], [-86.42, 79.845], [-86.495, 80.02], [-86.615, 80.125], [-86.5, 80.26], [-86.305, 80.32], [-85.16, 80.27], [-84.675, 80.28], [-84.055, 80.26], [-83.725, 80.23], [-83.345, 80.145], [-83.005, 80.055], [-82.675, 79.995], [-82.375, 79.91], [-82.05, 79.785], [-81.855, 79.725], [-81.69, 79.685], [-81.465, 79.655], [-81.04, 79.615], [-80.67, 79.6], [-80.475, 79.605], [-80.27, 79.635], [-80.125, 79.67], [-80.285, 79.68], [-80.715, 79.675], [-81.01, 79.695], [-81.18, 79.735], [-81.36, 79.79], [-81.645, 79.89], [-81.86, 79.955], [-82.33, 80.065], [-82.68, 80.175], [-82.96, 80.28], [-82.985, 80.325], [-82.785, 80.355], [-82.535, 80.375], [-80.98, 80.445], [-80.05, 80.53], [-79.675, 80.625], [-79.63, 80.65], [-78.385, 80.785], [-77.505, 80.835], [-77.17, 80.845], [-76.865, 80.865], [-76.85, 80.88], [-77.12, 80.895], [-77.39, 80.905], [-78.005, 80.905], [-78.55, 80.92], [-78.715, 80.95], [-78.68, 81.0], [-78.63, 81.045], [-78.465, 81.115], [-78.285, 81.17], [-77.535, 81.32], [-77.03, 81.385], [-76.885, 81.43], [-77.97, 81.33], [-78.35, 81.26], [-78.735, 81.15], [-78.93, 81.12], [-79.07, 81.13], [-79.2, 81.12], [-79.31, 81.09], [-79.4, 81.035], [-79.475, 80.96], [-79.545, 80.91], [-79.605, 80.88], [-79.76, 80.84], [-80.135, 80.765], [-81.005, 80.655], [-81.3, 80.625], [-81.555, 80.625], [-82.37, 80.56], [-82.615, 80.56], [-82.885, 80.58], [-82.77, 80.63], [-82.335, 80.73], [-82.22, 80.77], [-82.5, 80.765], [-82.78, 80.735], [-83.4, 80.715], [-83.645, 80.675], [-83.885, 80.6], [-84.075, 80.555], [-84.22, 80.54], [-84.42, 80.525], [-85.145, 80.52], [-85.305, 80.525], [-85.725, 80.58], [-86.095, 80.56], [-86.25, 80.565], [-86.53, 80.605], [-86.615, 80.63], [-86.605, 80.665], [-86.44, 80.73], [-86.25, 80.79], [-85.64, 80.925], [-85.245, 80.99], [-84.68, 81.04], [-83.35, 81.105], [-83.29, 81.15], [-84.635, 81.1], [-85.78, 81.035], [-85.965, 81.01], [-86.235, 80.95], [-87.08, 80.725], [-87.33, 80.67], [-87.71, 80.655], [-88.005, 80.675], [-88.23, 80.705], [-88.625, 80.77], [-88.92, 80.805], [-89.06, 80.83], [-89.145, 80.855], [-89.21, 80.88], [-89.265, 80.915], [-89.165, 80.94], [-88.415, 81.0], [-87.39, 80.99], [-86.93, 81.0], [-86.475, 81.035], [-85.81, 81.125], [-85.085, 81.245], [-84.94, 81.285], [-85.205, 81.295], [-85.4, 81.285], [-85.875, 81.24], [-86.625, 81.125], [-87.275, 81.08], [-88.885, 81.06], [-89.4, 81.025], [-89.625, 81.03], [-89.79, 81.065], [-89.98, 81.125], [-89.945, 81.175], [-89.565, 81.225], [-89.265, 81.24], [-89.21, 81.25], [-89.635, 81.3], [-89.675, 81.33], [-89.425, 81.385], [-88.89, 81.475], [-88.62, 81.5], [-88.125, 81.52], [-87.615, 81.51], [-87.595, 81.525], [-88.1, 81.56], [-88.48, 81.565], [-88.98, 81.54], [-90.305, 81.4], [-90.415, 81.405], [-90.61, 81.43], [-90.555, 81.465], [-89.845, 81.61], [-89.82, 81.635], [-90.33, 81.63], [-90.48, 81.64], [-90.625, 81.655], [-90.835, 81.64], [-91.105, 81.59], [-91.29, 81.57], [-91.405, 81.58], [-91.685, 81.635], [-91.65, 81.685], [-91.425, 81.745], [-91.22, 81.79], [-90.94, 81.825], [-90.49, 81.875], [-90.165, 81.895], [-89.635, 81.895], [-89.38, 81.915], [-89.155, 81.955], [-88.875, 82.02], [-88.565, 82.06], [-88.065, 82.095], [-87.64, 82.085], [-87.405, 82.055], [-87.22, 82.0], [-87.02, 81.96], [-87.0, 81.99], [-86.835, 82.035], [-86.625, 82.05], [-86.38, 82.045], [-86.16, 82.025], [-85.875, 81.975], [-85.645, 81.955], [-85.54, 81.955], [-85.405, 81.98], [-85.045, 81.985], [-85.05, 81.995], [-85.17, 82.025], [-85.31, 82.045], [-86.58, 82.185], [-86.615, 82.22], [-86.19, 82.25], [-85.92, 82.285], [-85.795, 82.29], [-85.48, 82.365], [-85.275, 82.405], [-84.895, 82.45], [-84.745, 82.435], [-84.555, 82.4], [-84.37, 82.375], [-83.825, 82.35], [-83.59, 82.325], [-83.175, 82.185], [-83.01, 82.14], [-82.775, 82.095], [-82.635, 82.075], [-82.355, 82.065], [-82.325, 82.09], [-82.655, 82.16], [-82.745, 82.195], [-82.71, 82.23], [-82.64, 82.245], [-82.535, 82.245], [-82.275, 82.22], [-81.585, 82.12], [-80.55, 82.005], [-80.155, 81.98], [-79.91, 81.935], [-79.685, 81.885], [-79.465, 81.85], [-79.425, 81.855], [-79.63, 81.93], [-80.13, 82.03], [-81.47, 82.19], [-82.0, 82.28], [-82.255, 82.335], [-82.45, 82.395], [-82.45, 82.425], [-82.27, 82.465], [-82.025, 82.495], [-81.72, 82.505], [-81.68, 82.52], [-81.96, 82.565], [-82.125, 82.6], [-82.115, 82.63], [-81.785, 82.65], [-81.58, 82.645], [-81.19, 82.595], [-80.86, 82.57], [-80.81, 82.585], [-81.145, 82.715], [-81.18, 82.745], [-81.13, 82.76], [-81.01, 82.78], [-80.655, 82.77], [-80.075, 82.705], [-79.035, 82.675], [-78.75, 82.68], [-78.79, 82.695], [-79.205, 82.735], [-79.64, 82.785], [-79.835, 82.815], [-79.975, 82.86], [-80.14, 82.895], [-80.155, 82.91], [-79.885, 82.94], [-79.18, 82.935], [-78.525, 82.89], [-77.97, 82.905], [-77.62, 82.895], [-77.48, 82.885], [-77.225, 82.835], [-76.42, 82.67], [-76.335, 82.645], [-76.245, 82.605], [-76.145, 82.55], [-76.01, 82.535], [-75.745, 82.57], [-75.565, 82.61], [-75.645, 82.645], [-76.085, 82.725], [-76.19, 82.76], [-76.41, 82.815], [-76.91, 82.92], [-77.04, 82.97], [-77.125, 83.01], [-75.745, 83.045], [-74.415, 83.015], [-74.2, 82.99], [-74.055, 82.955], [-73.915, 82.905], [-73.705, 82.85], [-73.27, 82.77], [-72.66, 82.72], [-72.775, 82.755], [-73.235, 82.845], [-73.44, 82.905], [-73.44, 82.945], [-73.405, 82.975], [-73.33, 83.0], [-72.81, 83.08], [-72.07, 83.105], [-71.985, 83.1], [-71.405, 82.975], [-71.13, 82.925], [-70.94, 82.9], [-70.935, 82.91], [-71.2, 82.97], [-71.4, 83.0], [-71.425, 83.02], [-71.085, 83.085], [-70.87, 83.1], [-69.97, 83.115], [-69.87, 83.11], [-69.78, 83.095], [-69.57, 83.025], [-69.49, 83.015]]], [[[-95.485, 77.79], [-95.235, 77.755], [-94.96, 77.775], [-94.665, 77.775], [-94.015, 77.76], [-93.585, 77.77], [-93.47, 77.765], [-93.3, 77.74], [-93.21, 77.71], [-93.13, 77.66], [-93.34, 77.63], [-93.52, 77.475], [-93.545, 77.465], [-93.74, 77.465], [-93.835, 77.45], [-94.41, 77.475], [-95.985, 77.485], [-96.055, 77.505], [-96.265, 77.595], [-96.275, 77.63], [-96.24, 77.675], [-96.195, 77.7], [-96.145, 77.715], [-95.685, 77.78], [-95.485, 77.79]]], [[[-93.545, 75.03], [-93.48, 74.95], [-93.465, 74.92], [-93.465, 74.855], [-93.49, 74.77], [-93.51, 74.755], [-93.535, 74.75], [-93.55, 74.73], [-93.545, 74.69], [-93.575, 74.67], [-93.625, 74.66], [-93.985, 74.645], [-94.205, 74.645], [-94.535, 74.635], [-94.695, 74.64], [-94.805, 74.66], [-94.96, 74.7], [-95.285, 74.795], [-95.45, 74.795], [-95.865, 74.83], [-96.095, 74.935], [-96.18, 74.95], [-96.27, 74.92], [-96.295, 74.925], [-96.32, 74.95], [-96.345, 74.98], [-96.385, 75.0], [-96.56, 74.99], [-96.59, 75.0], [-96.6, 75.03], [-96.595, 75.06], [-96.565, 75.1], [-96.385, 75.21], [-96.29, 75.22], [-96.18, 75.24], [-96.12, 75.3], [-96.125, 75.36], [-95.955, 75.445], [-95.855, 75.47], [-95.67, 75.53], [-95.05, 75.62], [-94.88, 75.63], [-94.65, 75.625], [-94.425, 75.595], [-94.255, 75.545], [-93.91, 75.425], [-93.75, 75.35], [-93.665, 75.275], [-93.59, 75.23], [-93.5, 75.135], [-93.53, 75.1], [-93.55, 75.05], [-93.545, 75.03]]], [[[-100.0, 73.945], [-99.16, 73.73], [-99.04, 73.75], [-98.785, 73.76], [-98.52, 73.79], [-98.15, 73.82], [-97.93, 73.865], [-97.83, 73.88], [-97.67, 73.89], [-97.58, 73.89], [-97.325, 73.86], [-97.225, 73.845], [-97.17, 73.825], [-97.11, 73.79], [-97.01, 73.705], [-96.995, 73.675], [-97.0, 73.665], [-97.095, 73.615], [-97.155, 73.59], [-97.285, 73.57], [-97.395, 73.565], [-97.49, 73.525], [-97.595, 73.535], [-97.625, 73.5], [-97.615, 73.48], [-97.585, 73.47], [-97.53, 73.475], [-97.47, 73.49], [-97.35, 73.48], [-97.285, 73.46], [-97.23, 73.42], [-97.275, 73.385], [-97.485, 73.34], [-97.795, 73.285], [-98.175, 73.115], [-98.375, 73.045], [-98.415, 73.025], [-98.435, 73.0], [-98.43, 72.96], [-98.42, 72.94], [-98.365, 72.935], [-98.18, 72.995], [-98.06, 73.02], [-97.94, 73.035], [-97.725, 73.035], [-97.635, 73.03], [-97.475, 72.99], [-97.33, 72.94], [-97.295, 72.92], [-97.31, 72.9], [-97.37, 72.88], [-97.38, 72.865], [-97.24, 72.835], [-97.085, 72.765], [-97.075, 72.72], [-97.14, 72.675], [-97.16, 72.645], [-97.13, 72.63], [-97.05, 72.635], [-96.87, 72.685], [-96.67, 72.715], [-96.59, 72.71], [-96.54, 72.7], [-96.49, 72.63], [-96.445, 72.55], [-96.44, 72.485], [-96.475, 72.435], [-96.52, 72.395], [-96.64, 72.34], [-96.745, 72.325], [-96.8, 72.32], [-96.795, 72.315], [-96.67, 72.27], [-96.615, 72.235], [-96.595, 72.205], [-96.6, 72.175], [-96.62, 72.145], [-96.765, 72.045], [-96.76, 72.03], [-96.715, 72.025], [-96.625, 71.97], [-96.615, 71.835], [-96.945, 71.79], [-97.025, 71.76], [-97.115, 71.71], [-97.22, 71.675], [-97.46, 71.635], [-97.58, 71.63], [-98.18, 71.66], [-98.24, 71.68], [-98.285, 71.715], [-98.305, 71.765], [-98.315, 71.805], [-98.305, 71.83], [-98.305, 71.85], [-98.325, 71.85], [-98.39, 71.825], [-98.46, 71.775], [-98.42, 71.715], [-98.23, 71.56], [-98.195, 71.49], [-98.19, 71.46], [-98.2, 71.44], [-98.41, 71.35], [-98.535, 71.32], [-98.665, 71.3], [-98.785, 71.315], [-98.9, 71.35], [-98.985, 71.37], [-99.165, 71.365], [-99.225, 71.385], [-99.275, 71.425], [-99.405, 71.555], [-99.58, 71.65], [-99.735, 71.755], [-100.125, 71.91], [-100.325, 72.005], [-100.595, 72.15], [-100.705, 72.185], [-100.8, 72.2], [-100.985, 72.21], [-101.025, 72.23], [-101.095, 72.28], [-101.21, 72.315], [-101.25, 72.32], [-101.32, 72.315], [-101.5, 72.28], [-101.725, 72.315], [-101.775, 72.34], [-101.805, 72.385], [-101.835, 72.41], [-101.91, 72.43], [-101.975, 72.485], [-102.4, 72.595], [-102.655, 72.72], [-102.71, 72.765], [-102.715, 72.785], [-102.69, 72.845], [-102.63, 72.91], [-102.55, 72.98], [-102.505, 73.005], [-102.335, 73.065], [-102.205, 73.075], [-102.02, 73.07], [-101.92, 73.055], [-101.835, 73.02], [-101.8, 72.975], [-101.755, 72.945], [-101.62, 72.91], [-101.545, 72.885], [-101.435, 72.82], [-101.35, 72.745], [-101.275, 72.72], [-101.09, 72.715], [-100.895, 72.725], [-100.485, 72.775], [-100.47, 72.78], [-100.445, 72.805], [-100.395, 72.975], [-100.37, 72.98], [-100.23, 72.9], [-100.19, 72.89], [-100.13, 72.905], [-100.09, 72.945], [-100.095, 72.965], [-100.185, 73.055], [-100.235, 73.095], [-100.285, 73.12], [-100.335, 73.13], [-100.445, 73.12], [-100.53, 73.14], [-100.55, 73.165], [-100.535, 73.2], [-100.49, 73.235], [-100.44, 73.255], [-100.34, 73.265], [-100.225, 73.255], [-100.065, 73.21], [-99.965, 73.2], [-99.825, 73.215], [-100.005, 73.24], [-100.26, 73.34], [-100.365, 73.36], [-100.5, 73.315], [-100.585, 73.3], [-100.755, 73.28], [-100.89, 73.275], [-101.45, 73.43], [-101.48, 73.445], [-101.525, 73.485], [-101.52, 73.505], [-101.465, 73.535], [-101.325, 73.57], [-101.115, 73.595], [-100.975, 73.6], [-100.855, 73.57], [-100.675, 73.495], [-100.52, 73.45], [-100.51, 73.465], [-100.535, 73.51], [-100.605, 73.575], [-100.66, 73.595], [-100.785, 73.615], [-100.9, 73.66], [-100.955, 73.69], [-100.98, 73.725], [-100.985, 73.765], [-100.965, 73.79], [-100.915, 73.805], [-100.485, 73.845], [-100.18, 73.8], [-99.99, 73.795], [-99.91, 73.845], [-99.94, 73.855], [-100.04, 73.845], [-100.155, 73.845], [-100.225, 73.875], [-100.225, 73.89], [-100.14, 73.93], [-100.0, 73.945]]], [[[-84.92, 65.26], [-84.885, 65.25], [-84.84, 65.255], [-84.77, 65.305], [-84.61, 65.445], [-84.57, 65.46], [-84.5, 65.46], [-84.265, 65.365], [-84.18, 65.315], [-84.135, 65.245], [-84.085, 65.22], [-83.9, 65.18], [-83.725, 65.17], [-83.49, 65.13], [-83.405, 65.105], [-83.22, 64.97], [-83.2, 64.96], [-82.99, 64.905], [-82.67, 64.78], [-82.585, 64.76], [-82.27, 64.72], [-82.16, 64.69], [-82.05, 64.645], [-81.93, 64.56], [-81.785, 64.425], [-81.675, 64.215], [-81.665, 64.17], [-81.68, 64.145], [-81.72, 64.12], [-81.905, 64.03], [-81.885, 64.015], [-81.715, 64.02], [-81.335, 64.075], [-81.105, 64.035], [-81.025, 64.03], [-81.005, 64.035], [-80.92, 64.1], [-80.83, 64.09], [-80.695, 64.025], [-80.61, 63.97], [-80.57, 63.93], [-80.58, 63.91], [-80.67, 63.9], [-80.45, 63.865], [-80.26, 63.8], [-80.3, 63.76], [-80.505, 63.675], [-80.71, 63.595], [-80.955, 63.48], [-81.015, 63.465], [-81.045, 63.46], [-81.18, 63.485], [-81.37, 63.54], [-81.965, 63.665], [-82.145, 63.69], [-82.38, 63.705], [-82.41, 63.735], [-82.465, 63.925], [-82.57, 63.96], [-82.93, 64.0], [-83.035, 64.025], [-83.04, 64.06], [-83.015, 64.125], [-83.065, 64.16], [-83.185, 64.16], [-83.305, 64.145], [-83.495, 64.1], [-83.585, 64.06], [-83.615, 64.015], [-83.64, 63.92], [-83.66, 63.875], [-83.73, 63.815], [-84.02, 63.66], [-84.14, 63.615], [-84.26, 63.6], [-84.31, 63.585], [-84.39, 63.53], [-84.505, 63.39], [-84.555, 63.35], [-84.635, 63.31], [-84.795, 63.245], [-84.96, 63.195], [-85.24, 63.14], [-85.395, 63.12], [-85.495, 63.14], [-85.565, 63.27], [-85.715, 63.66], [-85.74, 63.685], [-85.77, 63.7], [-85.805, 63.705], [-86.3, 63.655], [-86.575, 63.66], [-86.845, 63.575], [-86.915, 63.57], [-87.055, 63.57], [-87.15, 63.585], [-87.175, 63.595], [-87.195, 63.635], [-87.19, 63.67], [-87.155, 63.715], [-87.03, 63.83], [-86.93, 63.9], [-86.885, 63.925], [-86.42, 64.05], [-86.31, 64.095], [-86.25, 64.135], [-86.25, 64.18], [-86.275, 64.24], [-86.355, 64.375], [-86.375, 64.505], [-86.375, 64.565], [-86.345, 64.66], [-86.23, 64.895], [-86.19, 65.01], [-86.115, 65.415], [-86.075, 65.535], [-86.015, 65.64], [-85.96, 65.705], [-85.815, 65.83], [-85.7, 65.885], [-85.555, 65.92], [-85.525, 65.915], [-85.495, 65.9], [-85.44, 65.845], [-85.24, 65.795], [-85.175, 65.745], [-85.13, 65.695], [-85.105, 65.625], [-85.13, 65.59], [-85.225, 65.545], [-85.245, 65.525], [-85.24, 65.51], [-85.055, 65.435], [-84.92, 65.26]]], [[[-97.7, 76.465], [-97.69, 76.42], [-97.7, 76.385], [-97.735, 76.365], [-97.74, 76.335], [-97.705, 76.305], [-97.575, 76.225], [-97.53, 76.18], [-97.525, 76.14], [-97.53, 76.11], [-97.615, 76.055], [-97.65, 75.98], [-97.65, 75.94], [-97.605, 75.88], [-97.6, 75.85], [-97.695, 75.805], [-97.89, 75.76], [-97.865, 75.74], [-97.44, 75.685], [-97.41, 75.675], [-97.41, 75.55], [-97.335, 75.42], [-97.365, 75.415], [-97.465, 75.46], [-97.655, 75.51], [-97.88, 75.415], [-97.855, 75.26], [-97.705, 75.19], [-97.66, 75.15], [-97.675, 75.125], [-97.8, 75.115], [-97.845, 75.12], [-97.97, 75.155], [-98.045, 75.2], [-98.07, 75.2], [-98.09, 75.175], [-98.075, 75.155], [-97.99, 75.11], [-97.955, 75.06], [-97.99, 75.045], [-98.12, 75.035], [-98.295, 75.03], [-98.57, 75.01], [-98.705, 75.005], [-98.835, 75.02], [-99.01, 75.02], [-99.155, 75.015], [-99.245, 75.025], [-99.325, 75.05], [-99.42, 75.045], [-99.625, 74.985], [-99.945, 75.005], [-100.235, 75.01], [-100.29, 75.03], [-100.355, 75.065], [-100.485, 75.19], [-100.46, 75.22], [-100.15, 75.235], [-100.145, 75.245], [-100.365, 75.29], [-100.615, 75.32], [-100.73, 75.345], [-100.705, 75.395], [-100.71, 75.405], [-100.28, 75.46], [-99.965, 75.57], [-99.77, 75.61], [-99.755, 75.635], [-99.59, 75.655], [-99.21, 75.67], [-99.195, 75.7], [-99.915, 75.68], [-100.9, 75.62], [-101.205, 75.59], [-101.46, 75.61], [-102.54, 75.515], [-102.585, 75.515], [-102.7, 75.545], [-102.8, 75.6], [-102.73, 75.64], [-102.41, 75.715], [-102.25, 75.78], [-102.27, 75.815], [-102.145, 75.875], [-101.945, 75.885], [-101.6, 75.835], [-101.42, 75.78], [-101.26, 75.76], [-101.12, 75.765], [-100.975, 75.8], [-101.01, 75.8], [-101.26, 75.785], [-101.29, 75.79], [-101.415, 75.845], [-101.47, 75.88], [-101.505, 75.92], [-101.51, 75.945], [-101.43, 75.99], [-101.715, 76.01], [-101.825, 76.04], [-101.87, 76.085], [-101.86, 76.1], [-101.77, 76.15], [-101.53, 76.215], [-101.555, 76.235], [-101.91, 76.235], [-101.985, 76.245], [-102.14, 76.285], [-102.105, 76.33], [-101.965, 76.4], [-101.86, 76.44], [-101.79, 76.45], [-101.675, 76.45], [-101.415, 76.425], [-101.34, 76.41], [-101.14, 76.345], [-101.09, 76.31], [-101.095, 76.27], [-101.055, 76.245], [-100.9, 76.205], [-100.23, 76.01], [-100.105, 75.96], [-100.02, 75.94], [-99.865, 75.925], [-99.775, 75.925], [-99.7, 75.94], [-99.69, 75.96], [-99.98, 76.03], [-100.05, 76.065], [-100.115, 76.115], [-100.085, 76.135], [-100.0, 76.14], [-99.79, 76.135], [-99.54, 76.145], [-99.815, 76.17], [-100.0, 76.195], [-100.185, 76.195], [-100.415, 76.245], [-100.415, 76.255], [-100.36, 76.27], [-100.045, 76.29], [-99.985, 76.3], [-99.98, 76.31], [-100.08, 76.345], [-100.175, 76.36], [-100.65, 76.395], [-100.82, 76.435], [-100.875, 76.455], [-100.89, 76.475], [-100.83, 76.525], [-100.575, 76.585], [-100.39, 76.615], [-100.07, 76.635], [-99.815, 76.63], [-99.67, 76.625], [-99.33, 76.52], [-99.17, 76.455], [-98.89, 76.465], [-98.97, 76.535], [-99.025, 76.615], [-98.94, 76.645], [-98.71, 76.695], [-98.53, 76.665], [-98.29, 76.6], [-98.235, 76.575], [-97.965, 76.535], [-97.81, 76.52], [-97.725, 76.495], [-97.7, 76.465]]], [[[-103.425, 79.315], [-103.19, 79.295], [-102.915, 79.23], [-102.65, 79.095], [-102.64, 79.08], [-102.64, 79.055], [-102.65, 79.025], [-102.685, 78.99], [-102.73, 78.97], [-102.595, 78.945], [-102.58, 78.93], [-102.595, 78.9], [-102.575, 78.88], [-102.495, 78.9], [-102.425, 78.935], [-102.405, 78.955], [-102.395, 79.01], [-102.19, 79.04], [-101.975, 79.08], [-101.875, 79.09], [-101.705, 79.08], [-101.3, 78.98], [-101.145, 78.975], [-101.09, 78.96], [-101.035, 78.94], [-101.035, 78.915], [-101.115, 78.86], [-101.145, 78.825], [-101.13, 78.8], [-100.915, 78.785], [-100.435, 78.82], [-100.015, 78.73], [-99.78, 78.62], [-99.61, 78.585], [-99.58, 78.565], [-99.63, 78.545], [-99.68, 78.495], [-99.82, 78.455], [-99.85, 78.44], [-99.775, 78.395], [-99.77, 78.365], [-99.78, 78.325], [-99.75, 78.305], [-99.56, 78.28], [-99.13, 78.12], [-99.055, 78.07], [-99.005, 78.015], [-99.0, 77.995], [-99.06, 77.965], [-99.13, 77.875], [-99.165, 77.855], [-99.34, 77.84], [-99.66, 77.825], [-99.955, 77.795], [-100.275, 77.835], [-100.585, 77.89], [-100.68, 77.93], [-100.76, 77.98], [-100.78, 77.995], [-100.81, 78.07], [-100.825, 78.09], [-100.96, 78.13], [-101.075, 78.195], [-101.3, 78.2], [-101.83, 78.265], [-102.055, 78.28], [-102.285, 78.275], [-102.605, 78.25], [-102.67, 78.255], [-102.725, 78.275], [-102.77, 78.305], [-102.785, 78.33], [-102.73, 78.37], [-103.675, 78.32], [-103.945, 78.26], [-104.325, 78.27], [-104.515, 78.295], [-104.765, 78.35], [-104.88, 78.4], [-104.985, 78.47], [-104.995, 78.52], [-104.91, 78.555], [-104.82, 78.575], [-104.725, 78.58], [-104.215, 78.54], [-103.765, 78.52], [-103.57, 78.54], [-103.485, 78.595], [-103.59, 78.625], [-104.02, 78.635], [-103.93, 78.665], [-103.565, 78.695], [-103.37, 78.735], [-103.41, 78.75], [-103.52, 78.77], [-104.01, 78.765], [-104.185, 78.78], [-104.195, 78.795], [-104.155, 78.815], [-103.875, 78.905], [-103.885, 78.92], [-104.005, 78.95], [-104.115, 78.985], [-104.15, 78.99], [-104.395, 78.955], [-104.735, 78.825], [-104.815, 78.805], [-104.895, 78.81], [-104.97, 78.83], [-104.97, 78.855], [-104.895, 78.89], [-104.735, 78.99], [-104.745, 79.025], [-104.9, 79.05], [-105.31, 79.035], [-105.535, 79.035], [-105.57, 79.06], [-105.58, 79.115], [-105.57, 79.165], [-105.515, 79.24], [-105.435, 79.3], [-105.39, 79.325], [-104.845, 79.31], [-103.965, 79.35], [-103.705, 79.35], [-103.425, 79.315]]], [[[-91.885, 81.135], [-91.755, 81.05], [-91.27, 80.85], [-91.055, 80.78], [-90.685, 80.69], [-90.635, 80.655], [-90.63, 80.64], [-90.645, 80.595], [-90.535, 80.575], [-90.22, 80.55], [-89.86, 80.5], [-89.8, 80.5], [-89.675, 80.53], [-89.525, 80.54], [-89.33, 80.53], [-89.235, 80.51], [-89.165, 80.48], [-89.14, 80.455], [-89.135, 80.44], [-89.205, 80.405], [-89.195, 80.395], [-89.155, 80.38], [-89.145, 80.36], [-89.22, 80.29], [-89.2, 80.265], [-89.02, 80.2], [-88.855, 80.165], [-88.54, 80.13], [-88.33, 80.135], [-88.2, 80.11], [-88.195, 80.125], [-88.255, 80.165], [-88.38, 80.225], [-88.61, 80.255], [-88.645, 80.29], [-88.665, 80.35], [-88.645, 80.385], [-88.525, 80.42], [-88.425, 80.43], [-88.125, 80.43], [-87.96, 80.415], [-87.675, 80.37], [-87.645, 80.35], [-87.63, 80.3], [-87.62, 80.205], [-87.625, 80.185], [-87.87, 80.135], [-87.92, 80.1], [-87.86, 80.09], [-87.65, 80.08], [-87.33, 80.045], [-87.2, 80.045], [-87.075, 79.965], [-86.975, 79.895], [-87.05, 79.805], [-87.145, 79.665], [-87.22, 79.63], [-87.295, 79.58], [-87.245, 79.57], [-86.925, 79.59], [-86.86, 79.6], [-86.65, 79.645], [-86.335, 79.635], [-86.23, 79.62], [-86.18, 79.605], [-86.085, 79.55], [-86.005, 79.48], [-85.95, 79.485], [-85.805, 79.575], [-85.75, 79.595], [-85.68, 79.615], [-85.65, 79.61], [-85.5, 79.53], [-85.175, 79.385], [-85.065, 79.33], [-85.04, 79.285], [-85.18, 79.235], [-85.29, 79.21], [-86.09, 79.1], [-86.45, 79.04], [-86.63, 78.99], [-86.72, 78.975], [-86.915, 78.985], [-86.955, 78.975], [-87.015, 78.9], [-87.08, 78.865], [-87.245, 78.815], [-87.48, 78.72], [-87.615, 78.675], [-87.86, 78.705], [-87.92, 78.75], [-87.955, 78.85], [-87.96, 78.895], [-87.955, 78.915], [-87.925, 78.95], [-87.815, 79.035], [-87.83, 79.045], [-87.88, 79.04], [-88.04, 78.995], [-88.105, 78.975], [-88.165, 78.935], [-88.19, 78.865], [-88.165, 78.745], [-88.19, 78.695], [-88.255, 78.67], [-88.23, 78.655], [-88.035, 78.625], [-88.005, 78.615], [-87.98, 78.595], [-87.975, 78.565], [-87.985, 78.535], [-88.04, 78.495], [-88.15, 78.475], [-88.285, 78.495], [-88.58, 78.6], [-88.71, 78.595], [-88.74, 78.585], [-88.715, 78.545], [-88.625, 78.46], [-88.605, 78.39], [-88.65, 78.335], [-88.735, 78.24], [-88.79, 78.19], [-88.82, 78.185], [-88.97, 78.185], [-89.095, 78.21], [-89.47, 78.37], [-89.655, 78.44], [-89.925, 78.575], [-89.995, 78.6], [-90.035, 78.605], [-90.075, 78.55], [-90.0, 78.495], [-89.755, 78.37], [-89.61, 78.28], [-89.505, 78.205], [-89.49, 78.17], [-89.525, 78.16], [-89.58, 78.165], [-89.65, 78.195], [-89.875, 78.24], [-89.965, 78.26], [-90.025, 78.29], [-90.135, 78.315], [-90.295, 78.33], [-90.46, 78.33], [-90.62, 78.32], [-90.65, 78.31], [-90.47, 78.27], [-90.405, 78.245], [-90.36, 78.22], [-90.325, 78.185], [-90.385, 78.165], [-90.615, 78.15], [-90.92, 78.16], [-91.41, 78.19], [-91.9, 78.235], [-92.35, 78.315], [-92.68, 78.39], [-92.81, 78.43], [-92.85, 78.46], [-92.725, 78.485], [-92.295, 78.52], [-91.865, 78.545], [-91.935, 78.56], [-92.715, 78.605], [-92.975, 78.615], [-93.11, 78.6], [-93.265, 78.61], [-93.39, 78.645], [-93.55, 78.71], [-93.635, 78.75], [-93.625, 78.77], [-93.56, 78.775], [-93.21, 78.77], [-93.16, 78.775], [-93.335, 78.81], [-93.9, 78.87], [-94.115, 78.93], [-94.155, 78.95], [-94.17, 78.975], [-94.165, 78.995], [-93.95, 79.035], [-93.295, 79.14], [-93.07, 79.155], [-92.84, 79.155], [-92.685, 79.185], [-92.545, 79.285], [-91.87, 79.315], [-91.345, 79.36], [-91.3, 79.375], [-91.695, 79.365], [-92.25, 79.375], [-92.485, 79.44], [-92.645, 79.45], [-92.82, 79.45], [-93.03, 79.43], [-93.38, 79.37], [-93.55, 79.355], [-93.935, 79.29], [-94.04, 79.295], [-94.095, 79.305], [-94.11, 79.315], [-94.04, 79.355], [-93.94, 79.385], [-93.96, 79.395], [-94.11, 79.4], [-94.285, 79.4], [-94.405, 79.39], [-94.845, 79.335], [-95.045, 79.295], [-95.105, 79.29], [-95.315, 79.355], [-95.655, 79.39], [-95.735, 79.42], [-95.665, 79.525], [-95.565, 79.55], [-95.3, 79.57], [-94.52, 79.665], [-94.475, 79.685], [-94.4, 79.735], [-94.58, 79.725], [-94.975, 79.675], [-95.295, 79.655], [-95.55, 79.655], [-95.74, 79.66], [-95.86, 79.675], [-96.0, 79.705], [-96.465, 79.85], [-96.59, 79.915], [-96.605, 79.98], [-96.64, 80.025], [-96.775, 80.135], [-95.78, 80.065], [-95.395, 80.055], [-94.645, 80.05], [-94.61, 80.055], [-94.6, 80.075], [-94.615, 80.105], [-94.605, 80.125], [-94.585, 80.14], [-94.305, 80.18], [-94.265, 80.195], [-94.59, 80.2], [-95.19, 80.135], [-95.405, 80.135], [-95.645, 80.23], [-95.905, 80.215], [-96.025, 80.22], [-96.215, 80.245], [-96.31, 80.265], [-96.37, 80.295], [-96.395, 80.315], [-96.385, 80.335], [-96.335, 80.355], [-96.11, 80.38], [-96.01, 80.385], [-95.745, 80.365], [-95.55, 80.365], [-95.615, 80.395], [-95.9, 80.47], [-96.15, 80.555], [-96.135, 80.69], [-95.925, 80.72], [-95.715, 80.725], [-95.505, 80.69], [-95.225, 80.685], [-95.025, 80.645], [-94.895, 80.57], [-94.735, 80.57], [-94.485, 80.56], [-93.93, 80.56], [-94.03, 80.585], [-94.2, 80.61], [-94.595, 80.64], [-94.79, 80.75], [-95.195, 80.81], [-95.515, 80.84], [-95.51, 80.865], [-95.27, 81.0], [-94.98, 81.05], [-94.52, 81.03], [-94.215, 81.055], [-93.825, 81.105], [-93.445, 81.085], [-93.345, 81.085], [-93.285, 81.1], [-93.235, 81.13], [-93.235, 81.155], [-93.285, 81.18], [-93.405, 81.21], [-93.895, 81.215], [-94.11, 81.225], [-94.195, 81.24], [-94.22, 81.265], [-94.23, 81.29], [-94.235, 81.315], [-94.22, 81.33], [-94.18, 81.34], [-94.06, 81.35], [-93.605, 81.35], [-93.335, 81.365], [-93.035, 81.345], [-92.415, 81.28], [-92.21, 81.245], [-92.0, 81.185], [-91.885, 81.135]]], [[[-94.295, 76.91], [-94.11, 76.905], [-93.95, 76.915], [-93.81, 76.915], [-93.61, 76.875], [-93.42, 76.81], [-93.275, 76.785], [-93.23, 76.77], [-93.21, 76.755], [-93.19, 76.71], [-93.19, 76.685], [-93.2, 76.67], [-93.265, 76.625], [-93.315, 76.575], [-93.425, 76.525], [-93.485, 76.49], [-93.535, 76.45], [-93.42, 76.475], [-92.995, 76.62], [-92.715, 76.605], [-92.295, 76.615], [-91.79, 76.675], [-91.55, 76.685], [-91.305, 76.68], [-91.125, 76.66], [-90.74, 76.58], [-90.605, 76.545], [-90.555, 76.515], [-90.545, 76.495], [-90.62, 76.465], [-90.865, 76.485], [-91.265, 76.5], [-91.335, 76.51], [-91.4, 76.51], [-91.445, 76.5], [-91.415, 76.455], [-91.335, 76.445], [-90.855, 76.435], [-89.285, 76.3], [-89.22, 76.26], [-89.235, 76.24], [-89.29, 76.22], [-89.405, 76.19], [-90.31, 76.16], [-90.825, 76.185], [-91.26, 76.23], [-91.405, 76.22], [-91.28, 76.16], [-91.02, 76.14], [-90.8, 76.105], [-90.71, 76.075], [-90.25, 76.055], [-90.175, 76.03], [-90.035, 75.97], [-89.915, 75.965], [-89.795, 75.925], [-89.695, 75.855], [-89.65, 75.845], [-89.51, 75.855], [-89.28, 75.795], [-89.205, 75.76], [-89.205, 75.735], [-89.255, 75.7], [-89.36, 75.645], [-89.625, 75.585], [-89.645, 75.565], [-89.335, 75.57], [-89.28, 75.565], [-88.915, 75.455], [-88.87, 75.45], [-88.84, 75.465], [-88.805, 75.5], [-88.82, 75.54], [-88.865, 75.59], [-88.85, 75.625], [-88.785, 75.645], [-88.715, 75.66], [-88.645, 75.66], [-88.57, 75.645], [-88.2, 75.51], [-87.73, 75.575], [-87.645, 75.545], [-87.57, 75.495], [-87.54, 75.485], [-87.365, 75.59], [-87.255, 75.62], [-86.815, 75.49], [-86.545, 75.465], [-86.435, 75.435], [-86.235, 75.405], [-85.95, 75.395], [-85.905, 75.44], [-86.07, 75.5], [-85.975, 75.53], [-85.58, 75.58], [-85.37, 75.575], [-84.985, 75.645], [-84.75, 75.655], [-84.605, 75.655], [-84.13, 75.765], [-84.015, 75.78], [-83.93, 75.82], [-83.745, 75.815], [-83.235, 75.75], [-83.095, 75.755], [-82.555, 75.82], [-82.355, 75.835], [-82.155, 75.83], [-81.645, 75.795], [-81.27, 75.755], [-81.15, 75.735], [-81.195, 75.685], [-81.175, 75.67], [-81.125, 75.66], [-81.0, 75.645], [-80.53, 75.64], [-80.32, 75.63], [-80.16, 75.58], [-80.12, 75.56], [-80.125, 75.54], [-80.285, 75.49], [-80.26, 75.48], [-80.1, 75.465], [-79.74, 75.46], [-79.66, 75.45], [-79.585, 75.385], [-79.51, 75.295], [-79.51, 75.26], [-79.635, 75.2], [-79.975, 75.12], [-80.36, 75.05], [-80.38, 75.035], [-80.26, 75.0], [-80.135, 74.99], [-80.035, 74.99], [-79.735, 75.02], [-79.665, 75.02], [-79.525, 74.99], [-79.46, 74.96], [-79.4, 74.92], [-79.51, 74.88], [-79.945, 74.835], [-80.2, 74.895], [-80.29, 74.91], [-80.35, 74.905], [-80.315, 74.875], [-80.19, 74.83], [-80.15, 74.795], [-80.19, 74.78], [-80.215, 74.75], [-80.21, 74.705], [-80.22, 74.655], [-80.265, 74.585], [-80.28, 74.58], [-81.225, 74.565], [-81.34, 74.555], [-81.605, 74.5], [-81.81, 74.475], [-81.94, 74.475], [-82.07, 74.48], [-82.415, 74.535], [-82.645, 74.525], [-82.735, 74.53], [-82.93, 74.565], [-82.98, 74.585], [-83.06, 74.63], [-83.115, 74.695], [-83.11, 74.73], [-83.085, 74.79], [-83.105, 74.815], [-83.16, 74.815], [-83.22, 74.83], [-83.405, 74.885], [-83.52, 74.9], [-83.545, 74.89], [-83.51, 74.85], [-83.485, 74.835], [-83.365, 74.8], [-83.34, 74.765], [-83.395, 74.67], [-83.41, 74.655], [-83.53, 74.585], [-83.62, 74.565], [-83.87, 74.565], [-84.245, 74.515], [-84.425, 74.51], [-84.665, 74.52], [-84.82, 74.54], [-84.915, 74.57], [-85.01, 74.605], [-85.06, 74.605], [-85.085, 74.53], [-85.135, 74.515], [-85.215, 74.52], [-85.34, 74.545], [-85.44, 74.6], [-85.475, 74.6], [-85.49, 74.565], [-85.51, 74.545], [-85.545, 74.535], [-85.81, 74.5], [-85.955, 74.5], [-86.11, 74.54], [-86.21, 74.535], [-86.34, 74.515], [-86.655, 74.555], [-86.73, 74.555], [-86.665, 74.49], [-86.77, 74.48], [-86.995, 74.48], [-87.365, 74.5], [-87.595, 74.47], [-88.005, 74.49], [-88.425, 74.495], [-88.5, 74.51], [-88.555, 74.54], [-88.56, 74.57], [-88.54, 74.61], [-88.475, 74.665], [-88.375, 74.745], [-88.34, 74.785], [-88.43, 74.805], [-88.49, 74.83], [-88.535, 74.83], [-88.68, 74.8], [-88.78, 74.715], [-88.85, 74.69], [-88.885, 74.71], [-88.91, 74.765], [-88.94, 74.79], [-88.98, 74.79], [-89.02, 74.775], [-89.06, 74.745], [-89.115, 74.74], [-89.19, 74.745], [-89.22, 74.73], [-89.195, 74.7], [-89.19, 74.665], [-89.195, 74.64], [-89.26, 74.61], [-89.45, 74.57], [-89.56, 74.555], [-89.845, 74.55], [-90.015, 74.56], [-90.36, 74.61], [-90.555, 74.615], [-90.785, 74.695], [-90.965, 74.715], [-90.96, 74.745], [-90.88, 74.8], [-90.88, 74.82], [-91.13, 74.735], [-91.165, 74.71], [-91.135, 74.65], [-91.17, 74.645], [-91.34, 74.665], [-91.51, 74.65], [-91.55, 74.655], [-91.665, 74.7], [-91.87, 74.745], [-91.96, 74.795], [-92.105, 74.95], [-92.175, 75.05], [-92.165, 75.07], [-92.06, 75.1], [-92.075, 75.125], [-92.205, 75.18], [-92.345, 75.23], [-92.39, 75.265], [-92.41, 75.295], [-92.425, 75.345], [-92.43, 75.385], [-92.41, 75.405], [-92.33, 75.48], [-92.11, 75.61], [-92.08, 75.635], [-92.07, 75.66], [-92.1, 75.725], [-92.14, 75.795], [-92.185, 75.845], [-92.305, 75.915], [-92.475, 75.985], [-92.71, 76.115], [-92.885, 76.215], [-93.09, 76.355], [-93.19, 76.365], [-93.31, 76.36], [-93.56, 76.31], [-93.645, 76.29], [-93.665, 76.275], [-93.85, 76.27], [-94.385, 76.28], [-94.585, 76.295], [-94.735, 76.295], [-94.995, 76.26], [-95.275, 76.265], [-95.445, 76.365], [-95.84, 76.415], [-95.96, 76.445], [-96.04, 76.485], [-96.015, 76.515], [-95.79, 76.535], [-95.695, 76.565], [-95.65, 76.585], [-95.875, 76.565], [-95.97, 76.57], [-96.64, 76.705], [-96.845, 76.725], [-96.88, 76.74], [-96.9, 76.755], [-96.9, 76.775], [-96.88, 76.805], [-96.68, 76.765], [-96.59, 76.765], [-96.45, 76.775], [-96.4, 76.795], [-96.435, 76.81], [-96.66, 76.855], [-96.77, 76.89], [-96.815, 76.915], [-96.77, 76.95], [-96.76, 76.97], [-96.685, 76.985], [-96.55, 76.99], [-96.375, 77.005], [-96.06, 77.05], [-95.85, 77.065], [-95.64, 77.065], [-95.125, 77.015], [-94.615, 76.96], [-94.295, 76.91]]], [[[-96.205, 78.53], [-95.97, 78.505], [-95.56, 78.515], [-95.415, 78.5], [-95.03, 78.43], [-94.915, 78.39], [-94.89, 78.36], [-94.885, 78.345], [-95.015, 78.315], [-95.27, 78.265], [-95.33, 78.225], [-95.105, 78.18], [-94.99, 78.135], [-94.935, 78.105], [-94.935, 78.075], [-95.085, 77.995], [-95.2, 77.97], [-95.37, 77.97], [-95.45, 77.965], [-95.67, 77.925], [-96.01, 77.885], [-96.475, 77.87], [-96.605, 77.85], [-96.835, 77.81], [-96.99, 77.805], [-97.04, 77.825], [-97.065, 77.86], [-97.05, 77.88], [-97.02, 77.91], [-97.095, 77.935], [-97.425, 77.98], [-97.62, 78.05], [-97.65, 78.07], [-97.66, 78.09], [-97.225, 78.105], [-97.04, 78.115], [-96.96, 78.14], [-96.945, 78.15], [-97.025, 78.155], [-97.325, 78.205], [-97.82, 78.23], [-97.845, 78.26], [-98.05, 78.325], [-98.07, 78.385], [-98.115, 78.405], [-98.255, 78.43], [-98.275, 78.44], [-98.315, 78.475], [-98.325, 78.5], [-98.315, 78.515], [-98.06, 78.56], [-98.095, 78.585], [-98.29, 78.69], [-98.34, 78.75], [-98.335, 78.775], [-98.21, 78.805], [-98.045, 78.805], [-97.595, 78.795], [-97.38, 78.785], [-97.17, 78.76], [-96.935, 78.72], [-96.585, 78.685], [-96.475, 78.665], [-96.265, 78.595], [-96.245, 78.575], [-96.255, 78.55], [-96.205, 78.53]]], [[[-93.17, 74.16], [-92.78, 74.115], [-92.585, 74.085], [-92.495, 74.06], [-92.315, 73.99], [-92.225, 73.97], [-91.875, 74.015], [-91.63, 74.03], [-91.09, 74.01], [-90.625, 73.95], [-90.46, 73.91], [-90.355, 73.87], [-90.38, 73.825], [-90.465, 73.755], [-90.565, 73.685], [-90.765, 73.58], [-90.935, 73.53], [-90.975, 73.5], [-91.0, 73.465], [-91.07, 73.415], [-91.25, 73.305], [-91.3, 73.285], [-91.555, 73.235], [-91.465, 73.215], [-91.425, 73.195], [-91.46, 73.145], [-91.62, 73.025], [-91.79, 72.915], [-91.905, 72.85], [-92.12, 72.755], [-92.235, 72.725], [-92.39, 72.72], [-93.34, 72.8], [-93.58, 72.8], [-94.21, 72.755], [-94.15, 72.735], [-93.92, 72.705], [-93.77, 72.67], [-93.57, 72.56], [-93.545, 72.53], [-93.535, 72.5], [-93.54, 72.435], [-93.555, 72.42], [-93.87, 72.255], [-93.975, 72.13], [-94.04, 72.03], [-94.145, 72.0], [-94.495, 72.045], [-94.61, 72.04], [-95.01, 72.015], [-95.195, 72.025], [-95.165, 72.18], [-95.195, 72.345], [-95.25, 72.5], [-95.55, 72.78], [-95.58, 72.83], [-95.6, 72.885], [-95.615, 72.94], [-95.61, 73.0], [-95.59, 73.115], [-95.59, 73.175], [-95.605, 73.33], [-95.645, 73.555], [-95.65, 73.64], [-95.645, 73.67], [-95.635, 73.695], [-95.57, 73.73], [-95.445, 73.75], [-95.385, 73.755], [-94.995, 73.685], [-94.815, 73.665], [-94.7, 73.665], [-94.69, 73.67], [-94.795, 73.685], [-94.895, 73.715], [-95.06, 73.805], [-95.135, 73.88], [-95.15, 73.905], [-95.155, 73.935], [-95.145, 73.96], [-95.12, 73.985], [-95.04, 74.025], [-94.975, 74.04], [-94.73, 74.085], [-94.485, 74.115], [-93.94, 74.13], [-93.785, 74.12], [-93.55, 74.165], [-93.41, 74.18], [-93.17, 74.16]]], [[[-97.44, 69.645], [-97.41, 69.63], [-97.35, 69.64], [-97.305, 69.675], [-97.28, 69.68], [-97.235, 69.675], [-97.095, 69.615], [-96.99, 69.555], [-96.875, 69.51], [-96.695, 69.47], [-96.3, 69.345], [-96.185, 69.26], [-96.06, 69.125], [-95.95, 69.025], [-95.855, 68.955], [-95.75, 68.9], [-95.585, 68.835], [-95.44, 68.88], [-95.375, 68.89], [-95.32, 68.875], [-95.27, 68.825], [-95.295, 68.805], [-95.36, 68.78], [-95.465, 68.745], [-95.615, 68.745], [-95.685, 68.735], [-95.8, 68.685], [-95.895, 68.625], [-96.025, 68.605], [-96.27, 68.51], [-96.4, 68.47], [-96.6, 68.46], [-97.01, 68.54], [-97.265, 68.53], [-97.47, 68.545], [-97.705, 68.625], [-97.885, 68.67], [-98.235, 68.74], [-98.26, 68.75], [-98.275, 68.77], [-98.28, 68.805], [-98.295, 68.83], [-98.32, 68.845], [-98.375, 68.84], [-98.43, 68.82], [-98.54, 68.8], [-98.705, 68.805], [-98.775, 68.815], [-98.83, 68.84], [-98.86, 68.865], [-98.865, 68.895], [-98.88, 68.915], [-98.905, 68.93], [-98.965, 68.935], [-99.055, 68.92], [-99.095, 68.9], [-99.075, 68.875], [-99.09, 68.865], [-99.255, 68.865], [-99.32, 68.875], [-99.44, 68.92], [-99.495, 68.96], [-99.565, 69.035], [-99.555, 69.055], [-99.515, 69.1], [-99.455, 69.13], [-99.085, 69.15], [-98.91, 69.17], [-98.725, 69.22], [-98.505, 69.31], [-98.455, 69.335], [-98.45, 69.355], [-98.465, 69.375], [-98.535, 69.425], [-98.56, 69.46], [-98.535, 69.48], [-98.45, 69.48], [-98.495, 69.5], [-98.535, 69.525], [-98.55, 69.545], [-98.545, 69.575], [-98.475, 69.58], [-98.39, 69.565], [-98.22, 69.485], [-98.155, 69.47], [-98.04, 69.455], [-98.165, 69.51], [-98.29, 69.63], [-98.305, 69.67], [-98.3, 69.69], [-98.27, 69.755], [-98.24, 69.78], [-98.2, 69.795], [-98.08, 69.835], [-97.89, 69.86], [-97.79, 69.86], [-97.69, 69.84], [-97.605, 69.8], [-97.41, 69.74], [-97.385, 69.71], [-97.385, 69.7], [-97.46, 69.685], [-97.47, 69.665], [-97.44, 69.645]]], [[[-61.105, 45.945], [-61.07, 45.935], [-60.935, 45.985], [-60.865, 45.985], [-60.87, 45.95], [-60.985, 45.91], [-61.04, 45.88], [-60.97, 45.855], [-60.97, 45.84], [-61.05, 45.795], [-61.09, 45.75], [-61.06, 45.705], [-60.93, 45.75], [-60.88, 45.75], [-60.805, 45.74], [-60.74, 45.75], [-60.7, 45.775], [-60.47, 45.945], [-60.46, 45.97], [-60.705, 45.935], [-60.735, 45.955], [-60.575, 46.06], [-60.585, 46.115], [-60.505, 46.205], [-60.43, 46.255], [-60.375, 46.285], [-60.3, 46.31], [-60.245, 46.27], [-60.225, 46.195], [-60.09, 46.205], [-59.96, 46.19], [-59.865, 46.16], [-59.85, 46.14], [-59.85, 46.115], [-59.88, 46.06], [-59.935, 46.02], [-59.83, 45.965], [-59.84, 45.94], [-60.015, 45.88], [-60.115, 45.82], [-60.205, 45.745], [-60.385, 45.655], [-60.675, 45.59], [-60.765, 45.59], [-60.87, 45.61], [-60.98, 45.605], [-61.085, 45.58], [-61.185, 45.585], [-61.235, 45.575], [-61.285, 45.575], [-61.325, 45.6], [-61.41, 45.67], [-61.45, 45.715], [-61.495, 45.94], [-61.48, 46.06], [-61.41, 46.17], [-61.3, 46.245], [-61.24, 46.305], [-60.985, 46.65], [-60.93, 46.73], [-60.87, 46.795], [-60.76, 46.865], [-60.615, 46.975], [-60.57, 47.0], [-60.49, 47.01], [-60.41, 47.005], [-60.43, 46.965], [-60.425, 46.925], [-60.33, 46.77], [-60.335, 46.735], [-60.385, 46.615], [-60.48, 46.415], [-60.51, 46.305], [-60.495, 46.27], [-60.535, 46.215], [-60.575, 46.17], [-60.745, 46.095], [-60.83, 46.075], [-60.91, 46.045], [-61.105, 45.945]]], [[[-67.125, 45.17], [-67.17, 45.18], [-67.215, 45.195], [-67.25, 45.2], [-67.27, 45.185], [-67.29, 45.17], [-67.315, 45.155], [-67.365, 45.175], [-67.4, 45.21], [-67.455, 45.25], [-67.475, 45.275], [-67.46, 45.31], [-67.44, 45.34], [-67.43, 45.38], [-67.455, 45.42], [-67.475, 45.445], [-67.495, 45.475], [-67.49, 45.5], [-67.455, 45.515], [-67.425, 45.53], [-67.415, 45.565], [-67.435, 45.605], [-67.485, 45.62], [-67.53, 45.615], [-67.595, 45.62], [-67.66, 45.645], [-67.7, 45.67], [-67.73, 45.685], [-67.755, 45.685], [-67.785, 45.7], [-67.8, 45.73], [-67.8, 45.77], [-67.79, 45.795], [-67.775, 45.82], [-67.775, 45.845], [-67.78, 45.86], [-67.78, 45.875], [-67.78, 45.89], [-67.765, 45.925], [-67.785, 45.955], [-67.785, 46.04], [-67.79, 46.21], [-67.795, 46.335], [-67.795, 46.5], [-67.8, 46.615], [-67.8, 46.78], [-67.805, 46.935], [-67.805, 47.085], [-67.935, 47.17], [-68.095, 47.275], [-68.235, 47.345], [-68.31, 47.355], [-68.36, 47.345], [-68.375, 47.315], [-68.48, 47.285], [-68.67, 47.255], [-68.83, 47.205], [-68.885, 47.205], [-68.935, 47.21], [-69.005, 47.235], [-69.05, 47.275], [-69.065, 47.34], [-69.05, 47.425], [-69.145, 47.445], [-69.245, 47.465], [-69.3, 47.4], [-69.36, 47.35], [-69.47, 47.24], [-69.63, 47.08], [-69.72, 46.995], [-69.87, 46.845], [-70.01, 46.71], [-70.04, 46.57], [-70.065, 46.44], [-70.18, 46.34], [-70.25, 46.25], [-70.28, 46.15], [-70.305, 46.055], [-70.305, 45.98], [-70.285, 45.94], [-70.295, 45.905], [-70.335, 45.87], [-70.41, 45.8], [-70.42, 45.74], [-70.465, 45.705], [-70.595, 45.645], [-70.7, 45.55], [-70.705, 45.5], [-70.69, 45.455], [-70.69, 45.43], [-70.71, 45.41], [-70.755, 45.41], [-70.8, 45.405], [-70.84, 45.365], [-70.835, 45.31], [-70.865, 45.27], [-70.9, 45.26], [-70.925, 45.29], [-70.96, 45.335], [-71.0, 45.335], [-71.06, 45.31], [-71.135, 45.265], [-71.2, 45.26], [-71.325, 45.29], [-71.42, 45.2], [-71.52, 45.01], [-71.935, 45.005], [-72.35, 45.005], [-72.765, 45.005], [-73.18, 45.005], [-73.6, 45.005], [-74.015, 45.005], [-74.43, 45.005], [-74.665, 45.005], [-74.71, 45.005], [-74.565, 45.04], [-74.27, 45.19], [-74.05, 45.24], [-73.765, 45.395], [-73.56, 45.425], [-73.52, 45.46], [-73.485, 45.585], [-73.465, 45.63], [-73.37, 45.76], [-73.255, 45.865], [-73.16, 46.01], [-72.99, 46.105], [-72.735, 46.18], [-72.495, 46.355], [-72.365, 46.405], [-72.24, 46.44], [-72.185, 46.51], [-72.11, 46.55], [-71.9, 46.63], [-71.67, 46.655], [-71.44, 46.72], [-71.26, 46.755], [-71.15, 46.82], [-70.995, 46.85], [-70.52, 47.035], [-70.39, 47.115], [-70.22, 47.29], [-70.07, 47.38], [-70.015, 47.47], [-69.8, 47.625], [-69.58, 47.825], [-69.47, 47.965], [-69.305, 48.045], [-68.985, 48.275], [-68.815, 48.365], [-68.745, 48.375], [-68.55, 48.455], [-68.43, 48.54], [-68.24, 48.625], [-67.89, 48.73], [-67.56, 48.855], [-67.115, 48.965], [-66.6, 49.125], [-66.18, 49.215], [-65.885, 49.225], [-65.525, 49.265], [-65.395, 49.26], [-64.835, 49.19], [-64.57, 49.105], [-64.26, 48.92], [-64.215, 48.875], [-64.21, 48.805], [-64.37, 48.84], [-64.515, 48.84], [-64.415, 48.805], [-64.245, 48.69], [-64.255, 48.55], [-64.35, 48.425], [-64.635, 48.36], [-64.705, 48.31], [-64.765, 48.23], [-64.82, 48.195], [-64.96, 48.16], [-65.035, 48.105], [-65.26, 48.02], [-65.36, 48.01], [-65.475, 48.03], [-65.755, 48.11], [-65.925, 48.19], [-66.015, 48.145], [-66.085, 48.105], [-66.25, 48.115], [-66.325, 48.1], [-66.45, 48.12], [-66.705, 48.02], [-66.63, 48.01], [-66.43, 48.065], [-66.36, 48.06], [-66.21, 47.99], [-65.85, 47.91], [-65.755, 47.86], [-65.665, 47.695], [-65.605, 47.67], [-65.485, 47.685], [-65.345, 47.77], [-65.23, 47.81], [-65.0, 47.845], [-65.045, 47.795], [-64.875, 47.795], [-64.705, 47.725], [-64.765, 47.675], [-64.85, 47.57], [-64.91, 47.37], [-65.085, 47.235], [-65.32, 47.1], [-65.26, 47.07], [-65.19, 47.05], [-65.04, 47.09], [-64.94, 47.085], [-64.83, 47.06], [-64.865, 46.96], [-64.905, 46.89], [-64.885, 46.825], [-64.815, 46.7], [-64.725, 46.67], [-64.69, 46.51], [-64.64, 46.425], [-64.65, 46.355], [-64.555, 46.31], [-64.54, 46.24], [-64.21, 46.22], [-64.145, 46.195], [-63.915, 46.165], [-63.875, 46.145], [-63.83, 46.105], [-64.055, 46.02], [-63.875, 45.96], [-63.705, 45.86], [-63.57, 45.88], [-63.51, 45.875], [-63.36, 45.81], [-63.315, 45.78], [-63.295, 45.75], [-63.215, 45.76], [-63.11, 45.78], [-62.91, 45.775], [-62.7, 45.74], [-62.72, 45.685], [-62.75, 45.65], [-62.585, 45.66], [-62.485, 45.62], [-62.445, 45.64], [-62.42, 45.665], [-62.22, 45.73], [-61.955, 45.87], [-61.925, 45.85], [-61.91, 45.8], [-61.875, 45.715], [-61.775, 45.655], [-61.655, 45.64], [-61.49, 45.685], [-61.43, 45.65], [-61.35, 45.575], [-61.275, 45.475], [-61.28, 45.44], [-61.375, 45.41], [-61.46, 45.365], [-61.105, 45.35], [-61.07, 45.33], [-61.03, 45.29], [-61.07, 45.255], [-61.1, 45.235], [-61.165, 45.255], [-61.285, 45.235], [-61.385, 45.185], [-61.5, 45.155], [-61.57, 45.155], [-61.645, 45.13], [-61.72, 45.095], [-61.795, 45.085], [-62.025, 44.995], [-62.265, 44.935], [-62.515, 44.845], [-62.77, 44.785], [-63.03, 44.715], [-63.09, 44.71], [-63.155, 44.71], [-63.305, 44.645], [-63.38, 44.65], [-63.455, 44.64], [-63.545, 44.655], [-63.605, 44.685], [-63.56, 44.61], [-63.545, 44.545], [-63.57, 44.515], [-63.61, 44.48], [-63.76, 44.485], [-63.82, 44.51], [-63.89, 44.545], [-63.925, 44.605], [-64.0, 44.645], [-64.045, 44.59], [-64.045, 44.545], [-64.1, 44.485], [-64.165, 44.585], [-64.285, 44.55], [-64.34, 44.445], [-64.31, 44.415], [-64.275, 44.335], [-64.335, 44.29], [-64.38, 44.305], [-64.47, 44.185], [-64.58, 44.14], [-64.69, 44.02], [-64.825, 43.93], [-64.86, 43.87], [-65.085, 43.725], [-65.17, 43.73], [-65.235, 43.725], [-65.33, 43.67], [-65.345, 43.55], [-65.385, 43.565], [-65.43, 43.56], [-65.45, 43.525], [-65.48, 43.52], [-65.565, 43.555], [-65.66, 43.535], [-65.74, 43.56], [-65.835, 43.735], [-65.885, 43.795], [-65.98, 43.815], [-66.0, 43.78], [-66.04, 43.74], [-66.125, 43.815], [-66.195, 44.08], [-66.195, 44.145], [-66.1, 44.365], [-65.87, 44.57], [-65.94, 44.575], [-66.145, 44.435], [-66.125, 44.47], [-66.09, 44.505], [-66.02, 44.56], [-65.915, 44.615], [-65.78, 44.645], [-65.68, 44.65], [-65.615, 44.68], [-65.52, 44.735], [-65.5, 44.76], [-65.585, 44.73], [-65.73, 44.695], [-65.69, 44.74], [-65.655, 44.76], [-64.905, 45.12], [-64.75, 45.18], [-64.45, 45.255], [-64.405, 45.305], [-64.45, 45.335], [-64.33, 45.31], [-64.34, 45.27], [-64.36, 45.24], [-64.365, 45.185], [-64.355, 45.14], [-64.235, 45.115], [-64.135, 45.025], [-64.185, 45.145], [-64.095, 45.215], [-63.75, 45.31], [-63.46, 45.32], [-63.37, 45.365], [-63.615, 45.395], [-63.905, 45.38], [-64.085, 45.41], [-64.335, 45.39], [-64.6, 45.41], [-64.68, 45.385], [-64.745, 45.325], [-64.83, 45.35], [-64.875, 45.355], [-64.915, 45.375], [-64.825, 45.475], [-64.56, 45.625], [-64.395, 45.755], [-64.35, 45.785], [-64.315, 45.835], [-64.405, 45.825], [-64.48, 45.805], [-64.535, 45.865], [-64.635, 45.945], [-64.64, 45.915], [-64.595, 45.815], [-64.78, 45.64], [-64.9, 45.625], [-65.055, 45.545], [-65.28, 45.475], [-65.545, 45.335], [-65.885, 45.225], [-65.955, 45.22], [-66.11, 45.315], [-66.065, 45.36], [-66.025, 45.42], [-66.065, 45.4], [-66.09, 45.375], [-66.185, 45.335], [-66.105, 45.255], [-66.145, 45.23], [-66.25, 45.19], [-66.35, 45.135], [-66.44, 45.095], [-66.51, 45.145], [-66.705, 45.085], [-66.87, 45.065], [-66.91, 45.1], [-66.92, 45.145], [-66.975, 45.155], [-67.085, 45.145], [-67.125, 45.17]]], [[[-55.46, 51.535], [-55.53, 51.435], [-55.585, 51.39], [-55.63, 51.375], [-55.73, 51.36], [-55.94, 51.345], [-56.03, 51.33], [-56.045, 51.26], [-56.03, 51.225], [-56.0, 51.2], [-55.96, 51.19], [-55.875, 51.21], [-55.84, 51.205], [-55.815, 51.19], [-55.795, 51.165], [-55.785, 51.13], [-55.785, 51.085], [-55.8, 51.035], [-55.87, 50.905], [-55.96, 50.84], [-56.08, 50.78], [-56.105, 50.76], [-56.12, 50.735], [-56.135, 50.65], [-56.195, 50.585], [-56.38, 50.415], [-56.455, 50.38], [-56.455, 50.35], [-56.485, 50.27], [-56.54, 50.205], [-56.695, 50.06], [-56.73, 50.01], [-56.75, 49.965], [-56.745, 49.91], [-56.755, 49.885], [-56.79, 49.835], [-56.84, 49.79], [-56.85, 49.765], [-56.83, 49.725], [-56.81, 49.71], [-56.805, 49.675], [-56.82, 49.615], [-56.755, 49.65], [-56.61, 49.79], [-56.5, 49.87], [-56.43, 49.895], [-56.375, 49.935], [-56.32, 50.015], [-56.245, 50.09], [-56.18, 50.115], [-56.15, 50.1], [-56.12, 50.065], [-56.125, 50.015], [-56.165, 49.955], [-56.16, 49.94], [-56.075, 49.985], [-55.925, 50.02], [-55.875, 50.015], [-55.765, 49.96], [-55.675, 49.965], [-55.53, 49.995], [-55.505, 49.985], [-55.525, 49.935], [-55.585, 49.89], [-55.72, 49.83], [-56.04, 49.705], [-56.14, 49.62], [-56.12, 49.62], [-56.05, 49.66], [-55.98, 49.68], [-55.9, 49.68], [-55.87, 49.67], [-55.88, 49.645], [-55.89, 49.58], [-56.085, 49.45], [-56.04, 49.455], [-55.815, 49.515], [-55.68, 49.435], [-55.49, 49.46], [-55.375, 49.49], [-55.38, 49.475], [-55.355, 49.44], [-55.355, 49.38], [-55.345, 49.375], [-55.29, 49.39], [-55.28, 49.415], [-55.285, 49.515], [-55.265, 49.525], [-55.23, 49.51], [-55.205, 49.48], [-55.2, 49.41], [-55.225, 49.335], [-55.26, 49.265], [-55.34, 49.17], [-55.33, 49.125], [-55.355, 49.08], [-55.335, 49.08], [-55.25, 49.12], [-55.245, 49.14], [-55.255, 49.18], [-55.245, 49.2], [-55.175, 49.245], [-55.065, 49.295], [-55.025, 49.305], [-55.01, 49.295], [-55.015, 49.26], [-54.985, 49.27], [-54.91, 49.315], [-54.845, 49.345], [-54.78, 49.355], [-54.72, 49.39], [-54.65, 49.445], [-54.58, 49.49], [-54.5, 49.525], [-54.47, 49.53], [-54.48, 49.47], [-54.465, 49.4], [-54.465, 49.34], [-54.45, 49.33], [-54.39, 49.39], [-54.355, 49.415], [-54.315, 49.425], [-54.27, 49.42], [-53.96, 49.44], [-53.86, 49.425], [-53.755, 49.385], [-53.62, 49.32], [-53.57, 49.265], [-53.56, 49.19], [-53.575, 49.14], [-53.67, 49.08], [-53.76, 49.035], [-53.81, 48.995], [-53.825, 48.95], [-53.845, 48.925], [-53.905, 48.89], [-54.16, 48.79], [-54.1, 48.785], [-53.95, 48.805], [-53.855, 48.81], [-53.85, 48.795], [-53.885, 48.77], [-53.96, 48.74], [-53.97, 48.725], [-53.965, 48.705], [-53.885, 48.685], [-53.785, 48.695], [-53.7, 48.68], [-53.705, 48.655], [-53.775, 48.575], [-53.795, 48.525], [-53.885, 48.485], [-54.07, 48.42], [-54.115, 48.395], [-54.105, 48.39], [-53.935, 48.435], [-53.855, 48.45], [-53.8, 48.45], [-53.74, 48.495], [-53.645, 48.51], [-53.55, 48.48], [-53.41, 48.56], [-53.36, 48.575], [-53.275, 48.565], [-53.22, 48.58], [-53.125, 48.635], [-53.055, 48.66], [-53.045, 48.655], [-53.03, 48.635], [-53.02, 48.57], [-53.035, 48.515], [-53.06, 48.48], [-53.135, 48.4], [-53.18, 48.375], [-53.225, 48.365], [-53.3, 48.37], [-53.335, 48.355], [-53.405, 48.295], [-53.53, 48.23], [-53.61, 48.21], [-53.56, 48.175], [-53.54, 48.11], [-53.57, 48.09], [-53.705, 48.07], [-53.71, 48.055], [-53.76, 48.04], [-53.87, 48.02], [-53.795, 48.01], [-53.655, 48.025], [-53.64, 48.015], [-53.66, 47.97], [-53.695, 47.92], [-53.86, 47.8], [-53.865, 47.785], [-53.84, 47.725], [-53.805, 47.68], [-53.765, 47.65], [-53.67, 47.65], [-53.605, 47.66], [-53.505, 47.745], [-53.285, 48.0], [-53.085, 48.07], [-52.92, 48.145], [-52.885, 48.13], [-52.865, 48.115], [-52.87, 48.095], [-52.955, 48.03], [-53.0, 47.975], [-53.11, 47.81], [-53.155, 47.735], [-53.175, 47.655], [-53.17, 47.51], [-53.16, 47.49], [-53.12, 47.455], [-53.055, 47.485], [-52.945, 47.555], [-52.875, 47.62], [-52.815, 47.73], [-52.78, 47.77], [-52.745, 47.77], [-52.71, 47.745], [-52.705, 47.695], [-52.67, 47.62], [-52.655, 47.55], [-52.67, 47.47], [-52.685, 47.425], [-52.91, 47.105], [-52.89, 47.045], [-52.88, 47.01], [-52.89, 46.975], [-52.96, 46.82], [-53.03, 46.725], [-53.07, 46.68], [-53.115, 46.655], [-53.165, 46.645], [-53.215, 46.66], [-53.255, 46.7], [-53.29, 46.715], [-53.325, 46.72], [-53.38, 46.71], [-53.535, 46.635], [-53.57, 46.63], [-53.59, 46.64], [-53.615, 46.68], [-53.595, 46.89], [-53.58, 46.955], [-53.61, 47.01], [-53.58, 47.1], [-53.58, 47.135], [-53.595, 47.145], [-53.635, 47.14], [-53.695, 47.095], [-53.775, 47.01], [-53.86, 46.94], [-54.01, 46.84], [-54.075, 46.82], [-54.1, 46.825], [-54.135, 46.84], [-54.175, 46.88], [-54.175, 46.915], [-54.155, 46.965], [-54.095, 47.085], [-53.97, 47.26], [-53.87, 47.385], [-53.85, 47.44], [-53.88, 47.465], [-53.9, 47.51], [-53.94, 47.645], [-53.99, 47.755], [-54.045, 47.805], [-54.19, 47.86], [-54.22, 47.845], [-54.235, 47.77], [-54.405, 47.555], [-54.435, 47.46], [-54.455, 47.43], [-54.49, 47.405], [-54.565, 47.375], [-54.54, 47.425], [-54.465, 47.535], [-54.475, 47.545], [-54.575, 47.46], [-54.65, 47.41], [-54.745, 47.395], [-54.8, 47.4], [-54.855, 47.385], [-55.09, 47.175], [-55.1, 47.105], [-55.14, 47.045], [-55.255, 46.94], [-55.315, 46.905], [-55.4, 46.9], [-55.48, 46.915], [-55.53, 46.915], [-55.65, 46.88], [-55.79, 46.865], [-55.845, 46.875], [-55.88, 46.885], [-55.95, 46.93], [-55.96, 46.955], [-55.955, 46.975], [-55.92, 47.015], [-55.84, 47.07], [-55.77, 47.09], [-55.61, 47.12], [-55.49, 47.16], [-55.4, 47.22], [-55.36, 47.26], [-55.19, 47.45], [-54.975, 47.515], [-54.87, 47.57], [-54.795, 47.64], [-54.785, 47.665], [-54.89, 47.63], [-54.945, 47.62], [-55.035, 47.635], [-55.075, 47.66], [-55.195, 47.65], [-55.365, 47.66], [-55.39, 47.645], [-55.415, 47.55], [-55.435, 47.5], [-55.46, 47.485], [-55.5, 47.475], [-55.575, 47.465], [-55.775, 47.5], [-55.81, 47.515], [-55.86, 47.53], [-56.08, 47.5], [-56.125, 47.505], [-56.085, 47.525], [-55.865, 47.59], [-55.845, 47.79], [-55.86, 47.82], [-55.92, 47.79], [-56.02, 47.765], [-56.09, 47.77], [-56.12, 47.79], [-56.15, 47.775], [-56.22, 47.67], [-56.265, 47.66], [-56.325, 47.655], [-56.46, 47.615], [-56.72, 47.59], [-56.775, 47.565], [-56.95, 47.575], [-57.475, 47.63], [-57.66, 47.625], [-57.885, 47.66], [-57.925, 47.675], [-58.24, 47.67], [-58.335, 47.675], [-58.325, 47.72], [-58.335, 47.73], [-58.43, 47.685], [-58.51, 47.655], [-58.615, 47.625], [-58.94, 47.58], [-59.115, 47.57], [-59.22, 47.605], [-59.26, 47.635], [-59.32, 47.735], [-59.36, 47.865], [-59.36, 47.89], [-59.34, 47.935], [-59.27, 47.995], [-58.96, 48.16], [-58.71, 48.325], [-58.605, 48.41], [-58.505, 48.44], [-58.335, 48.515], [-58.33, 48.52], [-58.49, 48.515], [-58.605, 48.535], [-58.725, 48.54], [-58.945, 48.52], [-59.165, 48.52], [-59.17, 48.56], [-59.065, 48.63], [-58.84, 48.745], [-58.82, 48.745], [-58.885, 48.69], [-58.905, 48.65], [-58.875, 48.625], [-58.845, 48.605], [-58.715, 48.6], [-58.685, 48.62], [-58.64, 48.75], [-58.545, 48.895], [-58.495, 49.005], [-58.405, 49.085], [-58.36, 49.095], [-58.32, 49.08], [-58.185, 49.06], [-58.05, 48.99], [-58.005, 48.98], [-57.99, 48.99], [-58.04, 49.01], [-58.08, 49.045], [-58.1, 49.075], [-58.05, 49.18], [-57.99, 49.21], [-57.98, 49.23], [-58.095, 49.23], [-58.19, 49.26], [-58.22, 49.305], [-58.215, 49.385], [-58.185, 49.435], [-58.105, 49.5], [-58.015, 49.54], [-57.96, 49.53], [-57.855, 49.475], [-57.79, 49.49], [-57.8, 49.51], [-57.895, 49.6], [-57.93, 49.67], [-57.925, 49.7], [-57.71, 50.025], [-57.61, 50.2], [-57.465, 50.465], [-57.435, 50.505], [-57.36, 50.585], [-57.33, 50.605], [-57.235, 50.605], [-57.18, 50.615], [-57.265, 50.65], [-57.295, 50.675], [-57.3, 50.7], [-57.275, 50.725], [-57.24, 50.745], [-57.13, 50.785], [-57.055, 50.855], [-57.005, 50.94], [-57.015, 50.97], [-57.035, 50.995], [-57.035, 51.01], [-56.975, 51.03], [-56.825, 51.125], [-56.805, 51.145], [-56.75, 51.275], [-56.68, 51.335], [-56.62, 51.36], [-56.52, 51.4], [-56.205, 51.49], [-56.025, 51.57], [-55.9, 51.565], [-55.865, 51.51], [-55.69, 51.47], [-55.66, 51.51], [-55.7, 51.56], [-55.665, 51.58], [-55.52, 51.595], [-55.495, 51.59], [-55.455, 51.56], [-55.46, 51.535]]], [[[-86.59, 71.01], [-86.55, 70.99], [-86.32, 71.015], [-86.125, 71.05], [-85.825, 71.125], [-85.645, 71.15], [-85.095, 71.15], [-85.0, 71.135], [-85.045, 71.09], [-85.065, 71.08], [-85.05, 71.06], [-84.99, 71.03], [-84.87, 71.0], [-84.825, 71.03], [-84.79, 71.095], [-84.71, 71.36], [-84.675, 71.44], [-84.66, 71.515], [-84.66, 71.585], [-84.7, 71.63], [-84.84, 71.66], [-85.03, 71.655], [-85.13, 71.66], [-85.25, 71.675], [-85.34, 71.695], [-85.395, 71.725], [-85.51, 71.815], [-85.595, 71.865], [-85.815, 71.955], [-85.91, 71.985], [-85.86, 72.02], [-85.665, 72.065], [-85.545, 72.1], [-85.405, 72.215], [-85.32, 72.235], [-85.02, 72.22], [-84.61, 72.13], [-84.35, 72.055], [-84.285, 72.045], [-84.28, 72.06], [-84.345, 72.095], [-84.645, 72.19], [-84.78, 72.26], [-84.84, 72.31], [-84.81, 72.33], [-84.645, 72.35], [-84.625, 72.375], [-84.85, 72.405], [-84.965, 72.405], [-85.055, 72.385], [-85.155, 72.385], [-85.34, 72.42], [-85.39, 72.445], [-85.5, 72.51], [-85.555, 72.57], [-85.615, 72.605], [-85.64, 72.635], [-85.65, 72.72], [-85.645, 72.775], [-85.62, 72.82], [-85.575, 72.855], [-85.455, 72.925], [-85.39, 72.945], [-85.26, 72.955], [-84.99, 72.92], [-84.255, 72.795], [-84.275, 72.835], [-85.095, 73.005], [-85.385, 73.045], [-85.455, 73.105], [-85.02, 73.335], [-84.615, 73.39], [-84.415, 73.455], [-84.09, 73.46], [-83.78, 73.415], [-83.775, 73.43], [-83.915, 73.51], [-83.905, 73.53], [-83.73, 73.575], [-83.41, 73.63], [-83.02, 73.675], [-82.945, 73.7], [-82.845, 73.715], [-82.66, 73.73], [-82.205, 73.735], [-81.945, 73.73], [-81.605, 73.695], [-81.405, 73.635], [-81.345, 73.6], [-81.24, 73.48], [-81.15, 73.315], [-81.025, 73.245], [-80.82, 73.205], [-80.68, 73.165], [-80.605, 73.12], [-80.585, 73.065], [-80.62, 72.995], [-80.59, 72.93], [-80.5, 72.855], [-80.43, 72.815], [-80.275, 72.77], [-80.275, 72.745], [-80.325, 72.715], [-80.425, 72.68], [-80.675, 72.56], [-81.0, 72.425], [-81.23, 72.31], [-81.24, 72.28], [-80.76, 72.455], [-80.61, 72.45], [-80.605, 72.425], [-80.7, 72.34], [-80.82, 72.26], [-80.94, 72.21], [-80.92, 72.19], [-80.69, 72.105], [-80.735, 72.09], [-80.845, 72.095], [-80.89, 72.09], [-80.92, 72.07], [-80.94, 72.05], [-80.945, 72.015], [-80.925, 71.97], [-80.925, 71.94], [-80.95, 71.915], [-80.925, 71.91], [-80.86, 71.91], [-80.8, 71.93], [-80.705, 71.99], [-80.385, 72.15], [-80.18, 72.21], [-80.115, 72.215], [-79.93, 72.175], [-79.885, 72.175], [-80.09, 72.3], [-80.11, 72.33], [-80.065, 72.38], [-80.04, 72.395], [-79.925, 72.43], [-79.83, 72.445], [-79.78, 72.44], [-79.695, 72.375], [-79.655, 72.33], [-79.585, 72.315], [-79.425, 72.335], [-79.325, 72.39], [-79.195, 72.355], [-79.0, 72.27], [-79.02, 72.19], [-79.02, 72.105], [-79.01, 72.045], [-78.775, 71.93], [-78.615, 71.88], [-78.585, 71.88], [-78.59, 71.9], [-78.625, 71.935], [-78.71, 71.97], [-78.79, 72.03], [-78.865, 72.1], [-78.82, 72.265], [-78.7, 72.35], [-78.58, 72.33], [-78.43, 72.28], [-78.305, 72.275], [-78.115, 72.28], [-77.725, 72.18], [-77.515, 72.18], [-77.535, 72.22], [-77.695, 72.24], [-77.925, 72.295], [-78.285, 72.36], [-78.455, 72.435], [-78.485, 72.47], [-78.48, 72.51], [-78.46, 72.54], [-78.42, 72.57], [-78.35, 72.6], [-78.0, 72.69], [-77.755, 72.725], [-77.565, 72.735], [-77.255, 72.735], [-76.895, 72.72], [-76.7, 72.695], [-76.475, 72.635], [-76.19, 72.57], [-76.085, 72.56], [-75.97, 72.565], [-75.835, 72.575], [-75.705, 72.57], [-75.295, 72.48], [-75.185, 72.435], [-75.12, 72.38], [-75.07, 72.325], [-75.04, 72.27], [-75.055, 72.225], [-75.395, 72.04], [-75.545, 72.01], [-75.64, 71.935], [-75.785, 71.805], [-75.91, 71.73], [-75.925, 71.715], [-75.895, 71.715], [-75.82, 71.745], [-75.695, 71.84], [-75.6, 71.92], [-75.43, 71.985], [-75.15, 72.065], [-74.905, 72.1], [-74.695, 72.095], [-74.52, 72.085], [-74.375, 72.065], [-74.295, 72.05], [-74.265, 72.04], [-74.21, 71.98], [-74.215, 71.94], [-74.25, 71.895], [-74.315, 71.845], [-74.62, 71.785], [-74.79, 71.74], [-74.895, 71.725], [-75.205, 71.71], [-75.19, 71.69], [-74.96, 71.665], [-74.7, 71.675], [-74.705, 71.645], [-74.83, 71.57], [-74.87, 71.505], [-74.835, 71.45], [-74.84, 71.405], [-74.93, 71.315], [-75.035, 71.23], [-74.995, 71.22], [-74.76, 71.34], [-74.695, 71.47], [-74.6, 71.585], [-74.49, 71.65], [-74.405, 71.675], [-74.14, 71.68], [-73.99, 71.75], [-73.865, 71.77], [-73.815, 71.77], [-73.705, 71.745], [-73.715, 71.72], [-73.87, 71.6], [-74.195, 71.405], [-74.065, 71.425], [-73.975, 71.475], [-73.85, 71.52], [-73.715, 71.59], [-73.62, 71.525], [-73.48, 71.48], [-73.4, 71.375], [-73.26, 71.32], [-73.18, 71.285], [-73.19, 71.35], [-73.31, 71.485], [-73.28, 71.54], [-73.185, 71.565], [-72.9, 71.68], [-72.705, 71.64], [-72.58, 71.605], [-72.52, 71.615], [-72.365, 71.61], [-72.115, 71.595], [-71.875, 71.56], [-71.64, 71.515], [-71.46, 71.465], [-71.335, 71.405], [-71.255, 71.36], [-71.23, 71.34], [-71.185, 71.28], [-71.22, 71.24], [-71.395, 71.145], [-71.495, 71.105], [-71.595, 71.085], [-71.855, 71.105], [-71.94, 71.095], [-72.025, 71.065], [-72.3, 70.94], [-72.45, 70.885], [-72.6, 70.85], [-72.635, 70.83], [-72.315, 70.835], [-72.225, 70.87], [-72.15, 70.94], [-72.01, 71.015], [-71.745, 71.045], [-71.37, 70.975], [-71.185, 70.98], [-71.045, 71.05], [-70.89, 71.1], [-70.825, 71.11], [-70.79, 71.105], [-70.675, 71.05], [-70.635, 71.005], [-70.64, 70.9], [-70.655, 70.87], [-70.76, 70.79], [-71.02, 70.675], [-71.19, 70.63], [-71.38, 70.605], [-71.585, 70.565], [-71.66, 70.535], [-71.73, 70.49], [-71.8, 70.455], [-71.89, 70.43], [-71.77, 70.395], [-71.725, 70.395], [-71.685, 70.42], [-71.565, 70.505], [-71.475, 70.545], [-71.425, 70.55], [-71.375, 70.55], [-71.325, 70.53], [-71.275, 70.5], [-71.28, 70.425], [-71.43, 70.13], [-71.405, 70.13], [-71.315, 70.21], [-71.045, 70.52], [-70.98, 70.58], [-70.85, 70.645], [-70.56, 70.74], [-70.335, 70.79], [-70.085, 70.83], [-69.95, 70.845], [-69.795, 70.835], [-69.695, 70.785], [-69.56, 70.775], [-69.395, 70.79], [-69.29, 70.785], [-69.17, 70.765], [-69.065, 70.73], [-68.89, 70.685], [-68.495, 70.61], [-68.445, 70.595], [-68.4, 70.565], [-68.36, 70.525], [-68.365, 70.48], [-68.415, 70.44], [-68.485, 70.415], [-68.56, 70.405], [-68.645, 70.385], [-68.795, 70.325], [-68.845, 70.315], [-69.08, 70.29], [-69.3, 70.275], [-69.435, 70.255], [-69.7, 70.19], [-70.06, 70.07], [-70.06, 70.045], [-69.915, 70.03], [-69.795, 70.045], [-69.635, 70.13], [-69.485, 70.16], [-69.245, 70.185], [-68.92, 70.205], [-68.78, 70.205], [-68.755, 70.2], [-68.735, 70.18], [-68.725, 70.145], [-68.775, 70.1], [-68.84, 70.08], [-69.01, 69.98], [-68.895, 69.955], [-68.745, 69.94], [-68.655, 69.97], [-68.58, 70.03], [-68.49, 70.065], [-68.39, 70.07], [-68.305, 70.085], [-68.23, 70.11], [-68.21, 70.13], [-68.32, 70.16], [-68.325, 70.18], [-68.285, 70.23], [-68.205, 70.28], [-68.12, 70.315], [-68.06, 70.315], [-67.855, 70.28], [-67.715, 70.22], [-67.365, 70.035], [-67.32, 70.0], [-67.195, 69.86], [-67.175, 69.8], [-67.195, 69.755], [-67.22, 69.73], [-67.26, 69.72], [-67.335, 69.72], [-67.805, 69.775], [-68.02, 69.77], [-68.115, 69.755], [-68.19, 69.73], [-68.25, 69.7], [-68.29, 69.665], [-68.37, 69.645], [-68.67, 69.645], [-68.835, 69.625], [-69.125, 69.575], [-69.23, 69.545], [-69.25, 69.51], [-69.075, 69.52], [-68.785, 69.565], [-68.515, 69.575], [-68.06, 69.475], [-67.91, 69.46], [-67.825, 69.475], [-67.725, 69.48], [-67.36, 69.475], [-67.235, 69.46], [-67.055, 69.42], [-66.77, 69.335], [-66.715, 69.31], [-66.685, 69.285], [-66.675, 69.26], [-66.68, 69.19], [-66.705, 69.17], [-66.805, 69.155], [-67.21, 69.17], [-67.33, 69.185], [-67.485, 69.165], [-67.605, 69.175], [-67.765, 69.2], [-67.94, 69.25], [-68.2, 69.205], [-68.405, 69.23], [-68.62, 69.205], [-69.04, 69.1], [-68.995, 69.08], [-68.415, 69.17], [-68.305, 69.165], [-68.12, 69.135], [-67.835, 69.065], [-67.75, 69.04], [-67.75, 68.935], [-67.795, 68.865], [-67.885, 68.785], [-68.015, 68.795], [-68.325, 68.845], [-68.45, 68.85], [-68.545, 68.845], [-68.665, 68.81], [-68.725, 68.81], [-69.22, 68.875], [-69.33, 68.875], [-69.345, 68.87], [-69.32, 68.855], [-68.87, 68.76], [-68.54, 68.75], [-68.335, 68.735], [-68.21, 68.705], [-68.15, 68.68], [-68.15, 68.615], [-68.04, 68.55], [-67.94, 68.525], [-67.875, 68.525], [-67.765, 68.545], [-67.655, 68.55], [-67.565, 68.535], [-67.455, 68.5], [-67.32, 68.49], [-67.2, 68.465], [-67.11, 68.46], [-66.855, 68.47], [-66.745, 68.46], [-66.715, 68.445], [-66.76, 68.425], [-66.995, 68.375], [-67.035, 68.325], [-66.9, 68.265], [-66.83, 68.215], [-66.835, 68.18], [-66.905, 68.1], [-66.925, 68.065], [-66.9, 68.065], [-66.73, 68.13], [-66.7, 68.12], [-66.685, 68.03], [-66.665, 68.035], [-66.605, 68.11], [-66.63, 68.21], [-66.53, 68.25], [-66.21, 68.28], [-66.265, 68.125], [-66.275, 68.04], [-66.415, 67.905], [-66.53, 67.86], [-66.525, 67.85], [-66.445, 67.835], [-66.39, 67.83], [-66.345, 67.855], [-66.225, 67.96], [-65.985, 68.07], [-65.94, 68.07], [-65.945, 68.03], [-65.975, 67.955], [-65.865, 67.925], [-65.76, 67.955], [-65.7, 67.985], [-65.57, 67.98], [-65.51, 67.97], [-65.49, 67.935], [-65.55, 67.8], [-65.54, 67.765], [-65.4, 67.675], [-65.385, 67.68], [-65.415, 67.725], [-65.44, 67.83], [-65.415, 67.88], [-65.3, 67.94], [-65.065, 68.025], [-64.975, 68.045], [-64.92, 68.03], [-64.835, 67.99], [-64.865, 67.965], [-64.955, 67.94], [-65.025, 67.89], [-65.07, 67.825], [-65.02, 67.79], [-64.83, 67.785], [-64.64, 67.84], [-64.53, 67.815], [-64.395, 67.74], [-64.155, 67.625], [-64.02, 67.655], [-63.85, 67.565], [-64.075, 67.495], [-64.01, 67.345], [-64.305, 67.355], [-64.47, 67.34], [-64.58, 67.355], [-64.7, 67.35], [-64.59, 67.315], [-64.375, 67.3], [-64.355, 67.255], [-64.19, 67.255], [-64.065, 67.265], [-63.835, 67.265], [-63.825, 67.315], [-63.675, 67.345], [-63.59, 67.38], [-63.52, 67.36], [-63.315, 67.335], [-63.04, 67.235], [-63.16, 67.175], [-63.195, 67.115], [-63.235, 67.07], [-63.26, 67.025], [-63.305, 66.995], [-63.7, 66.82], [-63.635, 66.82], [-63.47, 66.86], [-63.145, 66.925], [-62.96, 66.95], [-62.835, 66.935], [-62.77, 66.93], [-62.71, 66.955], [-62.605, 66.93], [-62.38, 66.905], [-62.125, 67.045], [-61.97, 67.02], [-61.825, 66.93], [-61.515, 66.78], [-61.355, 66.69], [-61.3, 66.65], [-61.305, 66.61], [-61.455, 66.565], [-61.53, 66.56], [-61.725, 66.64], [-61.905, 66.68], [-62.015, 66.675], [-62.125, 66.645], [-62.09, 66.625], [-61.655, 66.505], [-61.575, 66.41], [-61.57, 66.375], [-61.865, 66.315], [-61.955, 66.31], [-62.16, 66.34], [-62.275, 66.39], [-62.375, 66.41], [-62.51, 66.415], [-62.555, 66.405], [-62.405, 66.315], [-62.42, 66.29], [-62.495, 66.27], [-62.535, 66.225], [-62.24, 66.15], [-62.025, 66.07], [-61.99, 66.035], [-62.14, 66.01], [-62.245, 66.005], [-62.47, 66.015], [-62.59, 66.035], [-62.625, 66.015], [-62.495, 65.975], [-62.45, 65.945], [-62.41, 65.905], [-62.39, 65.87], [-62.38, 65.835], [-62.485, 65.805], [-62.61, 65.725], [-62.66, 65.64], [-62.77, 65.63], [-62.815, 65.65], [-62.97, 65.62], [-63.17, 65.655], [-63.24, 65.695], [-63.46, 65.855], [-63.465, 65.835], [-63.41, 65.755], [-63.42, 65.71], [-63.65, 65.675], [-63.65, 65.66], [-63.51, 65.635], [-63.335, 65.615], [-63.365, 65.545], [-63.365, 65.23], [-63.4, 65.12], [-63.485, 65.02], [-63.605, 64.93], [-63.735, 64.99], [-63.79, 65.05], [-63.835, 65.085], [-63.895, 65.11], [-63.975, 65.12], [-64.06, 65.12], [-64.15, 65.065], [-64.25, 65.115], [-64.345, 65.17], [-64.31, 65.325], [-64.27, 65.4], [-64.285, 65.4], [-64.34, 65.365], [-64.47, 65.255], [-64.555, 65.115], [-64.665, 65.17], [-64.765, 65.235], [-64.845, 65.3], [-64.98, 65.375], [-65.11, 65.465], [-65.175, 65.57], [-65.205, 65.59], [-65.28, 65.675], [-65.31, 65.7], [-65.335, 65.71], [-65.4, 65.765], [-65.38, 65.82], [-65.275, 65.89], [-65.185, 65.94], [-65.03, 65.99], [-64.855, 66.015], [-64.775, 66.08], [-64.675, 66.195], [-64.565, 66.27], [-64.445, 66.315], [-64.505, 66.325], [-64.655, 66.285], [-64.76, 66.23], [-64.885, 66.135], [-65.005, 66.08], [-65.305, 66.01], [-65.415, 65.995], [-65.545, 65.985], [-65.825, 65.995], [-65.89, 66.02], [-65.855, 66.085], [-65.655, 66.205], [-65.69, 66.215], [-65.76, 66.17], [-65.855, 66.14], [-65.94, 66.125], [-66.065, 66.135], [-66.21, 66.205], [-66.275, 66.23], [-66.42, 66.255], [-66.475, 66.28], [-66.71, 66.46], [-66.76, 66.51], [-66.785, 66.555], [-66.865, 66.595], [-66.985, 66.625], [-67.015, 66.62], [-66.97, 66.58], [-66.97, 66.545], [-67.075, 66.525], [-67.19, 66.535], [-67.305, 66.57], [-67.32, 66.52], [-67.19, 66.435], [-67.19, 66.32], [-67.225, 66.31], [-67.31, 66.305], [-67.37, 66.315], [-67.56, 66.4], [-67.74, 66.46], [-67.87, 66.49], [-67.885, 66.465], [-67.8, 66.365], [-67.705, 66.27], [-67.545, 66.185], [-67.295, 66.09], [-67.185, 66.035], [-67.275, 65.955], [-67.35, 65.93], [-67.4, 65.92], [-67.55, 65.92], [-67.83, 65.965], [-67.96, 66.015], [-68.145, 66.13], [-68.46, 66.25], [-68.53, 66.25], [-68.75, 66.2], [-68.715, 66.19], [-68.57, 66.19], [-68.465, 66.175], [-68.215, 66.08], [-68.2, 66.04], [-68.26, 65.995], [-68.255, 65.94], [-68.185, 65.87], [-68.115, 65.83], [-67.97, 65.795], [-67.895, 65.795], [-67.865, 65.775], [-67.955, 65.625], [-67.96, 65.58], [-67.935, 65.565], [-67.905, 65.565], [-67.715, 65.625], [-67.64, 65.64], [-67.57, 65.645], [-67.49, 65.625], [-67.4, 65.59], [-67.345, 65.55], [-67.33, 65.51], [-67.305, 65.485], [-67.12, 65.44], [-67.135, 65.42], [-67.325, 65.355], [-67.335, 65.345], [-67.3, 65.34], [-67.18, 65.305], [-67.065, 65.245], [-67.0, 65.175], [-66.985, 65.14], [-66.985, 65.105], [-66.97, 65.085], [-66.91, 65.08], [-66.89, 65.095], [-66.86, 65.09], [-66.83, 65.075], [-66.8, 65.02], [-66.735, 64.86], [-66.695, 64.815], [-66.675, 64.815], [-66.665, 64.975], [-66.635, 65.0], [-66.52, 64.97], [-66.345, 64.91], [-66.225, 64.855], [-66.21, 64.83], [-66.3, 64.78], [-66.28, 64.755], [-66.215, 64.72], [-66.15, 64.735], [-66.11, 64.79], [-66.03, 64.845], [-65.94, 64.885], [-65.77, 64.855], [-65.625, 64.77], [-65.605, 64.74], [-65.515, 64.705], [-65.43, 64.725], [-65.275, 64.63], [-65.35, 64.59], [-65.515, 64.525], [-65.53, 64.505], [-65.49, 64.51], [-65.18, 64.51], [-65.095, 64.485], [-65.075, 64.435], [-65.215, 64.305], [-65.34, 64.315], [-65.505, 64.32], [-65.595, 64.31], [-65.58, 64.295], [-65.35, 64.23], [-65.28, 64.18], [-65.195, 64.13], [-65.15, 64.085], [-65.15, 64.07], [-65.185, 64.04], [-65.17, 64.03], [-65.01, 64.01], [-64.91, 64.025], [-64.79, 64.035], [-64.68, 64.03], [-64.67, 64.01], [-64.685, 63.96], [-64.8, 63.915], [-64.77, 63.905], [-64.635, 63.92], [-64.575, 63.895], [-64.5, 63.79], [-64.41, 63.705], [-64.48, 63.685], [-64.56, 63.68], [-64.55, 63.575], [-64.5, 63.465], [-64.5, 63.36], [-64.515, 63.265], [-64.585, 63.245], [-64.665, 63.245], [-64.695, 63.27], [-64.885, 63.55], [-64.935, 63.6], [-64.99, 63.645], [-65.19, 63.765], [-65.185, 63.745], [-65.135, 63.69], [-65.09, 63.605], [-65.03, 63.44], [-65.005, 63.335], [-65.015, 63.295], [-65.06, 63.285], [-65.07, 63.265], [-65.05, 63.235], [-64.895, 63.125], [-64.82, 63.06], [-64.765, 62.99], [-64.72, 62.945], [-64.67, 62.92], [-64.685, 62.9], [-64.75, 62.885], [-64.87, 62.88], [-64.925, 62.89], [-65.135, 62.95], [-65.165, 62.935], [-65.045, 62.7], [-65.05, 62.645], [-65.11, 62.625], [-65.18, 62.65], [-65.265, 62.715], [-65.395, 62.79], [-65.57, 62.87], [-65.74, 62.93], [-65.78, 62.93], [-65.805, 62.91], [-65.835, 62.91], [-65.865, 62.92], [-65.92, 62.97], [-65.98, 63.0], [-66.225, 63.105], [-66.25, 63.11], [-66.225, 63.075], [-66.2, 63.005], [-66.23, 62.99], [-66.295, 62.995], [-66.415, 63.025], [-66.495, 63.095], [-66.6, 63.22], [-66.655, 63.265], [-66.66, 63.235], [-66.63, 63.12], [-66.635, 63.08], [-66.695, 63.07], [-66.725, 63.08], [-66.75, 63.11], [-66.775, 63.16], [-66.83, 63.2], [-66.925, 63.23], [-66.975, 63.255], [-67.0, 63.305], [-67.02, 63.315], [-67.18, 63.305], [-67.26, 63.34], [-67.495, 63.48], [-67.71, 63.635], [-67.845, 63.715], [-67.895, 63.735], [-67.82, 63.635], [-67.745, 63.49], [-67.725, 63.425], [-67.76, 63.42], [-67.84, 63.45], [-68.245, 63.635], [-68.495, 63.725], [-68.635, 63.74], [-68.86, 63.75], [-68.91, 63.705], [-68.79, 63.595], [-68.67, 63.515], [-68.555, 63.46], [-68.375, 63.35], [-68.21, 63.215], [-68.14, 63.17], [-67.915, 63.115], [-67.795, 63.1], [-67.675, 63.095], [-67.665, 63.075], [-67.725, 63.035], [-67.735, 63.01], [-67.47, 62.95], [-67.365, 62.915], [-67.27, 62.86], [-67.215, 62.845], [-66.98, 62.7], [-66.92, 62.68], [-66.715, 62.63], [-66.645, 62.6], [-66.53, 62.51], [-66.46, 62.465], [-66.355, 62.35], [-66.28, 62.305], [-66.095, 62.245], [-66.015, 62.23], [-65.98, 62.21], [-66.005, 62.16], [-66.025, 62.135], [-66.135, 62.1], [-66.115, 62.055], [-66.055, 61.965], [-66.06, 61.915], [-66.125, 61.895], [-66.255, 61.87], [-66.325, 61.87], [-66.425, 61.89], [-66.55, 61.925], [-66.805, 62.015], [-67.18, 62.075], [-67.32, 62.105], [-67.37, 62.135], [-67.44, 62.15], [-68.38, 62.235], [-68.535, 62.255], [-68.635, 62.28], [-68.725, 62.32], [-69.08, 62.405], [-69.125, 62.425], [-69.365, 62.57], [-69.545, 62.745], [-69.605, 62.77], [-69.8, 62.79], [-69.96, 62.775], [-70.07, 62.755], [-70.235, 62.765], [-70.345, 62.79], [-70.57, 62.87], [-70.8, 62.91], [-71.0, 62.98], [-71.105, 63.0], [-71.095, 63.02], [-70.945, 63.12], [-70.995, 63.12], [-71.255, 63.045], [-71.345, 63.065], [-71.5, 63.125], [-71.615, 63.185], [-71.855, 63.355], [-71.99, 63.415], [-71.975, 63.43], [-71.82, 63.435], [-71.695, 63.43], [-71.615, 63.445], [-71.455, 63.51], [-71.385, 63.555], [-71.38, 63.58], [-71.515, 63.585], [-71.54, 63.6], [-71.565, 63.625], [-71.625, 63.665], [-71.725, 63.705], [-71.84, 63.725], [-72.225, 63.71], [-72.29, 63.73], [-72.29, 63.755], [-72.215, 63.84], [-72.17, 63.87], [-72.16, 63.89], [-72.175, 63.895], [-72.225, 63.89], [-72.45, 63.82], [-72.5, 63.825], [-72.585, 63.9], [-72.64, 63.99], [-72.68, 64.02], [-72.73, 64.03], [-72.915, 64.115], [-73.175, 64.28], [-73.27, 64.335], [-73.375, 64.38], [-73.455, 64.4], [-73.445, 64.425], [-73.28, 64.56], [-73.27, 64.585], [-73.415, 64.575], [-73.625, 64.605], [-73.73, 64.57], [-73.795, 64.565], [-73.87, 64.585], [-73.91, 64.58], [-73.95, 64.465], [-73.98, 64.44], [-74.025, 64.425], [-74.065, 64.425], [-74.1, 64.445], [-74.1, 64.47], [-74.13, 64.61], [-74.205, 64.63], [-74.415, 64.635], [-74.46, 64.645], [-74.51, 64.67], [-74.555, 64.715], [-74.595, 64.785], [-74.635, 64.825], [-74.68, 64.83], [-74.72, 64.825], [-74.75, 64.805], [-74.815, 64.795], [-74.915, 64.79], [-74.92, 64.765], [-74.825, 64.715], [-74.73, 64.645], [-74.64, 64.555], [-74.695, 64.495], [-74.895, 64.465], [-75.065, 64.455], [-75.215, 64.47], [-75.33, 64.49], [-75.49, 64.54], [-75.715, 64.525], [-75.765, 64.39], [-75.815, 64.385], [-76.03, 64.39], [-76.12, 64.375], [-76.405, 64.305], [-76.495, 64.295], [-76.56, 64.3], [-76.625, 64.285], [-76.725, 64.24], [-76.855, 64.24], [-77.025, 64.27], [-77.165, 64.285], [-77.285, 64.28], [-77.405, 64.3], [-77.525, 64.345], [-77.63, 64.365], [-77.76, 64.36], [-77.79, 64.365], [-77.985, 64.46], [-78.045, 64.5], [-78.175, 64.62], [-78.2, 64.665], [-78.2, 64.715], [-78.19, 64.75], [-78.145, 64.81], [-78.095, 64.94], [-78.055, 64.985], [-77.995, 65.025], [-77.875, 65.075], [-77.445, 65.16], [-77.36, 65.195], [-77.365, 65.22], [-77.46, 65.33], [-77.46, 65.355], [-77.43, 65.37], [-77.36, 65.435], [-77.325, 65.455], [-77.25, 65.465], [-77.095, 65.43], [-76.96, 65.42], [-76.78, 65.415], [-76.48, 65.37], [-76.065, 65.285], [-75.83, 65.225], [-75.65, 65.14], [-75.52, 65.055], [-75.5, 65.015], [-75.56, 64.945], [-75.59, 64.93], [-75.59, 64.905], [-75.555, 64.88], [-75.45, 64.84], [-75.425, 64.855], [-75.435, 64.9], [-75.415, 64.94], [-75.365, 64.97], [-75.355, 65.01], [-75.395, 65.06], [-75.445, 65.1], [-75.505, 65.135], [-75.775, 65.255], [-75.8, 65.3], [-75.71, 65.315], [-75.315, 65.275], [-75.165, 65.285], [-75.11, 65.33], [-75.05, 65.365], [-74.98, 65.38], [-74.85, 65.39], [-74.665, 65.365], [-74.575, 65.365], [-74.495, 65.37], [-74.39, 65.4], [-74.235, 65.485], [-74.14, 65.505], [-73.99, 65.515], [-73.88, 65.52], [-73.675, 65.485], [-73.55, 65.485], [-73.56, 65.545], [-73.645, 65.655], [-73.745, 65.765], [-73.825, 65.805], [-74.035, 65.875], [-74.275, 66.015], [-74.4, 66.095], [-74.435, 66.14], [-74.415, 66.165], [-74.375, 66.21], [-73.935, 66.36], [-73.585, 66.505], [-73.43, 66.585], [-73.355, 66.635], [-73.28, 66.675], [-73.2, 66.7], [-73.035, 66.73], [-72.985, 66.765], [-72.975, 66.83], [-72.945, 66.885], [-72.79, 67.03], [-72.67, 67.07], [-72.485, 67.1], [-72.365, 67.135], [-72.22, 67.255], [-72.235, 67.285], [-72.3, 67.305], [-72.355, 67.34], [-72.575, 67.66], [-72.725, 67.81], [-72.905, 67.945], [-73.065, 68.105], [-73.33, 68.265], [-73.33, 68.31], [-73.285, 68.355], [-73.305, 68.37], [-73.58, 68.3], [-73.645, 68.295], [-73.75, 68.325], [-73.82, 68.365], [-73.88, 68.43], [-73.875, 68.465], [-73.835, 68.495], [-73.785, 68.58], [-73.78, 68.62], [-73.8, 68.66], [-73.82, 68.685], [-73.85, 68.7], [-73.935, 68.71], [-74.075, 68.715], [-74.12, 68.7], [-73.965, 68.58], [-73.99, 68.55], [-74.185, 68.535], [-74.27, 68.54], [-74.35, 68.555], [-74.42, 68.58], [-74.65, 68.71], [-74.695, 68.755], [-74.68, 68.79], [-74.7, 68.81], [-74.745, 68.795], [-74.81, 68.795], [-74.895, 68.81], [-74.91, 68.825], [-74.75, 68.89], [-74.745, 68.915], [-74.815, 68.935], [-74.925, 68.94], [-74.955, 68.96], [-74.915, 68.985], [-74.77, 69.02], [-74.715, 69.045], [-74.805, 69.065], [-74.855, 69.065], [-74.955, 69.025], [-75.105, 68.94], [-75.215, 68.91], [-75.365, 68.95], [-75.455, 68.96], [-75.525, 68.955], [-75.625, 68.89], [-75.84, 68.84], [-76.235, 68.73], [-76.405, 68.69], [-76.585, 68.7], [-76.62, 68.72], [-76.615, 68.76], [-76.605, 68.79], [-76.58, 68.815], [-76.575, 68.845], [-76.59, 68.975], [-76.555, 69.01], [-76.495, 69.03], [-76.38, 69.05], [-76.09, 69.025], [-75.955, 69.03], [-75.86, 69.06], [-75.765, 69.105], [-75.67, 69.16], [-75.65, 69.215], [-75.75, 69.3], [-75.785, 69.32], [-76.045, 69.385], [-76.19, 69.41], [-76.315, 69.42], [-76.41, 69.44], [-76.465, 69.47], [-76.52, 69.515], [-76.525, 69.55], [-76.515, 69.59], [-76.465, 69.62], [-76.23, 69.655], [-76.235, 69.66], [-76.425, 69.685], [-76.515, 69.685], [-76.59, 69.655], [-76.685, 69.59], [-76.74, 69.575], [-76.915, 69.61], [-77.02, 69.615], [-77.09, 69.635], [-77.13, 69.655], [-77.105, 69.67], [-77.02, 69.69], [-76.87, 69.745], [-76.86, 69.775], [-76.96, 69.825], [-77.015, 69.835], [-77.23, 69.855], [-77.495, 69.835], [-77.59, 69.845], [-77.635, 69.9], [-77.665, 69.965], [-77.675, 70.04], [-77.72, 70.17], [-77.775, 70.24], [-77.845, 70.245], [-78.155, 70.22], [-78.23, 70.22], [-78.285, 70.23], [-78.49, 70.315], [-78.575, 70.345], [-78.62, 70.355], [-78.775, 70.445], [-78.83, 70.465], [-78.9, 70.51], [-78.98, 70.58], [-79.065, 70.605], [-79.16, 70.575], [-79.255, 70.535], [-79.345, 70.48], [-79.395, 70.435], [-79.405, 70.4], [-79.345, 70.37], [-79.02, 70.325], [-78.935, 70.295], [-78.865, 70.24], [-78.81, 70.18], [-78.775, 70.105], [-78.78, 70.05], [-78.82, 70.01], [-78.89, 69.975], [-79.095, 69.925], [-79.305, 69.895], [-79.515, 69.89], [-79.615, 69.895], [-80.16, 69.995], [-80.26, 69.995], [-80.385, 70.01], [-80.67, 70.05], [-80.825, 70.055], [-81.1, 70.09], [-81.56, 70.11], [-81.65, 70.095], [-81.53, 70.05], [-81.42, 70.025], [-81.33, 70.025], [-81.195, 69.985], [-81.025, 69.9], [-80.925, 69.85], [-80.845, 69.79], [-80.84, 69.77], [-80.92, 69.73], [-81.565, 69.945], [-81.96, 69.87], [-82.14, 69.84], [-82.295, 69.835], [-82.49, 69.865], [-82.925, 69.97], [-83.09, 70.005], [-83.15, 70.01], [-83.53, 69.965], [-83.86, 69.965], [-84.52, 70.005], [-84.765, 70.035], [-84.83, 70.065], [-84.91, 70.08], [-85.055, 70.08], [-85.43, 70.11], [-85.78, 70.035], [-86.2, 70.105], [-86.32, 70.145], [-86.36, 70.175], [-86.485, 70.29], [-86.5, 70.35], [-86.465, 70.405], [-86.43, 70.445], [-86.395, 70.465], [-86.625, 70.4], [-86.705, 70.39], [-86.81, 70.39], [-87.12, 70.41], [-87.17, 70.4], [-87.155, 70.375], [-87.075, 70.345], [-87.065, 70.325], [-87.24, 70.31], [-87.5, 70.325], [-87.62, 70.32], [-87.67, 70.31], [-87.79, 70.26], [-87.84, 70.245], [-87.9, 70.25], [-88.18, 70.37], [-88.4, 70.44], [-88.665, 70.47], [-88.785, 70.495], [-88.85, 70.525], [-89.21, 70.76], [-89.26, 70.81], [-89.37, 70.995], [-89.41, 71.035], [-89.455, 71.06], [-89.365, 71.065], [-89.025, 71.045], [-88.695, 71.045], [-88.515, 71.03], [-88.31, 70.985], [-88.04, 70.95], [-87.845, 70.945], [-87.535, 70.955], [-87.18, 70.99], [-87.14, 71.01], [-87.37, 71.055], [-87.57, 71.11], [-87.76, 71.18], [-87.87, 71.21], [-88.06, 71.225], [-88.59, 71.24], [-89.08, 71.29], [-89.42, 71.35], [-89.695, 71.425], [-89.805, 71.46], [-89.845, 71.49], [-89.89, 71.585], [-89.935, 71.745], [-89.975, 71.85], [-90.02, 71.9], [-90.025, 71.95], [-89.93, 72.05], [-89.665, 72.16], [-89.655, 72.175], [-89.71, 72.18], [-89.825, 72.21], [-89.86, 72.25], [-89.875, 72.315], [-89.875, 72.365], [-89.86, 72.41], [-89.815, 72.47], [-89.7, 72.57], [-89.535, 72.69], [-89.36, 72.805], [-89.325, 72.84], [-89.31, 72.945], [-89.29, 73.015], [-89.265, 73.07], [-89.225, 73.11], [-89.115, 73.18], [-88.975, 73.25], [-88.76, 73.31], [-88.745, 73.335], [-88.74, 73.365], [-88.725, 73.39], [-88.705, 73.405], [-88.17, 73.595], [-87.925, 73.675], [-87.72, 73.725], [-87.47, 73.76], [-86.77, 73.835], [-86.405, 73.855], [-85.95, 73.85], [-85.11, 73.81], [-85.01, 73.78], [-84.985, 73.765], [-84.945, 73.72], [-84.975, 73.695], [-85.205, 73.605], [-85.495, 73.53], [-85.68, 73.46], [-86.0, 73.315], [-86.085, 73.26], [-86.48, 72.96], [-86.575, 72.91], [-86.63, 72.87], [-86.67, 72.765], [-86.655, 72.725], [-86.595, 72.66], [-86.38, 72.525], [-86.325, 72.46], [-86.325, 72.4], [-86.35, 72.26], [-86.35, 72.19], [-86.34, 72.125], [-86.295, 72.025], [-86.22, 71.9], [-86.035, 71.77], [-85.75, 71.64], [-85.535, 71.555], [-85.325, 71.49], [-85.08, 71.4], [-85.025, 71.355], [-85.14, 71.305], [-85.405, 71.225], [-85.755, 71.195], [-85.945, 71.165], [-86.18, 71.095], [-86.475, 71.045], [-86.59, 71.01]]], [[[-61.8, 49.095], [-62.22, 49.08], [-62.555, 49.14], [-62.8, 49.17], [-63.04, 49.225], [-63.565, 49.4], [-63.625, 49.46], [-63.675, 49.535], [-63.775, 49.6], [-63.885, 49.66], [-64.44, 49.83], [-64.485, 49.885], [-64.375, 49.925], [-64.245, 49.945], [-64.13, 49.94], [-63.76, 49.875], [-63.29, 49.815], [-63.09, 49.775], [-62.86, 49.705], [-62.635, 49.625], [-62.135, 49.405], [-62.045, 49.39], [-61.815, 49.285], [-61.735, 49.205], [-61.695, 49.14], [-61.745, 49.105], [-61.8, 49.095]]], [[[-63.81, 46.47], [-63.785, 46.455], [-63.735, 46.48], [-63.68, 46.56], [-63.535, 46.54], [-63.455, 46.505], [-63.415, 46.51], [-63.37, 46.51], [-63.285, 46.46], [-63.13, 46.42], [-62.965, 46.43], [-62.71, 46.45], [-62.68, 46.46], [-62.425, 46.48], [-62.165, 46.485], [-62.075, 46.465], [-62.04, 46.445], [-62.025, 46.42], [-62.17, 46.355], [-62.32, 46.28], [-62.525, 46.205], [-62.55, 46.165], [-62.54, 46.1], [-62.545, 46.03], [-62.505, 46.025], [-62.48, 46.0], [-62.53, 45.975], [-62.745, 45.965], [-62.805, 45.975], [-62.88, 46.0], [-62.905, 46.07], [-62.995, 46.06], [-63.02, 46.065], [-62.895, 46.125], [-62.955, 46.195], [-63.015, 46.19], [-63.055, 46.225], [-63.055, 46.27], [-62.995, 46.29], [-62.98, 46.315], [-63.055, 46.295], [-63.115, 46.255], [-63.195, 46.235], [-63.27, 46.2], [-63.155, 46.19], [-63.215, 46.16], [-63.275, 46.155], [-63.57, 46.21], [-63.64, 46.23], [-63.73, 46.29], [-63.8, 46.365], [-63.765, 46.37], [-63.75, 46.385], [-63.76, 46.4], [-63.86, 46.41], [-64.02, 46.405], [-64.11, 46.425], [-64.105, 46.56], [-64.135, 46.6], [-64.235, 46.63], [-64.39, 46.64], [-64.405, 46.69], [-64.355, 46.77], [-64.28, 46.835], [-64.225, 46.9], [-64.155, 46.955], [-63.995, 47.06], [-63.995, 46.98], [-63.98, 46.915], [-64.09, 46.775], [-63.905, 46.64], [-63.88, 46.61], [-63.865, 46.57], [-63.875, 46.54], [-63.905, 46.51], [-63.835, 46.495], [-63.81, 46.47]]], [[[-82.0, 62.955], [-81.96, 62.925], [-81.95, 62.885], [-81.965, 62.83], [-81.99, 62.775], [-82.025, 62.73], [-82.115, 62.65], [-82.39, 62.52], [-82.49, 62.445], [-82.57, 62.405], [-83.015, 62.21], [-83.07, 62.2], [-83.13, 62.205], [-83.25, 62.235], [-83.375, 62.24], [-83.7, 62.16], [-83.715, 62.175], [-83.73, 62.255], [-83.76, 62.305], [-83.905, 62.4], [-83.91, 62.425], [-83.91, 62.455], [-83.9, 62.475], [-83.74, 62.57], [-83.375, 62.905], [-83.29, 62.92], [-83.11, 62.885], [-83.025, 62.87], [-82.965, 62.875], [-82.705, 62.945], [-82.46, 62.935], [-82.235, 62.975], [-82.13, 62.98], [-82.05, 62.97], [-82.0, 62.955]]], [[[-79.545, 62.41], [-79.465, 62.385], [-79.335, 62.295], [-79.285, 62.25], [-79.27, 62.185], [-79.305, 62.105], [-79.325, 62.025], [-79.37, 61.97], [-79.46, 61.895], [-79.54, 61.81], [-79.61, 61.71], [-79.67, 61.645], [-79.715, 61.615], [-79.765, 61.595], [-79.815, 61.595], [-79.895, 61.63], [-80.005, 61.705], [-80.09, 61.745], [-80.205, 61.775], [-80.265, 61.82], [-80.275, 61.86], [-80.28, 61.99], [-80.275, 62.055], [-80.26, 62.11], [-80.235, 62.155], [-80.18, 62.215], [-80.02, 62.345], [-79.925, 62.395], [-79.87, 62.405], [-79.715, 62.395], [-79.65, 62.4], [-79.6, 62.415], [-79.545, 62.41]]], [[[-75.675, 68.325], [-75.155, 68.235], [-75.105, 68.2], [-75.08, 68.175], [-75.065, 68.14], [-75.06, 68.075], [-75.075, 68.05], [-75.125, 67.985], [-75.125, 67.965], [-75.085, 67.75], [-75.09, 67.635], [-75.125, 67.535], [-75.2, 67.46], [-75.315, 67.4], [-75.4, 67.365], [-75.78, 67.285], [-76.05, 67.26], [-76.335, 67.26], [-76.695, 67.235], [-76.86, 67.24], [-76.945, 67.25], [-77.005, 67.265], [-77.075, 67.32], [-77.155, 67.41], [-77.225, 67.51], [-77.305, 67.685], [-77.305, 67.705], [-77.23, 67.85], [-77.125, 67.945], [-76.945, 68.09], [-76.74, 68.23], [-76.69, 68.255], [-76.595, 68.28], [-76.365, 68.32], [-76.175, 68.31], [-76.09, 68.315], [-75.985, 68.33], [-75.865, 68.335], [-75.675, 68.325]]], [[[-79.535, 73.655], [-79.365, 73.64], [-78.285, 73.665], [-78.065, 73.65], [-77.38, 73.535], [-77.205, 73.5], [-77.12, 73.45], [-77.04, 73.375], [-77.005, 73.355], [-76.76, 73.31], [-76.655, 73.255], [-76.62, 73.225], [-76.57, 73.16], [-76.46, 73.12], [-76.33, 73.1], [-76.29, 73.08], [-76.31, 73.0], [-76.255, 72.96], [-76.135, 72.91], [-76.09, 72.88], [-76.185, 72.845], [-76.4, 72.82], [-77.015, 72.845], [-77.835, 72.895], [-78.315, 72.88], [-78.555, 72.86], [-79.135, 72.77], [-79.32, 72.76], [-79.5, 72.755], [-79.82, 72.825], [-79.935, 72.865], [-79.975, 72.89], [-80.05, 72.975], [-80.115, 73.08], [-80.145, 73.16], [-80.185, 73.225], [-80.295, 73.245], [-80.62, 73.27], [-80.725, 73.305], [-80.775, 73.335], [-80.825, 73.38], [-80.825, 73.43], [-80.8, 73.47], [-80.775, 73.48], [-80.735, 73.485], [-80.825, 73.535], [-80.86, 73.59], [-80.86, 73.67], [-80.85, 73.72], [-80.825, 73.745], [-80.765, 73.76], [-80.62, 73.765], [-80.41, 73.765], [-80.12, 73.705], [-79.89, 73.7], [-79.535, 73.655]]], [[[-80.73, 52.745], [-80.8, 52.735], [-81.01, 52.76], [-81.095, 52.78], [-81.35, 52.85], [-81.84, 52.96], [-82.005, 53.01], [-82.04, 53.05], [-81.95, 53.13], [-81.9, 53.165], [-81.845, 53.185], [-81.335, 53.225], [-81.135, 53.205], [-80.9, 53.035], [-80.765, 52.925], [-80.71, 52.83], [-80.71, 52.785], [-80.73, 52.745]]], [[[-78.825, 56.145], [-78.875, 56.13], [-78.915, 56.135], [-78.905, 56.165], [-78.855, 56.23], [-78.83, 56.29], [-78.82, 56.34], [-78.8, 56.385], [-78.76, 56.42], [-78.725, 56.44], [-78.67, 56.44], [-78.655, 56.315], [-78.675, 56.26], [-78.71, 56.215], [-78.76, 56.175], [-78.825, 56.145]]], [[[-78.935, 56.265], [-79.02, 56.165], [-79.085, 56.07], [-79.175, 55.885], [-79.23, 55.88], [-79.275, 55.92], [-79.14, 56.135], [-79.135, 56.16], [-79.14, 56.18], [-79.18, 56.21], [-79.22, 56.175], [-79.405, 55.935], [-79.455, 55.895], [-79.495, 55.875], [-79.525, 55.87], [-79.605, 55.875], [-79.765, 55.805], [-79.495, 56.095], [-79.495, 56.115], [-79.545, 56.13], [-79.565, 56.12], [-79.78, 55.94], [-79.905, 55.87], [-79.99, 55.89], [-80.01, 55.91], [-80.0, 55.93], [-79.79, 56.115], [-79.595, 56.245], [-79.515, 56.325], [-79.48, 56.405], [-79.47, 56.46], [-79.47, 56.525], [-79.46, 56.54], [-79.45, 56.535], [-79.435, 56.515], [-79.43, 56.445], [-79.475, 56.315], [-79.51, 56.245], [-79.555, 56.19], [-79.535, 56.18], [-79.46, 56.21], [-79.395, 56.275], [-79.34, 56.375], [-79.305, 56.465], [-79.27, 56.6], [-79.26, 56.595], [-79.245, 56.57], [-79.21, 56.55], [-79.155, 56.54], [-79.125, 56.52], [-79.1, 56.475], [-79.08, 56.455], [-78.995, 56.435], [-78.965, 56.42], [-78.94, 56.37], [-78.94, 56.345], [-78.93, 56.33], [-78.905, 56.32], [-78.935, 56.265]]], [[[-79.98, 56.205], [-80.03, 56.2], [-80.09, 56.215], [-80.055, 56.285], [-80.005, 56.32], [-79.875, 56.35], [-79.85, 56.365], [-79.81, 56.375], [-79.75, 56.375], [-79.68, 56.405], [-79.605, 56.46], [-79.58, 56.465], [-79.635, 56.385], [-79.69, 56.325], [-79.98, 56.205]]], [[[-89.835, 77.27], [-90.095, 77.21], [-90.23, 77.21], [-90.995, 77.33], [-91.145, 77.385], [-91.175, 77.425], [-91.185, 77.48], [-91.185, 77.555], [-91.15, 77.61], [-91.11, 77.625], [-91.02, 77.645], [-90.845, 77.655], [-90.675, 77.65], [-90.425, 77.63], [-90.17, 77.595], [-89.84, 77.49], [-89.72, 77.44], [-89.695, 77.38], [-89.695, 77.34], [-89.71, 77.31], [-89.745, 77.295], [-89.835, 77.27]]], [[[-104.56, 77.14], [-104.71, 77.125], [-105.015, 77.165], [-105.215, 77.18], [-105.38, 77.255], [-105.555, 77.355], [-105.695, 77.46], [-105.745, 77.525], [-105.85, 77.565], [-105.885, 77.625], [-106.065, 77.725], [-106.035, 77.74], [-105.865, 77.755], [-105.59, 77.735], [-105.455, 77.7], [-105.29, 77.64], [-105.075, 77.55], [-105.005, 77.505], [-104.995, 77.45], [-104.955, 77.42], [-104.77, 77.415], [-104.54, 77.34], [-104.5, 77.31], [-104.455, 77.25], [-104.455, 77.22], [-104.495, 77.16], [-104.56, 77.14]]], [[[-98.79, 79.98], [-98.77, 79.85], [-98.79, 79.785], [-98.84, 79.735], [-98.885, 79.725], [-98.945, 79.725], [-99.22, 79.76], [-99.3, 79.785], [-99.305, 79.805], [-99.335, 79.84], [-99.515, 79.885], [-99.855, 79.88], [-100.0, 79.885], [-100.055, 79.9], [-100.09, 79.92], [-100.125, 80.0], [-100.12, 80.03], [-100.08, 80.08], [-100.055, 80.095], [-99.805, 80.14], [-99.73, 80.145], [-99.425, 80.125], [-99.155, 80.125], [-99.015, 80.11], [-98.895, 80.08], [-98.825, 80.035], [-98.79, 79.98]]], [[[-105.29, 72.92], [-105.34, 72.915], [-105.435, 72.94], [-105.575, 72.99], [-105.8, 73.095], [-106.07, 73.195], [-106.115, 73.26], [-106.18, 73.305], [-106.525, 73.415], [-106.75, 73.46], [-106.92, 73.48], [-106.95, 73.51], [-106.83, 73.6], [-106.695, 73.67], [-106.615, 73.695], [-106.36, 73.72], [-105.51, 73.765], [-105.32, 73.765], [-105.115, 73.745], [-104.835, 73.645], [-104.72, 73.635], [-104.65, 73.615], [-104.59, 73.58], [-104.555, 73.54], [-104.55, 73.465], [-104.585, 73.355], [-104.62, 73.31], [-104.79, 73.17], [-104.97, 73.09], [-105.005, 73.04], [-105.075, 72.995], [-105.2, 72.945], [-105.29, 72.92]]], [[[-102.225, 76.015], [-102.02, 75.955], [-102.01, 75.94], [-102.045, 75.93], [-102.32, 75.895], [-102.425, 75.87], [-102.51, 75.81], [-102.58, 75.78], [-102.945, 75.765], [-103.315, 75.765], [-103.245, 75.825], [-103.04, 75.92], [-103.2, 75.96], [-103.77, 75.89], [-103.985, 75.935], [-103.8, 76.035], [-103.985, 76.045], [-104.24, 76.045], [-104.405, 76.11], [-104.35, 76.18], [-104.01, 76.225], [-103.57, 76.26], [-103.1, 76.31], [-102.73, 76.305], [-102.585, 76.28], [-102.535, 76.195], [-102.49, 76.095], [-102.425, 76.085], [-102.225, 76.015]]], [[[-104.025, 76.585], [-103.975, 76.58], [-103.82, 76.6], [-103.725, 76.6], [-103.615, 76.565], [-103.585, 76.54], [-103.19, 76.475], [-103.05, 76.45], [-103.035, 76.43], [-103.085, 76.405], [-103.2, 76.37], [-103.31, 76.35], [-103.47, 76.33], [-104.27, 76.325], [-104.36, 76.335], [-104.41, 76.365], [-104.505, 76.48], [-104.575, 76.54], [-104.605, 76.585], [-104.585, 76.605], [-104.5, 76.63], [-104.205, 76.665], [-104.075, 76.665], [-103.99, 76.655], [-103.96, 76.64], [-103.97, 76.615], [-104.025, 76.585]]], [[[-118.33, 75.58], [-118.615, 75.515], [-118.815, 75.52], [-119.085, 75.57], [-119.305, 75.585], [-119.385, 75.6], [-119.395, 75.615], [-119.32, 75.665], [-119.225, 75.7], [-119.005, 75.77], [-118.625, 75.905], [-118.38, 75.96], [-118.135, 75.995], [-117.89, 76.075], [-117.75, 76.11], [-117.635, 76.115], [-117.515, 76.1], [-117.5, 76.075], [-117.625, 75.965], [-117.715, 75.92], [-117.89, 75.805], [-118.225, 75.61], [-118.33, 75.58]]], [[[-113.83, 77.755], [-114.105, 77.72], [-114.285, 77.72], [-114.61, 77.77], [-114.98, 77.915], [-115.03, 77.97], [-114.89, 77.975], [-114.79, 77.995], [-114.725, 78.015], [-114.605, 78.04], [-114.33, 78.08], [-114.295, 78.065], [-114.305, 78.035], [-114.28, 78.005], [-114.18, 78.0], [-114.085, 77.98], [-113.9, 77.915], [-113.77, 77.905], [-113.72, 77.89], [-113.695, 77.87], [-113.62, 77.83], [-113.62, 77.815], [-113.725, 77.775], [-113.83, 77.755]]], [[[-130.925, 54.48], [-130.95, 54.48], [-130.96, 54.5], [-130.955, 54.54], [-130.92, 54.615], [-130.905, 54.63], [-130.775, 54.62], [-130.76, 54.615], [-130.755, 54.6], [-130.765, 54.575], [-130.805, 54.545], [-130.925, 54.48]]], [[[-131.03, 51.96], [-131.045, 51.96], [-131.08, 51.98], [-131.105, 52.015], [-131.115, 52.1], [-131.105, 52.135], [-131.1, 52.15], [-131.01, 52.095], [-131.03, 51.96]]], [[[-130.235, 53.96], [-130.265, 53.925], [-130.34, 53.865], [-130.385, 53.845], [-130.405, 53.855], [-130.47, 53.86], [-130.54, 53.92], [-130.59, 53.94], [-130.625, 53.94], [-130.64, 53.92], [-130.645, 53.895], [-130.64, 53.86], [-130.645, 53.845], [-130.665, 53.85], [-130.685, 53.865], [-130.705, 53.89], [-130.705, 53.92], [-130.695, 53.95], [-130.645, 53.99], [-130.495, 54.075], [-130.45, 54.09], [-130.395, 54.085], [-130.315, 54.045], [-130.3, 54.035], [-130.235, 53.96]]], [[[-129.85, 53.17], [-129.87, 53.165], [-129.935, 53.175], [-130.15, 53.345], [-130.305, 53.405], [-130.41, 53.49], [-130.52, 53.545], [-130.45, 53.63], [-130.395, 53.62], [-130.195, 53.55], [-130.035, 53.48], [-129.945, 53.435], [-129.755, 53.245], [-129.77, 53.215], [-129.85, 53.17]]], [[[-130.575, 54.77], [-130.495, 54.835], [-130.315, 54.945], [-130.215, 55.025], [-130.205, 54.945], [-130.35, 54.815], [-130.535, 54.75], [-130.575, 54.77]]], [[[-128.55, 52.94], [-128.505, 52.62], [-128.51, 52.52], [-128.575, 52.45], [-128.625, 52.34], [-128.68, 52.29], [-128.73, 52.355], [-128.735, 52.47], [-128.75, 52.555], [-128.765, 52.6], [-128.745, 52.765], [-128.77, 52.75], [-128.83, 52.68], [-128.9, 52.675], [-129.025, 52.755], [-129.085, 52.82], [-129.095, 52.89], [-129.175, 52.965], [-129.185, 52.99], [-129.18, 53.02], [-129.11, 53.09], [-129.085, 53.14], [-129.06, 53.24], [-129.035, 53.28], [-128.97, 53.275], [-128.86, 53.23], [-128.74, 53.18], [-128.635, 53.11], [-128.55, 52.94]]], [[[-126.09, 49.355], [-126.065, 49.265], [-126.185, 49.28], [-126.23, 49.295], [-126.23, 49.34], [-126.21, 49.38], [-126.115, 49.365], [-126.09, 49.355]]], [[[-124.155, 49.53], [-124.14, 49.51], [-124.36, 49.59], [-124.455, 49.635], [-124.495, 49.665], [-124.52, 49.685], [-124.63, 49.735], [-124.65, 49.76], [-124.625, 49.775], [-124.545, 49.765], [-124.42, 49.73], [-124.31, 49.665], [-124.155, 49.53]]], [[[-126.64, 49.605], [-126.68, 49.6], [-126.745, 49.615], [-126.815, 49.64], [-126.94, 49.72], [-126.95, 49.735], [-126.94, 49.75], [-126.905, 49.765], [-126.895, 49.785], [-126.925, 49.84], [-126.825, 49.87], [-126.74, 49.845], [-126.7, 49.81], [-126.65, 49.745], [-126.63, 49.675], [-126.625, 49.625], [-126.64, 49.605]]], [[[-125.185, 50.095], [-125.195, 50.045], [-125.26, 50.13], [-125.36, 50.31], [-125.345, 50.355], [-125.3, 50.415], [-125.26, 50.42], [-125.195, 50.39], [-125.14, 50.34], [-125.125, 50.32], [-125.09, 50.27], [-125.075, 50.22], [-125.115, 50.165], [-125.185, 50.095]]], [[[-128.935, 52.51], [-128.97, 52.465], [-129.1, 52.575], [-129.15, 52.605], [-129.25, 52.72], [-129.27, 52.77], [-129.265, 52.8], [-129.245, 52.81], [-129.215, 52.805], [-129.185, 52.79], [-128.995, 52.66], [-128.94, 52.6], [-128.935, 52.51]]], [[[-127.925, 51.475], [-127.94, 51.455], [-127.98, 51.455], [-128.045, 51.475], [-128.09, 51.51], [-128.15, 51.625], [-128.14, 51.645], [-128.125, 51.665], [-128.03, 51.71], [-128.0, 51.705], [-127.985, 51.675], [-127.935, 51.605], [-127.915, 51.585], [-127.915, 51.505], [-127.925, 51.475]]], [[[-128.37, 52.4], [-128.445, 52.39], [-128.42, 52.44], [-128.41, 52.475], [-128.425, 52.505], [-128.435, 52.56], [-128.44, 52.695], [-128.365, 52.78], [-128.245, 52.785], [-128.25, 52.74], [-128.3, 52.55], [-128.325, 52.46], [-128.345, 52.425], [-128.37, 52.4]]], [[[-129.315, 52.99], [-129.33, 52.985], [-129.37, 53.0], [-129.41, 53.025], [-129.48, 53.1], [-129.5, 53.13], [-129.515, 53.18], [-129.5, 53.19], [-129.47, 53.185], [-129.45, 53.175], [-129.345, 53.055], [-129.315, 52.99]]], [[[-129.17, 53.12], [-129.175, 53.11], [-129.275, 53.11], [-129.305, 53.12], [-129.325, 53.14], [-129.33, 53.175], [-129.315, 53.21], [-129.255, 53.285], [-129.25, 53.315], [-129.24, 53.33], [-129.195, 53.295], [-129.175, 53.26], [-129.17, 53.12]]], [[[-123.435, 48.755], [-123.475, 48.73], [-123.5, 48.73], [-123.52, 48.75], [-123.58, 48.925], [-123.555, 48.92], [-123.47, 48.865], [-123.49, 48.845], [-123.425, 48.795], [-123.405, 48.755], [-123.435, 48.755]]], [[[-59.79, 43.94], [-59.92, 43.905], [-60.04, 43.905], [-60.115, 43.94], [-60.115, 43.955], [-59.935, 43.94], [-59.865, 43.945], [-59.725, 44.005], [-59.79, 43.94]]], [[[-60.96, 45.49], [-61.005, 45.48], [-61.01, 45.495], [-61.075, 45.535], [-61.08, 45.56], [-61.025, 45.575], [-60.91, 45.565], [-60.955, 45.515], [-60.96, 45.49]]], [[[-61.915, 47.285], [-61.88, 47.265], [-61.815, 47.27], [-61.775, 47.26], [-61.835, 47.225], [-61.95, 47.22], [-62.01, 47.235], [-61.925, 47.425], [-61.825, 47.47], [-61.63, 47.595], [-61.55, 47.63], [-61.475, 47.645], [-61.395, 47.64], [-61.475, 47.565], [-61.58, 47.56], [-61.685, 47.5], [-61.75, 47.43], [-61.83, 47.39], [-61.885, 47.345], [-61.915, 47.285]]], [[[-64.51, 47.885], [-64.535, 47.815], [-64.62, 47.75], [-64.665, 47.75], [-64.685, 47.755], [-64.66, 47.795], [-64.665, 47.865], [-64.59, 47.87], [-64.565, 47.865], [-64.51, 47.885]]], [[[-64.475, 47.96], [-64.59, 47.905], [-64.54, 47.985], [-64.52, 48.005], [-64.5, 48.015], [-64.48, 48.005], [-64.475, 47.96]]], [[[-66.275, 44.29], [-66.325, 44.255], [-66.31, 44.29], [-66.25, 44.38], [-66.21, 44.39], [-66.275, 44.29]]], [[[-66.76, 44.68], [-66.895, 44.63], [-66.845, 44.765], [-66.8, 44.805], [-66.745, 44.79], [-66.755, 44.71], [-66.76, 44.68]]], [[[-73.565, 45.47], [-73.645, 45.45], [-73.775, 45.47], [-73.92, 45.44], [-73.96, 45.44], [-73.855, 45.515], [-73.685, 45.56], [-73.52, 45.7], [-73.475, 45.705], [-73.54, 45.545], [-73.55, 45.49], [-73.565, 45.47]]], [[[-73.695, 45.585], [-73.815, 45.565], [-73.86, 45.575], [-73.725, 45.67], [-73.57, 45.695], [-73.695, 45.585]]], [[[-71.025, 46.875], [-71.115, 46.865], [-71.095, 46.9], [-70.97, 46.96], [-70.88, 46.995], [-70.825, 46.995], [-70.915, 46.92], [-71.025, 46.875]]], [[[-55.535, 50.72], [-55.57, 50.71], [-55.6, 50.71], [-55.63, 50.72], [-55.635, 50.74], [-55.605, 50.78], [-55.525, 50.8], [-55.47, 50.795], [-55.475, 50.775], [-55.505, 50.74], [-55.535, 50.72]]], [[[-54.555, 49.59], [-54.71, 49.53], [-54.745, 49.51], [-54.785, 49.495], [-54.82, 49.515], [-54.865, 49.575], [-54.855, 49.595], [-54.815, 49.6], [-54.79, 49.59], [-54.785, 49.57], [-54.765, 49.56], [-54.735, 49.56], [-54.62, 49.62], [-54.56, 49.63], [-54.54, 49.62], [-54.555, 49.59]]], [[[-55.36, 51.89], [-55.41, 51.89], [-55.42, 51.9], [-55.4, 51.94], [-55.345, 51.985], [-55.275, 51.995], [-55.295, 51.93], [-55.36, 51.89]]], [[[-54.095, 49.745], [-54.02, 49.68], [-53.98, 49.66], [-54.24, 49.59], [-54.27, 49.585], [-54.285, 49.595], [-54.29, 49.66], [-54.28, 49.71], [-54.26, 49.72], [-54.2, 49.69], [-54.14, 49.75], [-54.095, 49.745]]], [[[-54.225, 47.44], [-54.275, 47.405], [-54.325, 47.41], [-54.32, 47.44], [-54.26, 47.5], [-54.225, 47.54], [-54.225, 47.565], [-54.215, 47.585], [-54.17, 47.605], [-54.13, 47.645], [-54.15, 47.575], [-54.225, 47.44]]], [[[-64.825, 62.56], [-64.63, 62.55], [-64.515, 62.55], [-64.465, 62.535], [-64.42, 62.485], [-64.48, 62.42], [-64.545, 62.39], [-64.655, 62.385], [-64.835, 62.405], [-64.9, 62.42], [-64.955, 62.46], [-64.93, 62.485], [-64.84, 62.495], [-64.825, 62.505], [-64.85, 62.525], [-64.85, 62.545], [-64.825, 62.56]]], [[[-68.235, 60.24], [-68.325, 60.235], [-68.365, 60.255], [-68.37, 60.315], [-68.34, 60.36], [-68.235, 60.455], [-68.14, 60.56], [-68.09, 60.59], [-67.98, 60.57], [-67.915, 60.54], [-67.85, 60.49], [-67.82, 60.45], [-67.845, 60.39], [-67.92, 60.34], [-68.01, 60.305], [-68.235, 60.24]]], [[[-70.335, 62.55], [-70.405, 62.545], [-70.54, 62.55], [-70.685, 62.575], [-70.765, 62.595], [-70.84, 62.65], [-70.85, 62.705], [-70.985, 62.79], [-71.135, 62.815], [-71.22, 62.875], [-71.135, 62.88], [-71.015, 62.865], [-70.835, 62.84], [-70.675, 62.805], [-70.445, 62.735], [-70.365, 62.665], [-70.29, 62.615], [-70.27, 62.58], [-70.29, 62.56], [-70.335, 62.55]]], [[[-64.835, 61.365], [-64.855, 61.355], [-64.88, 61.355], [-64.955, 61.41], [-65.055, 61.43], [-65.09, 61.455], [-65.395, 61.565], [-65.425, 61.61], [-65.43, 61.65], [-65.33, 61.67], [-65.13, 61.685], [-64.955, 61.685], [-64.79, 61.66], [-64.755, 61.64], [-64.67, 61.595], [-64.69, 61.54], [-64.695, 61.47], [-64.73, 61.44], [-64.79, 61.415], [-64.835, 61.365]]], [[[-65.03, 61.88], [-65.01, 61.87], [-64.98, 61.88], [-64.96, 61.87], [-64.945, 61.845], [-64.925, 61.825], [-64.865, 61.8], [-64.845, 61.78], [-64.845, 61.76], [-64.895, 61.735], [-64.93, 61.735], [-65.165, 61.8], [-65.23, 61.865], [-65.235, 61.9], [-65.21, 61.93], [-65.175, 61.945], [-65.125, 61.94], [-65.07, 61.925], [-65.03, 61.88]]], [[[-69.16, 59.04], [-69.22, 58.97], [-69.3, 58.975], [-69.33, 58.96], [-69.355, 58.96], [-69.315, 59.03], [-69.31, 59.075], [-69.33, 59.12], [-69.305, 59.145], [-69.195, 59.145], [-69.195, 59.095], [-69.18, 59.075], [-69.155, 59.065], [-69.16, 59.04]]], [[[-64.405, 60.365], [-64.44, 60.3], [-64.56, 60.325], [-64.74, 60.375], [-64.81, 60.41], [-64.835, 60.45], [-64.835, 60.5], [-64.785, 60.51], [-64.645, 60.515], [-64.535, 60.44], [-64.5, 60.43], [-64.405, 60.365]]], [[[-60.995, 56.04], [-60.985, 56.015], [-61.135, 56.035], [-61.19, 56.05], [-61.195, 56.065], [-61.19, 56.09], [-61.16, 56.12], [-61.085, 56.14], [-61.05, 56.13], [-60.965, 56.1], [-60.955, 56.08], [-60.995, 56.04]]], [[[-61.745, 57.555], [-61.66, 57.525], [-61.64, 57.415], [-61.795, 57.42], [-61.975, 57.495], [-62.01, 57.55], [-62.005, 57.56], [-61.985, 57.565], [-61.94, 57.555], [-61.895, 57.575], [-61.85, 57.58], [-61.745, 57.555]]], [[[-67.915, 69.54], [-67.94, 69.535], [-68.2, 69.58], [-68.22, 69.615], [-68.095, 69.655], [-67.99, 69.68], [-67.91, 69.68], [-67.83, 69.675], [-67.755, 69.63], [-67.845, 69.59], [-67.915, 69.54]]], [[[-62.68, 67.055], [-62.805, 67.03], [-62.87, 67.065], [-62.825, 67.07], [-62.755, 67.115], [-62.665, 67.15], [-62.625, 67.175], [-62.47, 67.19], [-62.415, 67.19], [-62.395, 67.18], [-62.485, 67.135], [-62.68, 67.055]]], [[[-79.065, 75.925], [-79.05, 75.865], [-79.125, 75.87], [-79.355, 75.83], [-79.545, 75.825], [-79.64, 75.845], [-79.7, 75.885], [-79.55, 75.96], [-79.38, 76.01], [-79.18, 76.09], [-79.01, 76.145], [-78.925, 76.135], [-78.845, 76.105], [-78.945, 76.025], [-79.055, 75.985], [-79.065, 75.925]]], [[[-79.865, 56.775], [-79.895, 56.755], [-79.945, 56.775], [-79.945, 56.825], [-79.9, 56.865], [-79.86, 56.865], [-79.825, 56.845], [-79.835, 56.815], [-79.865, 56.775]]], [[[-79.715, 57.515], [-79.73, 57.51], [-79.775, 57.515], [-79.79, 57.45], [-79.81, 57.44], [-79.84, 57.485], [-79.815, 57.52], [-79.82, 57.54], [-79.81, 57.56], [-79.77, 57.6], [-79.745, 57.61], [-79.725, 57.605], [-79.715, 57.555], [-79.715, 57.515]]], [[[-79.52, 56.655], [-79.555, 56.645], [-79.575, 56.645], [-79.55, 56.735], [-79.58, 56.765], [-79.585, 56.78], [-79.57, 56.795], [-79.555, 56.8], [-79.51, 56.77], [-79.49, 56.745], [-79.48, 56.715], [-79.485, 56.685], [-79.495, 56.665], [-79.52, 56.655]]], [[[-79.94, 53.305], [-79.94, 53.275], [-80.005, 53.28], [-80.04, 53.295], [-80.07, 53.325], [-80.075, 53.345], [-80.05, 53.365], [-79.975, 53.35], [-79.94, 53.305]]], [[[-79.385, 51.95], [-79.425, 51.945], [-79.52, 51.955], [-79.595, 51.98], [-79.645, 52.01], [-79.335, 52.1], [-79.27, 52.085], [-79.27, 52.07], [-79.315, 52.025], [-79.33, 51.99], [-79.35, 51.97], [-79.385, 51.95]]], [[[-123.37, 48.885], [-123.385, 48.875], [-123.54, 48.945], [-123.645, 49.04], [-123.69, 49.095], [-123.48, 48.955], [-123.38, 48.91], [-123.37, 48.885]]], [[[-124.98, 50.03], [-125.0, 50.02], [-125.025, 50.135], [-124.995, 50.175], [-124.985, 50.195], [-124.99, 50.215], [-124.94, 50.165], [-124.915, 50.13], [-124.905, 50.085], [-124.91, 50.07], [-124.98, 50.03]]], [[[-73.62, 67.785], [-74.11, 67.785], [-74.375, 67.79], [-74.48, 67.805], [-74.575, 67.83], [-74.68, 67.905], [-74.745, 67.985], [-74.75, 68.02], [-74.73, 68.05], [-74.705, 68.065], [-74.38, 68.095], [-74.11, 68.06], [-73.88, 68.02], [-73.585, 68.015], [-73.495, 68.0], [-73.46, 67.99], [-73.435, 67.97], [-73.4, 67.88], [-73.4, 67.83], [-73.405, 67.795], [-73.62, 67.785]]], [[[-77.875, 63.47], [-77.79, 63.43], [-77.705, 63.43], [-77.655, 63.395], [-77.54, 63.285], [-77.525, 63.27], [-77.535, 63.235], [-77.595, 63.19], [-77.66, 63.165], [-77.79, 63.13], [-77.94, 63.115], [-78.025, 63.14], [-78.255, 63.24], [-78.47, 63.36], [-78.535, 63.425], [-78.505, 63.45], [-78.415, 63.47], [-78.235, 63.49], [-77.935, 63.48], [-77.875, 63.47]]], [[[-94.525, 75.75], [-94.625, 75.75], [-94.75, 75.77], [-94.785, 75.79], [-94.815, 75.82], [-94.835, 75.86], [-94.86, 75.89], [-94.895, 75.91], [-94.9, 75.93], [-94.88, 75.945], [-94.84, 75.955], [-94.745, 75.955], [-94.54, 75.995], [-94.5, 75.99], [-94.47, 75.97], [-94.445, 75.915], [-94.415, 75.885], [-94.33, 75.825], [-94.295, 75.79], [-94.305, 75.775], [-94.33, 75.765], [-94.525, 75.75]]], [[[-80.285, 59.625], [-80.315, 59.62], [-80.325, 59.635], [-80.3, 59.675], [-80.255, 59.68], [-80.21, 59.725], [-80.165, 59.71], [-80.185, 59.685], [-80.24, 59.645], [-80.285, 59.625]]], [[[-80.065, 59.77], [-80.165, 59.765], [-80.12, 59.825], [-80.085, 59.85], [-80.04, 59.87], [-79.955, 59.875], [-79.9, 59.855], [-79.95, 59.81], [-80.065, 59.77]]], [[[-96.78, 72.935], [-96.945, 72.925], [-97.095, 72.995], [-97.1, 73.06], [-97.09, 73.1], [-97.07, 73.13], [-97.015, 73.155], [-96.86, 73.19], [-96.795, 73.165], [-96.77, 73.135], [-96.745, 73.125], [-96.645, 73.1], [-96.6, 73.075], [-96.605, 73.04], [-96.635, 72.99], [-96.67, 72.96], [-96.71, 72.945], [-96.78, 72.935]]], [[[-97.355, 74.525], [-97.655, 74.465], [-97.72, 74.49], [-97.75, 74.51], [-97.515, 74.6], [-97.415, 74.625], [-97.32, 74.6], [-97.29, 74.575], [-97.305, 74.56], [-97.355, 74.525]]], [[[-98.27, 73.87], [-98.56, 73.845], [-98.69, 73.855], [-98.76, 73.83], [-98.815, 73.815], [-98.975, 73.81], [-99.3, 73.86], [-99.385, 73.88], [-99.415, 73.895], [-99.405, 73.91], [-99.345, 73.925], [-99.095, 73.95], [-99.005, 73.965], [-98.965, 73.99], [-98.905, 74.005], [-98.82, 74.02], [-98.585, 74.035], [-98.06, 74.105], [-97.8, 74.115], [-97.7, 74.11], [-97.665, 74.09], [-97.66, 74.07], [-97.675, 74.055], [-97.755, 74.005], [-97.86, 73.97], [-98.145, 73.89], [-98.27, 73.87]]], [[[-90.2, 69.42], [-90.175, 69.355], [-90.265, 69.275], [-90.295, 69.26], [-90.33, 69.25], [-90.365, 69.265], [-90.465, 69.33], [-90.49, 69.37], [-90.455, 69.39], [-90.375, 69.415], [-90.32, 69.43], [-90.255, 69.42], [-90.23, 69.435], [-90.2, 69.42]]], [[[-90.495, 69.22], [-90.575, 69.21], [-90.625, 69.25], [-90.665, 69.26], [-90.685, 69.285], [-90.77, 69.295], [-90.765, 69.335], [-90.74, 69.355], [-90.665, 69.375], [-90.6, 69.37], [-90.54, 69.325], [-90.51, 69.29], [-90.485, 69.245], [-90.495, 69.22]]], [[[-74.0, 62.62], [-74.055, 62.61], [-74.255, 62.62], [-74.5, 62.67], [-74.625, 62.715], [-74.62, 62.725], [-74.565, 62.735], [-74.5, 62.725], [-74.395, 62.695], [-74.11, 62.68], [-74.015, 62.665], [-73.99, 62.635], [-74.0, 62.62]]], [[[-74.88, 68.35], [-74.96, 68.34], [-75.075, 68.405], [-75.31, 68.475], [-75.4, 68.525], [-75.405, 68.55], [-75.395, 68.59], [-75.37, 68.635], [-75.285, 68.69], [-75.2, 68.695], [-75.075, 68.685], [-74.985, 68.65], [-74.885, 68.545], [-74.82, 68.495], [-74.8, 68.46], [-74.83, 68.44], [-74.83, 68.425], [-74.815, 68.415], [-74.82, 68.395], [-74.845, 68.365], [-74.88, 68.35]]], [[[-78.53, 60.73], [-78.67, 60.715], [-78.67, 60.73], [-78.61, 60.77], [-78.4, 60.81], [-78.24, 60.82], [-78.28, 60.785], [-78.37, 60.755], [-78.53, 60.73]]], [[[-78.985, 68.195], [-79.065, 68.18], [-79.175, 68.235], [-79.175, 68.265], [-79.155, 68.335], [-78.955, 68.355], [-78.87, 68.31], [-78.83, 68.27], [-78.985, 68.195]]], [[[-76.68, 63.395], [-76.785, 63.385], [-76.92, 63.405], [-77.055, 63.45], [-77.365, 63.59], [-77.135, 63.68], [-76.765, 63.575], [-76.65, 63.505], [-76.68, 63.395]]], [[[-79.43, 69.79], [-79.39, 69.73], [-79.365, 69.71], [-79.4, 69.685], [-79.555, 69.63], [-79.88, 69.61], [-80.05, 69.635], [-79.97, 69.555], [-79.955, 69.525], [-79.98, 69.51], [-80.045, 69.515], [-80.16, 69.535], [-80.225, 69.56], [-80.245, 69.595], [-80.27, 69.6], [-80.3, 69.585], [-80.33, 69.585], [-80.4, 69.635], [-80.45, 69.65], [-80.78, 69.675], [-80.795, 69.69], [-80.78, 69.71], [-80.725, 69.74], [-80.655, 69.75], [-80.465, 69.735], [-80.45, 69.745], [-80.44, 69.785], [-80.425, 69.8], [-80.295, 69.795], [-80.215, 69.8], [-80.17, 69.78], [-80.125, 69.735], [-80.06, 69.745], [-79.97, 69.74], [-79.87, 69.755], [-79.715, 69.795], [-79.595, 69.81], [-79.43, 69.79]]], [[[-78.03, 69.715], [-77.98, 69.665], [-77.97, 69.64], [-78.04, 69.61], [-78.305, 69.55], [-78.47, 69.505], [-78.55, 69.49], [-78.66, 69.505], [-78.795, 69.48], [-78.85, 69.485], [-78.79, 69.525], [-78.58, 69.64], [-78.4, 69.65], [-78.345, 69.675], [-78.295, 69.665], [-78.265, 69.685], [-78.26, 69.715], [-78.2, 69.74], [-78.145, 69.74], [-78.03, 69.715]]], [[[-77.64, 63.99], [-77.715, 63.945], [-77.93, 63.96], [-77.96, 63.975], [-77.965, 63.995], [-77.93, 64.015], [-77.71, 64.035], [-77.615, 64.035], [-77.57, 64.03], [-77.565, 64.02], [-77.64, 63.99]]], [[[-83.125, 66.285], [-83.025, 66.27], [-82.95, 66.27], [-82.93, 66.255], [-83.01, 66.21], [-83.06, 66.2], [-83.15, 66.235], [-83.215, 66.275], [-83.235, 66.305], [-83.24, 66.33], [-83.22, 66.335], [-83.125, 66.285]]], [[[-79.21, 68.845], [-79.28, 68.84], [-79.36, 68.86], [-79.39, 68.89], [-79.405, 68.925], [-79.39, 68.94], [-79.355, 68.955], [-79.305, 68.99], [-79.245, 69.05], [-79.145, 69.085], [-78.93, 69.125], [-78.9, 69.135], [-78.805, 69.235], [-78.77, 69.25], [-78.66, 69.26], [-78.65, 69.275], [-78.69, 69.3], [-78.69, 69.325], [-78.65, 69.35], [-78.595, 69.37], [-78.46, 69.39], [-78.335, 69.385], [-78.3, 69.38], [-78.27, 69.36], [-78.235, 69.315], [-78.23, 69.305], [-78.285, 69.265], [-78.44, 69.2], [-78.535, 69.145], [-78.55, 69.13], [-78.56, 69.105], [-78.595, 69.08], [-78.705, 69.015], [-78.78, 68.95], [-78.855, 68.915], [-79.055, 68.885], [-79.21, 68.845]]], [[[-76.995, 69.145], [-77.12, 69.13], [-77.215, 69.14], [-77.275, 69.16], [-77.32, 69.195], [-77.38, 69.275], [-77.36, 69.31], [-77.35, 69.38], [-77.34, 69.405], [-77.32, 69.415], [-77.19, 69.44], [-77.11, 69.435], [-76.995, 69.41], [-76.745, 69.405], [-76.685, 69.38], [-76.67, 69.365], [-76.67, 69.35], [-76.685, 69.33], [-76.81, 69.265], [-76.87, 69.225], [-76.91, 69.175], [-76.995, 69.145]]], [[[-86.915, 70.115], [-86.8, 70.105], [-86.69, 70.115], [-86.615, 70.105], [-86.565, 70.075], [-86.53, 70.05], [-86.515, 70.015], [-86.56, 69.995], [-86.735, 69.975], [-86.855, 69.985], [-86.985, 70.01], [-87.045, 70.0], [-87.19, 70.02], [-87.265, 70.045], [-87.325, 70.08], [-87.325, 70.1], [-87.17, 70.125], [-87.105, 70.145], [-86.915, 70.115]]], [[[-83.725, 65.795], [-83.6, 65.755], [-83.47, 65.735], [-83.265, 65.725], [-83.235, 65.715], [-83.235, 65.695], [-83.265, 65.67], [-83.33, 65.63], [-83.38, 65.63], [-83.495, 65.655], [-83.535, 65.67], [-83.585, 65.7], [-83.605, 65.7], [-83.635, 65.69], [-83.645, 65.68], [-83.63, 65.66], [-83.65, 65.66], [-83.79, 65.67], [-83.81, 65.68], [-83.8, 65.71], [-83.7, 65.755], [-83.785, 65.77], [-83.815, 65.785], [-83.94, 65.76], [-84.01, 65.75], [-84.12, 65.77], [-84.13, 65.875], [-84.145, 65.915], [-84.195, 65.94], [-84.225, 65.97], [-84.27, 65.99], [-84.37, 66.01], [-84.45, 66.065], [-84.465, 66.09], [-84.455, 66.105], [-84.405, 66.13], [-84.12, 66.08], [-83.95, 66.025], [-83.785, 65.965], [-83.7, 65.92], [-83.695, 65.89], [-83.715, 65.86], [-83.765, 65.83], [-83.725, 65.795]]], [[[-86.595, 67.735], [-86.64, 67.735], [-86.705, 67.75], [-86.86, 67.81], [-86.895, 67.835], [-86.91, 67.865], [-86.91, 67.9], [-86.895, 67.94], [-86.845, 68.01], [-86.94, 68.07], [-86.96, 68.1], [-86.95, 68.12], [-86.9, 68.165], [-86.885, 68.19], [-86.835, 68.23], [-86.7, 68.305], [-86.57, 68.29], [-86.45, 68.225], [-86.42, 68.185], [-86.43, 68.14], [-86.42, 68.075], [-86.39, 67.99], [-86.38, 67.925], [-86.395, 67.89], [-86.445, 67.815], [-86.49, 67.785], [-86.545, 67.75], [-86.595, 67.735]]], [[[-84.675, 65.575], [-84.725, 65.565], [-84.785, 65.57], [-84.83, 65.6], [-84.87, 65.65], [-84.93, 65.69], [-85.07, 65.735], [-85.095, 65.755], [-85.135, 65.82], [-85.145, 65.885], [-85.175, 65.945], [-85.175, 65.97], [-85.15, 66.015], [-85.03, 66.025], [-84.94, 66.01], [-84.92, 65.995], [-84.89, 65.97], [-84.87, 65.94], [-84.755, 65.86], [-84.69, 65.795], [-84.605, 65.655], [-84.6, 65.63], [-84.625, 65.605], [-84.675, 65.575]]], [[[-93.045, 61.845], [-93.085, 61.84], [-93.175, 61.895], [-93.195, 61.92], [-93.075, 61.935], [-92.995, 61.89], [-93.0, 61.865], [-93.045, 61.845]]], [[[-101.225, 76.58], [-101.485, 76.575], [-101.605, 76.585], [-101.615, 76.605], [-101.51, 76.63], [-101.165, 76.665], [-100.96, 76.735], [-100.885, 76.745], [-100.62, 76.75], [-100.465, 76.75], [-100.27, 76.735], [-100.745, 76.65], [-101.225, 76.58]]], [[[-103.005, 78.145], [-103.12, 78.125], [-103.25, 78.14], [-103.27, 78.15], [-103.275, 78.165], [-103.26, 78.185], [-103.11, 78.245], [-102.975, 78.265], [-102.89, 78.27], [-102.825, 78.25], [-102.79, 78.22], [-103.005, 78.145]]], [[[-101.695, 77.695], [-101.83, 77.685], [-102.08, 77.69], [-102.38, 77.73], [-102.46, 77.77], [-102.475, 77.835], [-102.47, 77.875], [-102.45, 77.88], [-102.265, 77.89], [-101.92, 77.9], [-101.64, 77.89], [-101.32, 77.855], [-101.195, 77.83], [-101.13, 77.815], [-101.045, 77.78], [-101.02, 77.76], [-101.0, 77.735], [-101.4, 77.73], [-101.585, 77.72], [-101.695, 77.695]]], [[[-89.725, 76.505], [-89.775, 76.495], [-89.925, 76.5], [-89.975, 76.49], [-90.055, 76.495], [-90.165, 76.525], [-90.295, 76.58], [-90.44, 76.665], [-90.555, 76.735], [-90.56, 76.755], [-90.525, 76.79], [-90.41, 76.81], [-90.135, 76.835], [-89.95, 76.835], [-89.775, 76.78], [-89.725, 76.765], [-89.695, 76.74], [-89.695, 76.72], [-89.71, 76.7], [-89.79, 76.66], [-89.82, 76.63], [-89.82, 76.6], [-89.805, 76.56], [-89.775, 76.535], [-89.725, 76.52], [-89.725, 76.505]]], [[[-96.08, 75.51], [-96.155, 75.475], [-96.235, 75.475], [-96.345, 75.505], [-96.46, 75.495], [-96.62, 75.43], [-96.68, 75.395], [-96.725, 75.38], [-96.855, 75.37], [-96.915, 75.38], [-96.97, 75.415], [-97.02, 75.47], [-96.985, 75.51], [-96.855, 75.54], [-96.525, 75.585], [-96.43, 75.605], [-96.415, 75.63], [-96.395, 75.645], [-96.37, 75.655], [-96.145, 75.615], [-96.04, 75.585], [-95.96, 75.555], [-95.97, 75.54], [-96.08, 75.51]]], [[[-95.305, 74.505], [-95.35, 74.5], [-95.44, 74.505], [-95.775, 74.55], [-95.835, 74.57], [-95.85, 74.58], [-95.775, 74.6], [-95.745, 74.615], [-95.66, 74.635], [-95.51, 74.635], [-95.355, 74.585], [-95.28, 74.54], [-95.275, 74.52], [-95.305, 74.505]]], [[[-121.075, 75.745], [-121.155, 75.74], [-121.24, 75.75], [-121.22, 75.775], [-121.025, 75.85], [-121.015, 75.87], [-121.02, 75.885], [-121.04, 75.905], [-120.995, 75.925], [-120.915, 75.94], [-120.89, 75.93], [-120.88, 75.905], [-120.895, 75.845], [-120.92, 75.815], [-120.955, 75.79], [-121.005, 75.765], [-121.075, 75.745]]], [[[-113.56, 76.745], [-113.71, 76.71], [-114.75, 76.76], [-114.81, 76.775], [-114.835, 76.795], [-114.645, 76.85], [-114.42, 76.875], [-113.89, 76.895], [-113.71, 76.875], [-113.585, 76.845], [-113.515, 76.825], [-113.49, 76.785], [-113.56, 76.745]]], [[[-104.12, 75.035], [-104.31, 75.03], [-104.635, 75.06], [-104.83, 75.12], [-104.885, 75.15], [-104.88, 75.16], [-104.85, 75.175], [-104.8, 75.21], [-104.69, 75.32], [-104.65, 75.35], [-104.475, 75.415], [-104.345, 75.43], [-104.075, 75.425], [-103.915, 75.39], [-103.85, 75.37], [-103.805, 75.345], [-103.76, 75.29], [-103.745, 75.25], [-103.665, 75.21], [-103.645, 75.185], [-103.64, 75.165], [-103.665, 75.14], [-103.71, 75.115], [-103.815, 75.08], [-104.12, 75.035]]], [[[-100.215, 68.805], [-100.25, 68.775], [-100.29, 68.765], [-100.365, 68.73], [-100.395, 68.725], [-100.445, 68.75], [-100.48, 68.785], [-100.495, 68.79], [-100.52, 68.79], [-100.575, 68.765], [-100.595, 68.765], [-100.615, 68.785], [-100.625, 68.815], [-100.625, 68.865], [-100.6, 68.94], [-100.6, 68.97], [-100.61, 68.99], [-100.6, 69.01], [-100.565, 69.025], [-100.52, 69.035], [-100.415, 69.03], [-100.33, 69.0], [-100.29, 68.96], [-100.205, 68.925], [-100.18, 68.905], [-100.215, 68.805]]], [[[-99.995, 69.015], [-100.02, 68.955], [-100.14, 68.97], [-100.195, 68.99], [-100.24, 69.04], [-100.245, 69.055], [-100.235, 69.07], [-100.185, 69.115], [-100.155, 69.13], [-100.075, 69.11], [-100.035, 69.085], [-100.005, 69.045], [-99.995, 69.015]]], [[[-100.31, 70.495], [-100.32, 70.49], [-100.535, 70.525], [-100.62, 70.545], [-100.65, 70.565], [-100.665, 70.595], [-100.68, 70.645], [-100.635, 70.67], [-100.54, 70.67], [-100.435, 70.65], [-100.275, 70.595], [-100.32, 70.58], [-100.325, 70.54], [-100.305, 70.51], [-100.31, 70.495]]], [[[-95.515, 69.575], [-95.38, 69.505], [-95.38, 69.475], [-95.4, 69.42], [-95.435, 69.38], [-95.495, 69.35], [-95.58, 69.335], [-95.685, 69.335], [-95.73, 69.35], [-95.695, 69.39], [-95.67, 69.4], [-95.665, 69.44], [-95.685, 69.5], [-95.705, 69.54], [-95.765, 69.56], [-95.805, 69.56], [-95.82, 69.54], [-95.8, 69.5], [-95.81, 69.445], [-95.86, 69.38], [-95.895, 69.35], [-95.955, 69.365], [-95.985, 69.39], [-95.98, 69.435], [-95.995, 69.47], [-95.98, 69.51], [-95.935, 69.565], [-95.875, 69.605], [-95.8, 69.625], [-95.705, 69.625], [-95.6, 69.6], [-95.515, 69.575]]], [[[-101.17, 69.395], [-101.255, 69.39], [-101.27, 69.39], [-101.26, 69.42], [-101.27, 69.43], [-101.29, 69.44], [-101.22, 69.465], [-101.205, 69.48], [-101.23, 69.495], [-101.33, 69.515], [-101.355, 69.54], [-101.35, 69.56], [-101.315, 69.575], [-101.245, 69.575], [-101.1, 69.54], [-101.03, 69.495], [-101.0, 69.46], [-101.05, 69.455], [-101.085, 69.445], [-101.125, 69.415], [-101.17, 69.395]]], [[[-101.845, 68.585], [-101.885, 68.585], [-101.945, 68.605], [-102.265, 68.665], [-102.31, 68.68], [-102.27, 68.71], [-102.155, 68.74], [-102.075, 68.775], [-102.015, 68.825], [-101.83, 68.8], [-101.76, 68.775], [-101.735, 68.755], [-101.72, 68.725], [-101.73, 68.65], [-101.795, 68.635], [-101.845, 68.585]]], [[[-104.54, 68.405], [-104.595, 68.4], [-104.7, 68.42], [-104.85, 68.455], [-104.965, 68.49], [-105.04, 68.53], [-105.05, 68.56], [-104.995, 68.575], [-104.905, 68.58], [-104.7, 68.575], [-104.6, 68.56], [-104.47, 68.505], [-104.445, 68.47], [-104.44, 68.45], [-104.455, 68.43], [-104.54, 68.405]]], [[[-107.9, 67.4], [-107.95, 67.32], [-107.97, 67.325], [-108.005, 67.365], [-108.075, 67.385], [-108.15, 67.43], [-108.15, 67.525], [-108.12, 67.57], [-108.13, 67.63], [-108.05, 67.665], [-107.99, 67.62], [-107.975, 67.55], [-107.99, 67.515], [-107.93, 67.475], [-107.905, 67.465], [-107.89, 67.435], [-107.9, 67.4]]], [[[-109.165, 67.98], [-109.055, 67.97], [-108.97, 67.98], [-108.91, 67.94], [-108.885, 67.9], [-108.895, 67.885], [-108.92, 67.88], [-109.095, 67.925], [-109.16, 67.95], [-109.185, 67.975], [-109.165, 67.98]]], [[[-108.095, 67.005], [-107.965, 66.995], [-107.805, 67.0], [-107.835, 66.92], [-107.895, 66.87], [-107.945, 66.86], [-107.965, 66.885], [-108.06, 66.945], [-108.095, 67.005]]], [[[-109.325, 67.99], [-109.36, 67.99], [-109.5, 68.045], [-109.47, 68.1], [-109.34, 68.045], [-109.325, 68.015], [-109.325, 67.99]]], [[[-139.045, 69.575], [-139.125, 69.54], [-139.255, 69.58], [-139.29, 69.6], [-139.14, 69.65], [-139.075, 69.65], [-138.93, 69.615], [-138.88, 69.59], [-139.045, 69.575]]]]}}, {"type": "Feature", "properties": {"id": "BRA", "nombre": "Brazil"}, "geometry": {"type": "MultiPolygon", "coordinates": [[[[-66.875, 1.225], [-66.62, 0.99], [-66.43, 0.82], [-66.345, 0.765], [-66.3, 0.75], [-66.19, 0.765], [-66.06, 0.785], [-65.995, 0.81], [-65.925, 0.865], [-65.81, 0.935], [-65.72, 0.98], [-65.68, 0.985], [-65.645, 0.97], [-65.565, 0.925], [-65.525, 0.845], [-65.565, 0.75], [-65.555, 0.69], [-65.475, 0.69], [-65.405, 0.79], [-65.36, 0.87], [-65.265, 0.93], [-65.17, 1.02], [-65.105, 1.11], [-65.025, 1.16], [-64.91, 1.22], [-64.82, 1.255], [-64.73, 1.255], [-64.665, 1.295], [-64.585, 1.37], [-64.525, 1.43], [-64.485, 1.455], [-64.405, 1.445], [-64.305, 1.455], [-64.205, 1.53], [-64.115, 1.62], [-64.065, 1.77], [-64.035, 1.905], [-64.01, 1.93], [-63.975, 1.955], [-63.935, 1.965], [-63.845, 1.975], [-63.68, 2.05], [-63.57, 2.12], [-63.465, 2.135], [-63.435, 2.155], [-63.395, 2.225], [-63.375, 2.34], [-63.39, 2.41], [-63.585, 2.435], [-63.715, 2.435], [-63.925, 2.45], [-64.025, 2.48], [-64.045, 2.5], [-64.05, 2.525], [-64.03, 2.575], [-64.01, 2.67], [-64.04, 2.8], [-64.145, 3.005], [-64.22, 3.205], [-64.23, 3.345], [-64.225, 3.49], [-64.22, 3.585], [-64.275, 3.665], [-64.57, 3.9], [-64.67, 4.01], [-64.705, 4.09], [-64.82, 4.23], [-64.79, 4.275], [-64.72, 4.275], [-64.665, 4.235], [-64.615, 4.16], [-64.575, 4.14], [-64.525, 4.14], [-64.255, 4.14], [-64.19, 4.125], [-64.155, 4.1], [-64.12, 4.065], [-64.075, 3.975], [-64.02, 3.93], [-63.915, 3.93], [-63.745, 3.935], [-63.655, 3.94], [-63.595, 3.915], [-63.525, 3.895], [-63.38, 3.945], [-63.34, 3.945], [-63.295, 3.92], [-63.135, 3.755], [-63.045, 3.685], [-62.97, 3.595], [-62.855, 3.595], [-62.765, 3.675], [-62.74, 3.94], [-62.71, 4.02], [-62.665, 4.04], [-62.61, 4.04], [-62.545, 4.085], [-62.475, 4.14], [-62.41, 4.155], [-62.155, 4.1], [-62.08, 4.125], [-61.82, 4.195], [-61.555, 4.29], [-61.48, 4.4], [-61.37, 4.435], [-61.28, 4.515], [-61.21, 4.51], [-61.1, 4.505], [-61.035, 4.52], [-61.005, 4.535], [-60.965, 4.575], [-60.905, 4.685], [-60.835, 4.73], [-60.74, 4.775], [-60.68, 4.825], [-60.63, 4.895], [-60.605, 4.95], [-60.605, 4.995], [-60.635, 5.08], [-60.67, 5.165], [-60.71, 5.19], [-60.74, 5.2], [-60.65, 5.22], [-60.575, 5.19], [-60.46, 5.19], [-60.41, 5.21], [-60.335, 5.2], [-60.24, 5.26], [-60.18, 5.24], [-60.14, 5.24], [-60.105, 5.195], [-60.08, 5.145], [-59.99, 5.085], [-60.0, 4.99], [-60.015, 4.91], [-60.025, 4.815], [-60.03, 4.74], [-60.07, 4.665], [-60.125, 4.6], [-60.14, 4.57], [-60.15, 4.535], [-60.11, 4.51], [-60.045, 4.505], [-59.96, 4.5], [-59.905, 4.48], [-59.835, 4.475], [-59.745, 4.415], [-59.705, 4.38], [-59.7, 4.355], [-59.725, 4.29], [-59.74, 4.225], [-59.715, 4.19], [-59.69, 4.16], [-59.62, 4.025], [-59.585, 3.975], [-59.56, 3.96], [-59.55, 3.935], [-59.575, 3.885], [-59.605, 3.82], [-59.67, 3.755], [-59.68, 3.7], [-59.73, 3.665], [-59.855, 3.59], [-59.835, 3.46], [-59.83, 3.4], [-59.83, 3.35], [-59.875, 3.285], [-59.945, 3.09], [-59.97, 2.99], [-59.995, 2.765], [-59.995, 2.69], [-59.96, 2.59], [-59.89, 2.365], [-59.85, 2.325], [-59.755, 2.275], [-59.745, 2.12], [-59.75, 1.96], [-59.755, 1.9], [-59.74, 1.875], [-59.7, 1.86], [-59.67, 1.84], [-59.665, 1.795], [-59.665, 1.745], [-59.595, 1.72], [-59.535, 1.7], [-59.48, 1.63], [-59.38, 1.525], [-59.335, 1.51], [-59.315, 1.465], [-59.23, 1.375], [-59.1, 1.345], [-58.97, 1.305], [-58.915, 1.25], [-58.86, 1.205], [-58.82, 1.2], [-58.785, 1.21], [-58.73, 1.25], [-58.685, 1.28], [-58.605, 1.28], [-58.51, 1.285], [-58.495, 1.31], [-58.485, 1.35], [-58.505, 1.44], [-58.475, 1.465], [-58.395, 1.48], [-58.38, 1.53], [-58.365, 1.555], [-58.34, 1.59], [-58.315, 1.59], [-58.28, 1.575], [-58.23, 1.565], [-58.175, 1.55], [-58.14, 1.515], [-58.09, 1.515], [-58.035, 1.52], [-58.01, 1.54], [-57.995, 1.575], [-57.985, 1.65], [-57.945, 1.65], [-57.875, 1.665], [-57.795, 1.7], [-57.69, 1.705], [-57.595, 1.705], [-57.545, 1.725], [-57.5, 1.775], [-57.415, 1.91], [-57.365, 1.94], [-57.315, 1.965], [-57.275, 1.96], [-57.19, 1.98], [-57.12, 2.015], [-57.095, 2.005], [-57.04, 1.935], [-57.01, 1.92], [-56.97, 1.915], [-56.835, 1.88], [-56.765, 1.89], [-56.69, 1.915], [-56.615, 1.925], [-56.565, 1.905], [-56.525, 1.925], [-56.485, 1.94], [-56.455, 1.93], [-56.385, 1.925], [-56.225, 1.885], [-56.02, 1.84], [-55.965, 1.855], [-55.93, 1.89], [-55.92, 1.975], [-55.915, 2.04], [-55.96, 2.095], [-56.02, 2.16], [-56.075, 2.235], [-56.14, 2.26], [-56.13, 2.3], [-56.09, 2.34], [-56.045, 2.365], [-56.02, 2.395], [-55.995, 2.5], [-55.975, 2.515], [-55.955, 2.52], [-55.935, 2.515], [-55.895, 2.49], [-55.73, 2.405], [-55.66, 2.42], [-55.385, 2.44], [-55.345, 2.49], [-55.285, 2.5], [-55.19, 2.55], [-55.15, 2.55], [-55.115, 2.54], [-55.07, 2.55], [-55.005, 2.595], [-54.98, 2.6], [-54.97, 2.55], [-54.925, 2.495], [-54.875, 2.45], [-54.85, 2.44], [-54.765, 2.455], [-54.72, 2.44], [-54.705, 2.4], [-54.695, 2.36], [-54.66, 2.33], [-54.615, 2.325], [-54.59, 2.315], [-54.55, 2.295], [-54.515, 2.245], [-54.435, 2.21], [-54.295, 2.155], [-54.23, 2.155], [-54.165, 2.135], [-54.13, 2.12], [-54.09, 2.15], [-53.945, 2.235], [-53.875, 2.28], [-53.83, 2.315], [-53.795, 2.345], [-53.77, 2.355], [-53.75, 2.335], [-53.735, 2.31], [-53.685, 2.295], [-53.565, 2.26], [-53.51, 2.255], [-53.43, 2.28], [-53.365, 2.325], [-53.335, 2.34], [-53.285, 2.295], [-53.25, 2.23], [-53.23, 2.205], [-53.18, 2.21], [-53.08, 2.2], [-53.01, 2.18], [-52.965, 2.185], [-52.905, 2.21], [-52.87, 2.265], [-52.785, 2.315], [-52.7, 2.365], [-52.655, 2.425], [-52.585, 2.53], [-52.56, 2.575], [-52.555, 2.65], [-52.455, 2.865], [-52.42, 2.905], [-52.395, 2.97], [-52.355, 3.05], [-52.355, 3.12], [-52.33, 3.18], [-52.27, 3.235], [-52.23, 3.27], [-52.165, 3.365], [-52.115, 3.45], [-52.0, 3.645], [-51.99, 3.7], [-51.945, 3.735], [-51.93, 3.775], [-51.88, 3.83], [-51.825, 3.87], [-51.805, 3.93], [-51.765, 3.995], [-51.685, 4.04], [-51.655, 4.06], [-51.56, 4.235], [-51.545, 4.31], [-51.46, 4.315], [-51.325, 4.225], [-51.22, 4.095], [-51.075, 3.67], [-51.05, 3.28], [-50.995, 3.08], [-50.825, 2.65], [-50.815, 2.575], [-50.79, 2.48], [-50.735, 2.375], [-50.68, 2.21], [-50.675, 2.18], [-50.715, 2.135], [-50.66, 2.13], [-50.61, 2.105], [-50.575, 2.0], [-50.535, 1.925], [-50.46, 1.83], [-50.305, 1.8], [-50.19, 1.785], [-50.055, 1.73], [-49.955, 1.66], [-49.88, 1.42], [-49.905, 1.27], [-49.9, 1.165], [-49.94, 1.12], [-50.045, 1.05], [-50.07, 1.015], [-50.295, 0.835], [-50.345, 0.75], [-50.465, 0.635], [-50.58, 0.42], [-50.755, 0.225], [-50.815, 0.175], [-50.91, 0.16], [-50.965, 0.13], [-51.1, -0.03], [-51.285, -0.085], [-51.3, -0.18], [-51.405, -0.395], [-51.495, -0.51], [-51.555, -0.55], [-51.705, -0.76], [-51.72, -0.855], [-51.72, -1.02], [-51.82, -1.12], [-51.92, -1.18], [-51.935, -1.32], [-51.98, -1.37], [-52.02, -1.4], [-52.23, -1.36], [-52.555, -1.515], [-52.665, -1.55], [-52.31, -1.56], [-52.195, -1.64], [-51.95, -1.585], [-51.645, -1.395], [-51.53, -1.355], [-51.295, -1.225], [-51.2, -1.135], [-51.03, -1.03], [-50.99, -0.985], [-50.895, -0.94], [-50.84, -1.0], [-50.84, -1.04], [-50.92, -1.115], [-50.895, -1.165], [-50.845, -1.225], [-50.825, -1.31], [-50.82, -1.375], [-50.785, -1.49], [-50.68, -1.645], [-50.675, -1.695], [-50.69, -1.76], [-50.64, -1.815], [-50.585, -1.85], [-50.405, -2.015], [-50.26, -1.925], [-50.175, -1.895], [-50.115, -1.86], [-50.0, -1.83], [-49.905, -1.87], [-49.72, -1.925], [-49.585, -1.865], [-49.315, -1.73], [-49.4, -1.97], [-49.46, -2.19], [-49.505, -2.28], [-49.555, -2.52], [-49.6, -2.585], [-49.635, -2.655], [-49.575, -2.63], [-49.525, -2.595], [-49.46, -2.505], [-49.41, -2.345], [-49.21, -1.915], [-49.155, -1.88], [-48.99, -1.83], [-48.71, -1.49], [-48.6, -1.49], [-48.53, -1.565], [-48.465, -1.615], [-48.445, -1.52], [-48.35, -1.48], [-48.45, -1.435], [-48.47, -1.395], [-48.48, -1.325], [-48.41, -1.23], [-48.45, -1.145], [-48.305, -1.04], [-48.32, -0.96], [-48.265, -0.895], [-48.2, -0.83], [-48.13, -0.795], [-48.115, -0.74], [-48.07, -0.715], [-48.035, -0.705], [-47.96, -0.77], [-47.885, -0.695], [-47.81, -0.665], [-47.775, -0.675], [-47.73, -0.71], [-47.685, -0.725], [-47.65, -0.72], [-47.555, -0.67], [-47.47, -0.75], [-47.42, -0.765], [-47.435, -0.72], [-47.46, -0.68], [-47.44, -0.65], [-47.4, -0.625], [-47.27, -0.645], [-47.2, -0.68], [-47.125, -0.745], [-47.025, -0.75], [-46.945, -0.745], [-46.895, -0.78], [-46.81, -0.78], [-46.77, -0.835], [-46.645, -0.915], [-46.615, -0.97], [-46.515, -0.995], [-46.42, -1.03], [-46.32, -1.04], [-46.22, -1.03], [-46.215, -1.1], [-46.14, -1.12], [-46.045, -1.105], [-45.97, -1.185], [-45.78, -1.25], [-45.645, -1.35], [-45.555, -1.33], [-45.46, -1.355], [-45.355, -1.565], [-45.33, -1.715], [-45.28, -1.695], [-45.24, -1.63], [-45.18, -1.505], [-45.075, -1.465], [-45.025, -1.515], [-44.92, -1.59], [-44.83, -1.67], [-44.79, -1.725], [-44.72, -1.735], [-44.78, -1.8], [-44.72, -1.79], [-44.65, -1.745], [-44.59, -1.84], [-44.545, -1.945], [-44.54, -2.055], [-44.58, -2.115], [-44.615, -2.15], [-44.66, -2.23], [-44.71, -2.24], [-44.755, -2.265], [-44.7, -2.32], [-44.66, -2.375], [-44.58, -2.23], [-44.52, -2.19], [-44.435, -2.17], [-44.39, -2.27], [-44.38, -2.365], [-44.52, -2.405], [-44.52, -2.48], [-44.56, -2.525], [-44.59, -2.575], [-44.61, -2.675], [-44.64, -2.76], [-44.72, -3.14], [-44.725, -3.205], [-44.625, -3.14], [-44.44, -2.945], [-44.38, -2.74], [-44.31, -2.535], [-44.23, -2.47], [-44.18, -2.47], [-44.105, -2.495], [-44.1, -2.56], [-44.115, -2.6], [-44.19, -2.7], [-44.225, -2.755], [-44.195, -2.81], [-44.015, -2.64], [-43.935, -2.585], [-43.865, -2.595], [-43.73, -2.52], [-43.455, -2.5], [-43.435, -2.415], [-43.38, -2.375], [-43.23, -2.385], [-42.935, -2.465], [-42.83, -2.53], [-42.675, -2.59], [-42.595, -2.66], [-42.25, -2.79], [-42.0, -2.805], [-41.875, -2.745], [-41.72, -2.81], [-41.64, -2.88], [-41.48, -2.915], [-41.32, -2.935], [-41.195, -2.885], [-40.875, -2.87], [-40.475, -2.795], [-40.235, -2.815], [-39.965, -2.86], [-39.77, -2.985], [-39.61, -3.055], [-39.51, -3.125], [-39.355, -3.195], [-39.015, -3.39], [-38.895, -3.5], [-38.685, -3.655], [-38.475, -3.715], [-38.36, -3.875], [-38.27, -3.95], [-38.05, -4.215], [-37.795, -4.405], [-37.625, -4.59], [-37.3, -4.715], [-37.175, -4.91], [-36.955, -4.935], [-36.86, -4.965], [-36.745, -5.05], [-36.59, -5.1], [-36.385, -5.085], [-36.16, -5.095], [-35.98, -5.055], [-35.55, -5.13], [-35.48, -5.165], [-35.395, -5.25], [-35.235, -5.565], [-35.14, -5.915], [-35.095, -6.185], [-34.99, -6.395], [-34.93, -6.785], [-34.88, -6.91], [-34.875, -7.005], [-34.835, -7.025], [-34.805, -7.29], [-34.815, -7.395], [-34.86, -7.535], [-34.86, -7.595], [-34.855, -7.635], [-34.875, -7.69], [-34.88, -7.745], [-34.835, -7.87], [-34.835, -7.97], [-34.89, -8.09], [-34.965, -8.41], [-35.16, -8.93], [-35.34, -9.23], [-35.595, -9.54], [-35.765, -9.705], [-35.83, -9.72], [-35.89, -9.685], [-35.85, -9.77], [-35.885, -9.85], [-36.055, -10.075], [-36.225, -10.225], [-36.4, -10.485], [-36.41, -10.49], [-36.635, -10.59], [-36.77, -10.67], [-36.94, -10.82], [-37.095, -11.055], [-37.125, -11.085], [-37.185, -11.07], [-37.18, -11.19], [-37.315, -11.375], [-37.355, -11.405], [-37.355, -11.35], [-37.33, -11.31], [-37.32, -11.265], [-37.32, -11.215], [-37.36, -11.255], [-37.44, -11.395], [-37.41, -11.495], [-37.47, -11.655], [-37.69, -12.1], [-37.955, -12.475], [-38.02, -12.59], [-38.24, -12.845], [-38.4, -12.965], [-38.445, -12.965], [-38.5, -12.955], [-38.525, -12.76], [-38.655, -12.645], [-38.69, -12.625], [-38.745, -12.75], [-38.79, -12.785], [-38.85, -12.79], [-38.785, -12.845], [-38.765, -12.905], [-38.835, -13.035], [-38.835, -13.145], [-38.96, -13.275], [-39.03, -13.365], [-39.065, -13.48], [-39.09, -13.59], [-39.035, -13.56], [-39.01, -13.58], [-38.99, -13.615], [-39.0, -13.665], [-39.04, -13.76], [-39.035, -13.99], [-39.05, -14.045], [-39.01, -14.1], [-38.965, -14.005], [-38.94, -14.03], [-39.06, -14.655], [-39.015, -14.935], [-38.995, -15.255], [-38.945, -15.565], [-38.885, -15.84], [-38.88, -15.865], [-38.96, -16.185], [-39.065, -16.505], [-39.125, -16.765], [-39.165, -17.045], [-39.205, -17.18], [-39.215, -17.315], [-39.17, -17.64], [-39.155, -17.705], [-39.28, -17.85], [-39.415, -17.92], [-39.485, -17.99], [-39.65, -18.25], [-39.74, -18.64], [-39.74, -18.845], [-39.7, -19.28], [-39.73, -19.455], [-39.785, -19.57], [-39.845, -19.65], [-40.0, -19.74], [-40.14, -19.97], [-40.205, -20.205], [-40.3, -20.295], [-40.32, -20.425], [-40.395, -20.57], [-40.595, -20.785], [-40.725, -20.845], [-40.79, -20.905], [-40.83, -21.03], [-40.955, -21.24], [-41.045, -21.505], [-41.025, -21.595], [-41.02, -21.61], [-40.99, -21.92], [-41.0, -22.0], [-41.125, -22.085], [-41.585, -22.245], [-41.705, -22.31], [-41.98, -22.58], [-42.0, -22.645], [-41.985, -22.735], [-41.94, -22.79], [-41.99, -22.845], [-42.04, -22.945], [-42.12, -22.94], [-42.58, -22.94], [-42.83, -22.975], [-42.96, -22.965], [-43.015, -22.945], [-43.08, -22.905], [-43.1, -22.85], [-43.065, -22.77], [-43.085, -22.725], [-43.155, -22.725], [-43.23, -22.75], [-43.24, -22.795], [-43.235, -22.83], [-43.21, -22.88], [-43.195, -22.94], [-43.225, -22.99], [-43.37, -23.0], [-43.535, -23.045], [-43.735, -23.065], [-43.9, -23.1], [-43.975, -23.055], [-43.9, -23.035], [-43.79, -23.045], [-43.675, -23.01], [-43.705, -22.965], [-43.865, -22.91], [-44.045, -22.945], [-44.15, -23.01], [-44.37, -23.005], [-44.635, -23.055], [-44.68, -23.105], [-44.675, -23.205], [-44.62, -23.23], [-44.57, -23.275], [-44.62, -23.315], [-44.665, -23.335], [-44.95, -23.38], [-45.215, -23.575], [-45.325, -23.6], [-45.425, -23.685], [-45.435, -23.76], [-45.465, -23.805], [-45.525, -23.805], [-45.665, -23.765], [-45.845, -23.765], [-45.97, -23.795], [-46.63, -24.11], [-46.865, -24.235], [-47.135, -24.495], [-47.59, -24.78], [-47.83, -24.955], [-47.875, -24.995], [-47.915, -25.0], [-47.99, -25.035], [-47.96, -25.065], [-47.91, -25.07], [-47.93, -25.17], [-48.025, -25.235], [-48.205, -25.415], [-48.24, -25.405], [-48.185, -25.31], [-48.275, -25.305], [-48.4, -25.27], [-48.46, -25.31], [-48.43, -25.405], [-48.475, -25.445], [-48.565, -25.445], [-48.645, -25.435], [-48.73, -25.37], [-48.69, -25.49], [-48.505, -25.52], [-48.43, -25.55], [-48.4, -25.595], [-48.545, -25.815], [-48.665, -25.845], [-48.68, -25.875], [-48.615, -25.875], [-48.575, -25.935], [-48.62, -26.18], [-48.68, -26.225], [-48.715, -26.225], [-48.75, -26.27], [-48.7, -26.35], [-48.65, -26.405], [-48.66, -26.52], [-48.675, -26.61], [-48.68, -26.705], [-48.615, -26.88], [-48.595, -27.06], [-48.57, -27.125], [-48.555, -27.195], [-48.595, -27.265], [-48.57, -27.375], [-48.645, -27.56], [-48.605, -27.825], [-48.62, -28.075], [-48.65, -28.205], [-48.695, -28.31], [-48.795, -28.445], [-48.8, -28.575], [-49.025, -28.7], [-49.27, -28.87], [-49.5, -29.075], [-49.745, -29.365], [-50.035, -29.8], [-50.3, -30.425], [-50.62, -30.9], [-50.75, -31.07], [-50.92, -31.26], [-51.15, -31.48], [-51.46, -31.7], [-51.8, -31.9], [-51.92, -31.99], [-52.04, -32.115], [-52.07, -32.065], [-52.045, -31.98], [-52.06, -31.915], [-52.065, -31.83], [-51.995, -31.815], [-51.895, -31.87], [-51.84, -31.83], [-51.805, -31.795], [-51.68, -31.775], [-51.445, -31.555], [-51.27, -31.475], [-51.175, -31.34], [-51.16, -31.265], [-51.16, -31.12], [-51.105, -31.08], [-50.98, -31.095], [-50.955, -31.05], [-50.965, -31.005], [-50.94, -30.905], [-50.77, -30.815], [-50.69, -30.705], [-50.715, -30.425], [-50.685, -30.415], [-50.615, -30.455], [-50.58, -30.44], [-50.545, -30.315], [-50.565, -30.255], [-50.645, -30.235], [-50.93, -30.375], [-51.025, -30.37], [-51.04, -30.26], [-51.18, -30.21], [-51.235, -30.12], [-51.25, -30.06], [-51.3, -30.035], [-51.295, -30.14], [-51.28, -30.245], [-51.155, -30.365], [-51.19, -30.41], [-51.245, -30.47], [-51.29, -30.59], [-51.285, -30.75], [-51.315, -30.705], [-51.36, -30.675], [-51.375, -30.845], [-51.46, -30.915], [-51.485, -30.98], [-51.465, -31.055], [-51.505, -31.105], [-51.715, -31.245], [-51.925, -31.34], [-51.97, -31.385], [-51.995, -31.49], [-52.025, -31.6], [-52.12, -31.695], [-52.195, -31.885], [-52.19, -31.97], [-52.165, -32.09], [-52.125, -32.17], [-52.19, -32.22], [-52.275, -32.325], [-52.34, -32.44], [-52.51, -32.875], [-52.65, -33.14], [-52.765, -33.265], [-52.92, -33.4], [-53.37, -33.74], [-53.4, -33.735], [-53.465, -33.71], [-53.52, -33.675], [-53.53, -33.655], [-53.54, -33.625], [-53.53, -33.5], [-53.53, -33.17], [-53.51, -33.11], [-53.485, -33.07], [-53.395, -33.01], [-53.31, -32.925], [-53.215, -32.82], [-53.125, -32.735], [-53.155, -32.68], [-53.23, -32.625], [-53.365, -32.58], [-53.49, -32.505], [-53.6, -32.405], [-53.655, -32.3], [-53.7, -32.185], [-53.745, -32.095], [-53.76, -32.055], [-53.805, -32.04], [-53.875, -31.995], [-53.92, -31.95], [-53.985, -31.93], [-54.1, -31.9], [-54.22, -31.855], [-54.37, -31.745], [-54.48, -31.625], [-54.53, -31.54], [-54.59, -31.485], [-54.895, -31.39], [-55.035, -31.28], [-55.09, -31.315], [-55.175, -31.28], [-55.255, -31.225], [-55.28, -31.185], [-55.315, -31.14], [-55.345, -31.095], [-55.365, -31.045], [-55.45, -30.965], [-55.555, -30.875], [-55.605, -30.85], [-55.625, -30.86], [-55.65, -30.89], [-55.665, -30.925], [-55.705, -30.945], [-55.755, -30.985], [-55.81, -31.035], [-55.875, -31.07], [-55.95, -31.08], [-56.005, -31.08], [-56.015, -31.06], [-56.02, -30.99], [-56.0, -30.835], [-56.045, -30.78], [-56.105, -30.715], [-56.175, -30.63], [-56.405, -30.445], [-56.72, -30.185], [-56.835, -30.105], [-56.935, -30.1], [-57.035, -30.11], [-57.12, -30.145], [-57.185, -30.265], [-57.215, -30.285], [-57.385, -30.28], [-57.55, -30.26], [-57.61, -30.19], [-57.565, -30.14], [-57.405, -30.035], [-57.315, -29.94], [-57.3, -29.855], [-57.225, -29.78], [-57.09, -29.715], [-56.94, -29.595], [-56.77, -29.42], [-56.67, -29.285], [-56.635, -29.205], [-56.57, -29.14], [-56.475, -29.09], [-56.395, -28.995], [-56.32, -28.85], [-56.225, -28.735], [-56.105, -28.65], [-56.035, -28.58], [-56.02, -28.525], [-55.985, -28.49], [-55.93, -28.475], [-55.905, -28.445], [-55.905, -28.4], [-55.89, -28.37], [-55.86, -28.355], [-55.805, -28.36], [-55.73, -28.385], [-55.685, -28.38], [-55.67, -28.345], [-55.69, -28.305], [-55.745, -28.255], [-55.725, -28.205], [-55.58, -28.12], [-55.475, -28.09], [-55.41, -28.04], [-55.345, -27.955], [-55.245, -27.9], [-55.1, -27.865], [-55.065, -27.835], [-55.07, -27.795], [-55.04, -27.77], [-54.955, -27.745], [-54.91, -27.71], [-54.905, -27.65], [-54.875, -27.6], [-54.83, -27.55], [-54.775, -27.535], [-54.72, -27.545], [-54.665, -27.525], [-54.615, -27.475], [-54.555, -27.455], [-54.485, -27.455], [-54.45, -27.445], [-54.325, -27.425], [-54.26, -27.38], [-54.205, -27.29], [-54.155, -27.255], [-54.115, -27.275], [-54.04, -27.245], [-53.935, -27.16], [-53.915, -27.16], [-53.84, -27.12], [-53.76, -26.98], [-53.715, -26.885], [-53.725, -26.805], [-53.755, -26.75], [-53.745, -26.665], [-53.72, -26.445], [-53.71, -26.35], [-53.67, -26.29], [-53.67, -26.225], [-53.745, -26.085], [-53.825, -25.96], [-53.865, -25.75], [-53.89, -25.67], [-53.955, -25.65], [-54.01, -25.58], [-54.085, -25.57], [-54.12, -25.545], [-54.155, -25.525], [-54.205, -25.53], [-54.25, -25.57], [-54.33, -25.57], [-54.385, -25.59], [-54.445, -25.625], [-54.5, -25.61], [-54.54, -25.575], [-54.615, -25.575], [-54.61, -25.435], [-54.475, -25.22], [-54.435, -25.12], [-54.455, -25.065], [-54.415, -24.865], [-54.315, -24.53], [-54.28, -24.305], [-54.315, -24.2], [-54.32, -24.13], [-54.265, -24.065], [-54.24, -24.045], [-54.37, -23.97], [-54.44, -23.9], [-54.53, -23.85], [-54.625, -23.81], [-54.67, -23.83], [-54.72, -23.85], [-54.815, -23.89], [-54.925, -23.95], [-54.985, -23.975], [-55.08, -24.0], [-55.195, -24.015], [-55.285, -24.005], [-55.365, -23.99], [-55.415, -23.95], [-55.44, -23.865], [-55.44, -23.795], [-55.46, -23.685], [-55.52, -23.625], [-55.54, -23.58], [-55.54, -23.525], [-55.535, -23.46], [-55.52, -23.415], [-55.53, -23.36], [-55.555, -23.32], [-55.55, -23.25], [-55.56, -23.155], [-55.6, -23.095], [-55.62, -23.025], [-55.62, -22.955], [-55.65, -22.885], [-55.655, -22.81], [-55.63, -22.74], [-55.62, -22.67], [-55.645, -22.62], [-55.705, -22.59], [-55.745, -22.515], [-55.755, -22.41], [-55.8, -22.355], [-55.85, -22.31], [-55.905, -22.31], [-55.99, -22.28], [-56.065, -22.285], [-56.19, -22.28], [-56.245, -22.265], [-56.275, -22.23], [-56.35, -22.18], [-56.395, -22.095], [-56.45, -22.075], [-56.525, -22.105], [-56.55, -22.135], [-56.58, -22.18], [-56.635, -22.235], [-56.7, -22.23], [-56.775, -22.26], [-56.845, -22.265], [-56.935, -22.27], [-57.03, -22.245], [-57.14, -22.215], [-57.24, -22.195], [-57.33, -22.215], [-57.395, -22.2], [-57.475, -22.19], [-57.57, -22.18], [-57.64, -22.13], [-57.72, -22.1], [-57.765, -22.11], [-57.82, -22.14], [-57.88, -22.135], [-57.955, -22.11], [-57.985, -22.045], [-57.98, -22.005], [-57.96, -21.965], [-57.935, -21.91], [-57.95, -21.85], [-57.945, -21.8], [-57.93, -21.75], [-57.915, -21.7], [-57.925, -21.65], [-57.93, -21.595], [-57.935, -21.545], [-57.945, -21.495], [-57.905, -21.42], [-57.875, -21.355], [-57.895, -21.3], [-57.885, -21.265], [-57.86, -21.205], [-57.825, -21.135], [-57.83, -21.0], [-57.86, -20.92], [-57.89, -20.895], [-57.9, -20.875], [-57.885, -20.84], [-57.9, -20.81], [-57.91, -20.775], [-57.89, -20.745], [-57.915, -20.69], [-57.96, -20.675], [-57.98, -20.655], [-57.995, -20.595], [-58.01, -20.52], [-58.0, -20.465], [-58.025, -20.415], [-58.06, -20.385], [-58.09, -20.335], [-58.125, -20.295], [-58.14, -20.235], [-58.16, -20.165], [-58.095, -20.15], [-58.07, -20.11], [-58.02, -20.055], [-57.96, -20.04], [-57.89, -20.02], [-57.86, -19.98], [-58.03, -19.835], [-58.13, -19.745], [-58.07, -19.625], [-57.97, -19.425], [-57.875, -19.23], [-57.8, -19.08], [-57.78, -19.055], [-57.715, -19.045], [-57.73, -18.965], [-57.73, -18.915], [-57.785, -18.915], [-57.725, -18.735], [-57.64, -18.475], [-57.575, -18.28], [-57.555, -18.245], [-57.505, -18.235], [-57.495, -18.215], [-57.55, -18.185], [-57.585, -18.12], [-57.66, -17.945], [-57.78, -17.67], [-57.79, -17.575], [-57.83, -17.51], [-57.905, -17.53], [-57.99, -17.515], [-58.205, -17.365], [-58.35, -17.28], [-58.395, -17.235], [-58.415, -17.08], [-58.46, -16.91], [-58.48, -16.7], [-58.47, -16.65], [-58.35, -16.49], [-58.35, -16.41], [-58.34, -16.34], [-58.345, -16.285], [-58.375, -16.285], [-58.425, -16.31], [-58.495, -16.325], [-58.54, -16.33], [-58.955, -16.315], [-59.435, -16.295], [-59.83, -16.28], [-60.175, -16.27], [-60.185, -16.13], [-60.205, -15.9], [-60.22, -15.74], [-60.24, -15.48], [-60.38, -15.32], [-60.53, -15.145], [-60.585, -15.1], [-60.4, -15.095], [-60.275, -15.09], [-60.3, -14.62], [-60.34, -14.57], [-60.375, -14.42], [-60.395, -14.335], [-60.46, -14.265], [-60.475, -14.185], [-60.465, -14.13], [-60.43, -14.1], [-60.405, -14.02], [-60.42, -13.94], [-60.46, -13.86], [-60.505, -13.79], [-60.595, -13.745], [-60.72, -13.665], [-60.915, -13.56], [-61.075, -13.49], [-61.13, -13.5], [-61.415, -13.525], [-61.51, -13.54], [-61.575, -13.525], [-61.79, -13.525], [-61.875, -13.47], [-61.945, -13.405], [-62.095, -13.24], [-62.12, -13.16], [-62.175, -13.135], [-62.265, -13.145], [-62.355, -13.13], [-62.525, -13.065], [-62.685, -12.995], [-62.765, -12.995], [-62.835, -12.955], [-62.96, -12.845], [-63.015, -12.805], [-63.04, -12.75], [-63.065, -12.67], [-63.115, -12.65], [-63.18, -12.665], [-63.25, -12.71], [-63.345, -12.68], [-63.465, -12.605], [-63.54, -12.545], [-63.585, -12.52], [-63.69, -12.48], [-63.79, -12.47], [-63.94, -12.53], [-64.06, -12.505], [-64.255, -12.485], [-64.42, -12.44], [-64.48, -12.325], [-64.515, -12.25], [-64.61, -12.205], [-64.69, -12.145], [-64.785, -12.06], [-64.83, -12.03], [-64.915, -12.005], [-64.995, -11.975], [-65.0, -11.92], [-65.03, -11.845], [-65.035, -11.83], [-65.09, -11.74], [-65.115, -11.735], [-65.145, -11.75], [-65.165, -11.765], [-65.185, -11.75], [-65.19, -11.71], [-65.175, -11.645], [-65.205, -11.58], [-65.28, -11.51], [-65.32, -11.44], [-65.325, -11.365], [-65.34, -11.315], [-65.375, -11.29], [-65.39, -11.245], [-65.395, -11.185], [-65.37, -11.11], [-65.325, -11.025], [-65.335, -10.895], [-65.4, -10.715], [-65.44, -10.585], [-65.445, -10.505], [-65.435, -10.45], [-65.395, -10.39], [-65.315, -10.255], [-65.3, -10.145], [-65.325, -10.025], [-65.33, -9.935], [-65.31, -9.875], [-65.34, -9.79], [-65.395, -9.71], [-65.435, -9.71], [-65.49, -9.73], [-65.56, -9.795], [-65.635, -9.81], [-65.705, -9.77], [-65.925, -9.785], [-66.265, -9.825], [-66.4, -9.87], [-66.48, -9.885], [-66.575, -9.9], [-66.73, -9.975], [-67.11, -10.27], [-67.19, -10.31], [-67.28, -10.315], [-67.335, -10.36], [-67.415, -10.39], [-67.58, -10.505], [-67.665, -10.6], [-67.72, -10.685], [-67.785, -10.685], [-67.835, -10.665], [-67.99, -10.675], [-68.07, -10.705], [-68.16, -10.785], [-68.265, -10.935], [-68.31, -10.975], [-68.4, -11.02], [-68.5, -11.055], [-68.625, -11.11], [-68.68, -11.115], [-68.725, -11.12], [-68.77, -11.1], [-68.785, -11.045], [-68.85, -11.01], [-69.0, -10.995], [-69.23, -10.955], [-69.465, -10.95], [-69.58, -10.95], [-69.675, -10.955], [-69.84, -10.935], [-69.96, -10.93], [-70.065, -10.98], [-70.22, -11.05], [-70.29, -11.065], [-70.34, -11.065], [-70.39, -11.06], [-70.45, -11.025], [-70.535, -10.945], [-70.595, -10.975], [-70.64, -11.01], [-70.64, -10.84], [-70.64, -10.585], [-70.64, -10.36], [-70.64, -10.18], [-70.64, -9.97], [-70.635, -9.825], [-70.595, -9.765], [-70.565, -9.705], [-70.6, -9.62], [-70.59, -9.545], [-70.57, -9.49], [-70.54, -9.44], [-70.61, -9.465], [-70.635, -9.48], [-70.67, -9.52], [-70.76, -9.57], [-70.815, -9.625], [-70.885, -9.67], [-70.97, -9.765], [-71.04, -9.82], [-71.115, -9.85], [-71.24, -9.965], [-71.34, -9.99], [-71.61, -10.005], [-71.885, -10.005], [-72.145, -10.005], [-72.18, -10.005], [-72.18, -9.91], [-72.175, -9.845], [-72.26, -9.775], [-72.265, -9.69], [-72.29, -9.63], [-72.32, -9.555], [-72.38, -9.51], [-72.465, -9.49], [-72.605, -9.45], [-72.815, -9.41], [-73.015, -9.405], [-73.21, -9.41], [-73.09, -9.265], [-72.97, -9.12], [-72.975, -8.995], [-73.07, -8.885], [-73.125, -8.815], [-73.205, -8.72], [-73.3, -8.655], [-73.355, -8.565], [-73.35, -8.515], [-73.36, -8.48], [-73.4, -8.46], [-73.435, -8.425], [-73.49, -8.39], [-73.55, -8.345], [-73.55, -8.3], [-73.57, -8.25], [-73.61, -8.19], [-73.61, -8.145], [-73.645, -8.075], [-73.685, -8.02], [-73.72, -7.985], [-73.775, -7.935], [-73.775, -7.895], [-73.73, -7.875], [-73.715, -7.83], [-73.72, -7.785], [-73.765, -7.755], [-73.82, -7.74], [-73.895, -7.655], [-73.945, -7.61], [-73.98, -7.585], [-74.0, -7.555], [-73.98, -7.535], [-73.96, -7.505], [-73.955, -7.46], [-73.965, -7.415], [-73.965, -7.38], [-73.93, -7.365], [-73.89, -7.375], [-73.855, -7.35], [-73.805, -7.34], [-73.75, -7.335], [-73.72, -7.31], [-73.725, -7.265], [-73.76, -7.175], [-73.795, -7.135], [-73.805, -7.08], [-73.775, -6.975], [-73.76, -6.905], [-73.695, -6.835], [-73.5, -6.68], [-73.325, -6.575], [-73.24, -6.565], [-73.175, -6.525], [-73.135, -6.465], [-73.125, -6.4], [-73.135, -6.345], [-73.17, -6.26], [-73.205, -6.155], [-73.235, -6.1], [-73.21, -6.03], [-73.165, -5.935], [-73.07, -5.79], [-72.98, -5.635], [-72.97, -5.59], [-72.96, -5.495], [-72.92, -5.305], [-72.895, -5.2], [-72.905, -5.16], [-72.885, -5.125], [-72.83, -5.095], [-72.7, -5.065], [-72.61, -5.01], [-72.47, -4.9], [-72.355, -4.785], [-72.255, -4.75], [-72.085, -4.64], [-71.98, -4.575], [-71.945, -4.555], [-71.845, -4.505], [-71.67, -4.485], [-71.52, -4.47], [-71.44, -4.44], [-71.315, -4.425], [-71.235, -4.39], [-71.145, -4.385], [-70.975, -4.35], [-70.915, -4.295], [-70.865, -4.23], [-70.8, -4.175], [-70.72, -4.16], [-70.635, -4.17], [-70.53, -4.17], [-70.405, -4.15], [-70.345, -4.195], [-70.315, -4.245], [-70.24, -4.3], [-70.185, -4.3], [-70.13, -4.285], [-70.055, -4.335], [-70.005, -4.325], [-69.97, -4.3], [-69.965, -4.235], [-69.95, -4.2], [-69.91, -3.995], [-69.85, -3.66], [-69.795, -3.355], [-69.735, -3.015], [-69.67, -2.67], [-69.605, -2.315], [-69.55, -2.025], [-69.505, -1.775], [-69.48, -1.62], [-69.435, -1.42], [-69.42, -1.245], [-69.4, -1.195], [-69.41, -1.15], [-69.45, -1.09], [-69.45, -1.065], [-69.445, -1.03], [-69.45, -1.0], [-69.49, -0.965], [-69.52, -0.945], [-69.545, -0.915], [-69.555, -0.875], [-69.575, -0.84], [-69.585, -0.795], [-69.61, -0.765], [-69.62, -0.72], [-69.6, -0.68], [-69.59, -0.64], [-69.6, -0.6], [-69.61, -0.555], [-69.635, -0.51], [-69.665, -0.48], [-69.745, -0.455], [-69.83, -0.38], [-69.925, -0.315], [-70.045, -0.195], [-70.07, -0.14], [-70.07, 0.02], [-70.065, 0.19], [-70.06, 0.445], [-70.055, 0.58], [-69.985, 0.585], [-69.925, 0.59], [-69.86, 0.6], [-69.805, 0.605], [-69.755, 0.625], [-69.72, 0.65], [-69.675, 0.665], [-69.64, 0.66], [-69.605, 0.68], [-69.565, 0.7], [-69.525, 0.715], [-69.47, 0.73], [-69.42, 0.7], [-69.39, 0.665], [-69.36, 0.65], [-69.325, 0.655], [-69.305, 0.65], [-69.285, 0.625], [-69.255, 0.625], [-69.215, 0.63], [-69.175, 0.635], [-69.155, 0.645], [-69.155, 0.66], [-69.165, 0.685], [-69.175, 0.715], [-69.165, 0.755], [-69.165, 0.8], [-69.165, 0.865], [-69.195, 0.9], [-69.225, 0.965], [-69.26, 1.015], [-69.31, 1.05], [-69.36, 1.065], [-69.405, 1.04], [-69.44, 1.04], [-69.47, 1.06], [-69.515, 1.06], [-69.57, 1.065], [-69.62, 1.075], [-69.715, 1.06], [-69.75, 1.075], [-69.8, 1.08], [-69.85, 1.06], [-69.85, 1.31], [-69.85, 1.545], [-69.85, 1.71], [-69.8, 1.705], [-69.74, 1.735], [-69.65, 1.74], [-69.58, 1.77], [-69.545, 1.775], [-69.47, 1.76], [-69.395, 1.725], [-69.32, 1.72], [-69.125, 1.72], [-68.915, 1.72], [-68.68, 1.72], [-68.445, 1.72], [-68.24, 1.72], [-68.175, 1.72], [-68.215, 1.775], [-68.255, 1.845], [-68.24, 1.9], [-68.22, 1.96], [-68.195, 1.985], [-68.13, 1.955], [-68.075, 1.86], [-68.035, 1.79], [-67.99, 1.755], [-67.935, 1.75], [-67.875, 1.76], [-67.815, 1.79], [-67.71, 1.92], [-67.61, 2.035], [-67.555, 2.075], [-67.5, 2.11], [-67.46, 2.12], [-67.4, 2.115], [-67.35, 2.085], [-67.32, 2.03], [-67.205, 1.845], [-67.12, 1.705], [-67.09, 1.615], [-67.09, 1.4], [-67.095, 1.21], [-67.08, 1.185], [-67.065, 1.18], [-66.875, 1.225]]], [[[-49.63, -0.23], [-49.535, -0.235], [-49.405, -0.215], [-49.315, -0.17], [-49.215, -0.16], [-49.115, -0.165], [-48.785, -0.215], [-48.59, -0.23], [-48.515, -0.25], [-48.445, -0.27], [-48.395, -0.295], [-48.38, -0.355], [-48.43, -0.44], [-48.465, -0.535], [-48.495, -0.665], [-48.525, -0.69], [-48.565, -0.685], [-48.54, -0.8], [-48.55, -0.85], [-48.57, -0.895], [-48.625, -0.985], [-48.705, -1.105], [-48.73, -1.13], [-48.79, -1.175], [-48.84, -1.225], [-48.83, -1.275], [-48.805, -1.325], [-48.835, -1.39], [-48.93, -1.48], [-48.985, -1.505], [-49.04, -1.515], [-49.085, -1.505], [-49.175, -1.415], [-49.18, -1.485], [-49.205, -1.56], [-49.235, -1.6], [-49.345, -1.595], [-49.405, -1.555], [-49.505, -1.51], [-49.525, -1.63], [-49.59, -1.71], [-49.65, -1.74], [-49.75, -1.755], [-49.805, -1.79], [-49.91, -1.765], [-50.01, -1.71], [-50.065, -1.705], [-50.11, -1.75], [-50.34, -1.755], [-50.445, -1.8], [-50.51, -1.79], [-50.6, -1.7], [-50.615, -1.64], [-50.675, -1.515], [-50.725, -1.37], [-50.76, -1.24], [-50.73, -1.125], [-50.67, -1.13], [-50.595, -1.145], [-50.58, -1.14], [-50.575, -1.105], [-50.595, -1.075], [-50.71, -1.08], [-50.785, -1.01], [-50.795, -0.905], [-50.78, -0.69], [-50.77, -0.645], [-50.72, -0.585], [-50.705, -0.53], [-50.715, -0.47], [-50.695, -0.365], [-50.645, -0.275], [-50.46, -0.155], [-50.25, -0.115], [-49.63, -0.23]]], [[[-44.13, -23.14], [-44.1, -23.17], [-44.155, -23.165], [-44.22, -23.19], [-44.32, -23.21], [-44.36, -23.17], [-44.275, -23.115], [-44.245, -23.075], [-44.22, -23.085], [-44.19, -23.115], [-44.13, -23.14]]], [[[-48.585, -26.4], [-48.605, -26.415], [-48.665, -26.29], [-48.54, -26.17], [-48.5, -26.22], [-48.53, -26.315], [-48.57, -26.38], [-48.585, -26.4]]], [[[-45.26, -23.89], [-45.26, -23.94], [-45.305, -23.915], [-45.415, -23.935], [-45.45, -23.895], [-45.3, -23.73], [-45.27, -23.75], [-45.25, -23.785], [-45.235, -23.825], [-45.25, -23.855], [-45.26, -23.89]]], [[[-44.5, -2.94], [-44.6, -3.04], [-44.565, -2.925], [-44.58, -2.845], [-44.57, -2.785], [-44.5, -2.725], [-44.48, -2.72], [-44.485, -2.79], [-44.485, -2.81], [-44.5, -2.94]]], [[[-38.745, -13.095], [-38.785, -13.12], [-38.785, -13.055], [-38.685, -12.975], [-38.67, -12.88], [-38.615, -12.925], [-38.6, -12.97], [-38.6, -12.995], [-38.745, -13.095]]], [[[-38.905, -13.475], [-38.94, -13.53], [-38.98, -13.525], [-38.995, -13.485], [-39.02, -13.445], [-39.005, -13.415], [-38.98, -13.4], [-38.905, -13.4], [-38.905, -13.475]]], [[[-44.885, -1.32], [-44.945, -1.365], [-44.97, -1.39], [-45.02, -1.37], [-45.01, -1.345], [-44.995, -1.35], [-44.98, -1.265], [-44.89, -1.275], [-44.885, -1.32]]], [[[-49.74, 0.27], [-49.695, 0.215], [-49.84, 0.005], [-49.915, -0.025], [-50.0, -0.03], [-50.115, 0.035], [-50.285, 0.03], [-50.34, 0.045], [-50.345, 0.135], [-50.275, 0.23], [-50.13, 0.225], [-49.88, 0.305], [-49.74, 0.27]]], [[[-50.3, 1.94], [-50.4, 1.895], [-50.455, 1.91], [-50.51, 2.03], [-50.49, 2.13], [-50.42, 2.16], [-50.365, 2.155], [-50.34, 2.14], [-50.29, 1.98], [-50.3, 1.94]]], [[[-50.655, -0.13], [-50.925, -0.325], [-51.02, -0.265], [-51.04, -0.225], [-51.02, -0.19], [-51.025, -0.17], [-50.995, -0.105], [-50.84, -0.05], [-50.765, -0.04], [-50.665, -0.06], [-50.65, -0.105], [-50.655, -0.13]]], [[[-49.445, -0.11], [-49.71, -0.145], [-49.83, -0.095], [-49.805, -0.05], [-49.71, 0.015], [-49.6, 0.065], [-49.505, 0.085], [-49.4, 0.055], [-49.37, 0.0], [-49.38, -0.055], [-49.445, -0.11]]], [[[-50.425, 0.14], [-50.445, -0.01], [-50.625, 0.055], [-50.61, 0.205], [-50.525, 0.245], [-50.45, 0.325], [-50.425, 0.425], [-50.425, 0.56], [-50.395, 0.58], [-50.375, 0.59], [-50.35, 0.58], [-50.345, 0.38], [-50.33, 0.26], [-50.425, 0.14]]], [[[-50.155, 0.395], [-50.26, 0.36], [-50.28, 0.39], [-50.28, 0.515], [-50.25, 0.585], [-50.115, 0.605], [-50.1, 0.625], [-50.06, 0.64], [-50.035, 0.595], [-50.04, 0.525], [-50.155, 0.395]]], [[[-51.835, -1.435], [-51.94, -1.455], [-51.8, -1.205], [-51.68, -1.085], [-51.68, -0.855], [-51.545, -0.65], [-51.425, -0.565], [-51.255, -0.54], [-51.16, -0.665], [-51.275, -1.02], [-51.31, -1.025], [-51.465, -1.21], [-51.64, -1.34], [-51.835, -1.435]]], [[[-48.485, -27.765], [-48.555, -27.81], [-48.54, -27.575], [-48.505, -27.495], [-48.465, -27.435], [-48.415, -27.4], [-48.38, -27.45], [-48.41, -27.565], [-48.495, -27.705], [-48.485, -27.765]]]]}}, {"type": "Feature", "properties": {"id": "AUS", "nombre": "Australia"}, "geometry": {"type": "MultiPolygon", "coordinates": [[[[143.18, -11.955], [143.155, -12.075], [143.105, -12.17], [143.1, -12.225], [143.11, -12.305], [143.19, -12.36], [143.255, -12.4], [143.29, -12.5], [143.4, -12.64], [143.4, -12.735], [143.46, -12.855], [143.51, -13.095], [143.53, -13.305], [143.585, -13.445], [143.55, -13.74], [143.59, -13.865], [143.645, -13.965], [143.705, -14.165], [143.755, -14.35], [143.82, -14.4], [143.96, -14.465], [144.105, -14.395], [144.21, -14.3], [144.32, -14.28], [144.475, -14.23], [144.585, -14.355], [144.65, -14.49], [144.915, -14.675], [145.065, -14.79], [145.18, -14.855], [145.29, -14.945], [145.275, -15.03], [145.25, -15.095], [145.275, -15.205], [145.295, -15.325], [145.27, -15.475], [145.35, -15.7], [145.375, -15.88], [145.46, -16.055], [145.45, -16.235], [145.435, -16.305], [145.425, -16.405], [145.49, -16.53], [145.55, -16.625], [145.64, -16.725], [145.755, -16.88], [145.84, -16.91], [145.91, -16.91], [145.9, -17.07], [146.05, -17.38], [146.125, -17.635], [146.075, -17.975], [146.025, -18.175], [146.03, -18.275], [146.225, -18.51], [146.335, -18.555], [146.31, -18.665], [146.295, -18.84], [146.385, -18.975], [146.48, -19.08], [146.585, -19.14], [146.69, -19.185], [146.83, -19.235], [147.005, -19.255], [147.095, -19.335], [147.14, -19.395], [147.28, -19.415], [147.34, -19.405], [147.42, -19.38], [147.47, -19.42], [147.51, -19.475], [147.585, -19.625], [147.74, -19.77], [147.855, -19.795], [147.915, -19.87], [148.005, -19.89], [148.08, -19.9], [148.19, -19.955], [148.365, -20.085], [148.525, -20.11], [148.6, -20.145], [148.76, -20.29], [148.82, -20.365], [148.885, -20.48], [148.805, -20.49], [148.73, -20.47], [148.685, -20.58], [148.79, -20.735], [148.91, -20.845], [149.06, -20.96], [149.205, -21.125], [149.24, -21.25], [149.28, -21.3], [149.33, -21.475], [149.455, -21.58], [149.46, -21.765], [149.525, -22.025], [149.595, -22.26], [149.645, -22.33], [149.705, -22.44], [149.77, -22.425], [149.82, -22.39], [149.92, -22.5], [149.975, -22.55], [150.005, -22.52], [149.94, -22.31], [149.98, -22.185], [150.02, -22.17], [150.075, -22.165], [150.145, -22.265], [150.235, -22.375], [150.405, -22.47], [150.54, -22.56], [150.58, -22.555], [150.565, -22.485], [150.57, -22.385], [150.625, -22.365], [150.67, -22.42], [150.765, -22.575], [150.785, -22.905], [150.785, -23.175], [150.845, -23.46], [150.93, -23.53], [150.99, -23.6], [151.09, -23.695], [151.155, -23.785], [151.235, -23.825], [151.5, -24.01], [151.575, -24.035], [151.69, -24.04], [151.83, -24.125], [151.905, -24.2], [152.055, -24.495], [152.13, -24.6], [152.28, -24.7], [152.355, -24.735], [152.455, -24.8], [152.495, -24.905], [152.5, -24.965], [152.565, -25.07], [152.655, -25.2], [152.79, -25.275], [152.915, -25.43], [152.92, -25.69], [152.985, -25.815], [153.03, -25.87], [153.125, -25.925], [153.165, -25.965], [153.085, -26.305], [153.16, -26.985], [153.115, -27.195], [153.2, -27.405], [153.385, -27.77], [153.43, -27.9], [153.455, -28.05], [153.575, -28.24], [153.57, -28.535], [153.615, -28.675], [153.605, -28.855], [153.46, -29.05], [153.35, -29.29], [153.345, -29.495], [153.27, -29.89], [153.225, -30.0], [153.19, -30.165], [153.03, -30.565], [153.025, -30.72], [153.05, -30.905], [153.02, -31.085], [152.98, -31.21], [152.945, -31.435], [152.785, -31.785], [152.56, -32.045], [152.545, -32.245], [152.515, -32.33], [152.47, -32.44], [152.33, -32.56], [152.245, -32.61], [152.215, -32.68], [152.135, -32.68], [152.135, -32.7], [152.19, -32.72], [152.165, -32.755], [151.955, -32.82], [151.815, -32.9], [151.67, -33.1], [151.61, -33.2], [151.53, -33.3], [151.485, -33.345], [151.465, -33.395], [151.43, -33.52], [151.36, -33.545], [151.29, -33.58], [151.325, -33.7], [151.29, -33.835], [151.28, -33.925], [151.245, -33.985], [151.2, -33.965], [151.17, -33.975], [151.125, -34.005], [151.19, -34.015], [151.23, -34.03], [151.09, -34.16], [150.96, -34.295], [150.925, -34.385], [150.87, -34.5], [150.82, -34.75], [150.78, -34.89], [150.81, -34.995], [150.805, -35.015], [150.775, -35.02], [150.755, -35.005], [150.695, -35.04], [150.68, -35.075], [150.705, -35.12], [150.72, -35.135], [150.715, -35.155], [150.69, -35.18], [150.635, -35.18], [150.565, -35.215], [150.375, -35.585], [150.29, -35.68], [150.195, -35.835], [150.16, -35.97], [150.13, -36.12], [150.095, -36.375], [150.065, -36.55], [149.99, -36.725], [149.96, -36.845], [149.95, -37.08], [149.985, -37.26], [149.965, -37.355], [149.96, -37.445], [149.935, -37.53], [149.81, -37.55], [149.71, -37.615], [149.565, -37.73], [149.48, -37.77], [149.3, -37.8], [148.945, -37.79], [148.26, -37.83], [148.13, -37.855], [147.875, -37.935], [147.63, -38.055], [147.395, -38.22], [146.855, -38.665], [146.435, -38.71], [146.355, -38.71], [146.295, -38.7], [146.215, -38.725], [146.215, -38.785], [146.285, -38.84], [146.335, -38.895], [146.425, -38.82], [146.465, -38.84], [146.48, -38.98], [146.485, -39.065], [146.455, -39.11], [146.4, -39.145], [146.34, -39.125], [146.33, -39.075], [146.255, -38.965], [146.16, -38.865], [146.07, -38.835], [146.02, -38.865], [145.935, -38.9], [145.865, -38.775], [145.79, -38.665], [145.69, -38.655], [145.605, -38.655], [145.535, -38.61], [145.395, -38.535], [145.425, -38.475], [145.465, -38.415], [145.54, -38.395], [145.52, -38.31], [145.475, -38.245], [145.365, -38.225], [145.295, -38.24], [145.25, -38.29], [145.19, -38.385], [144.96, -38.5], [144.845, -38.435], [144.72, -38.34], [144.78, -38.345], [144.91, -38.345], [145.02, -38.26], [145.065, -38.205], [145.12, -38.09], [145.05, -38.01], [144.985, -37.95], [144.89, -37.9], [144.54, -38.075], [144.465, -38.105], [144.395, -38.135], [144.52, -38.165], [144.59, -38.16], [144.665, -38.21], [144.545, -38.285], [144.45, -38.305], [144.33, -38.35], [144.1, -38.46], [143.81, -38.7], [143.685, -38.765], [143.54, -38.82], [143.34, -38.76], [143.225, -38.745], [143.085, -38.645], [142.84, -38.58], [142.61, -38.45], [142.455, -38.385], [142.345, -38.37], [142.19, -38.4], [141.925, -38.285], [141.725, -38.27], [141.595, -38.39], [141.49, -38.38], [141.425, -38.365], [141.215, -38.17], [141.01, -38.075], [140.625, -38.03], [140.39, -37.895], [140.21, -37.64], [139.875, -37.35], [139.785, -37.245], [139.74, -37.14], [139.74, -37.06], [139.785, -36.905], [139.845, -36.75], [139.855, -36.66], [139.73, -36.37], [139.55, -36.095], [139.465, -36.01], [139.245, -35.825], [139.04, -35.69], [138.985, -35.62], [138.97, -35.58], [139.065, -35.6], [139.11, -35.54], [139.18, -35.525], [139.23, -35.6], [139.29, -35.61], [139.29, -35.485], [139.325, -35.425], [139.305, -35.4], [139.285, -35.375], [139.195, -35.345], [139.095, -35.39], [139.02, -35.445], [138.915, -35.49], [138.875, -35.535], [138.77, -35.54], [138.73, -35.55], [138.52, -35.64], [138.39, -35.645], [138.185, -35.615], [138.25, -35.485], [138.335, -35.41], [138.4, -35.325], [138.51, -35.025], [138.49, -34.765], [138.435, -34.655], [138.265, -34.44], [138.185, -34.305], [138.09, -34.17], [138.04, -34.25], [138.01, -34.335], [137.92, -34.455], [137.875, -34.725], [137.69, -35.145], [137.565, -35.15], [137.46, -35.13], [137.27, -35.18], [137.145, -35.235], [137.03, -35.235], [136.965, -35.255], [136.885, -35.24], [137.015, -34.915], [137.13, -34.925], [137.25, -34.91], [137.31, -34.915], [137.39, -34.915], [137.455, -34.765], [137.495, -34.6], [137.47, -34.49], [137.46, -34.38], [137.485, -34.25], [137.495, -34.16], [137.65, -33.86], [137.78, -33.705], [137.93, -33.58], [137.915, -33.46], [137.865, -33.315], [137.85, -33.2], [137.925, -33.165], [137.995, -33.095], [137.915, -32.77], [137.865, -32.675], [137.785, -32.58], [137.78, -32.7], [137.79, -32.825], [137.68, -32.98], [137.535, -33.09], [137.44, -33.195], [137.355, -33.43], [137.235, -33.63], [137.13, -33.705], [137.035, -33.72], [136.935, -33.75], [136.785, -33.83], [136.635, -33.895], [136.525, -33.985], [136.43, -34.03], [136.12, -34.43], [135.98, -34.56], [135.95, -34.615], [135.89, -34.66], [135.905, -34.725], [135.95, -34.765], [136.0, -34.945], [135.97, -34.98], [135.92, -34.96], [135.79, -34.865], [135.71, -34.9], [135.65, -34.94], [135.48, -34.76], [135.41, -34.715], [135.325, -34.645], [135.23, -34.58], [135.19, -34.575], [135.125, -34.585], [135.13, -34.535], [135.175, -34.495], [135.215, -34.485], [135.29, -34.545], [135.38, -34.6], [135.425, -34.6], [135.45, -34.58], [135.37, -34.375], [135.31, -34.195], [135.285, -34.14], [135.22, -33.96], [135.185, -33.905], [135.04, -33.78], [134.89, -33.625], [134.845, -33.445], [134.79, -33.33], [134.72, -33.255], [134.61, -33.19], [134.3, -33.165], [134.175, -32.98], [134.1, -32.75], [134.16, -32.735], [134.225, -32.73], [134.25, -32.66], [134.235, -32.55], [133.93, -32.41], [133.785, -32.27], [133.665, -32.205], [133.55, -32.185], [133.4, -32.19], [133.21, -32.185], [132.755, -31.955], [132.65, -31.95], [132.325, -32.02], [132.215, -32.005], [131.72, -31.695], [131.395, -31.55], [131.285, -31.52], [131.145, -31.495], [131.03, -31.53], [130.95, -31.565], [130.785, -31.605], [130.13, -31.58], [129.57, -31.625], [129.19, -31.66], [128.945, -31.705], [128.545, -31.89], [128.07, -32.065], [127.68, -32.15], [127.32, -32.265], [127.085, -32.295], [126.78, -32.31], [126.135, -32.255], [125.915, -32.295], [125.565, -32.505], [125.465, -32.555], [125.265, -32.615], [124.76, -32.885], [124.525, -32.94], [124.375, -32.96], [124.245, -33.015], [124.125, -33.13], [123.965, -33.445], [123.87, -33.595], [123.65, -33.835], [123.505, -33.915], [123.365, -33.905], [123.21, -33.99], [123.07, -33.9], [122.955, -33.885], [122.78, -33.89], [122.15, -33.99], [122.06, -33.875], [121.945, -33.855], [121.73, -33.86], [121.405, -33.825], [120.815, -33.87], [120.53, -33.92], [120.42, -33.965], [120.21, -33.935], [119.855, -33.975], [119.73, -34.04], [119.635, -34.1], [119.45, -34.37], [119.25, -34.455], [119.08, -34.46], [118.895, -34.48], [118.52, -34.735], [118.135, -34.985], [118.005, -35.015], [117.865, -35.055], [117.675, -35.075], [117.58, -35.1], [117.145, -35.035], [116.865, -35.025], [116.515, -34.99], [116.215, -34.865], [115.985, -34.795], [115.725, -34.525], [115.565, -34.425], [115.28, -34.305], [115.195, -34.31], [115.13, -34.34], [115.01, -34.255], [115.005, -34.145], [114.975, -34.05], [114.975, -33.805], [114.995, -33.515], [115.1, -33.58], [115.18, -33.645], [115.36, -33.64], [115.515, -33.53], [115.605, -33.37], [115.685, -33.195], [115.67, -33.0], [115.62, -32.665], [115.655, -32.595], [115.71, -32.57], [115.725, -32.4], [115.74, -31.89], [115.7, -31.695], [115.455, -31.305], [115.295, -30.96], [115.175, -30.81], [115.08, -30.56], [114.995, -30.215], [114.97, -30.04], [114.94, -29.72], [114.97, -29.54], [114.96, -29.435], [114.855, -29.145], [114.63, -28.87], [114.59, -28.77], [114.59, -28.665], [114.535, -28.545], [114.355, -28.295], [114.165, -28.08], [114.135, -27.975], [114.1, -27.545], [114.03, -27.345], [113.71, -26.85], [113.335, -26.415], [113.23, -26.24], [113.185, -26.18], [113.21, -26.175], [113.255, -26.195], [113.3, -26.24], [113.325, -26.245], [113.345, -26.21], [113.345, -26.125], [113.355, -26.08], [113.39, -26.105], [113.425, -26.2], [113.545, -26.435], [113.58, -26.56], [113.735, -26.595], [113.78, -26.565], [113.835, -26.5], [113.855, -26.33], [113.775, -26.255], [113.705, -26.225], [113.59, -26.1], [113.515, -25.9], [113.395, -25.715], [113.395, -25.645], [113.45, -25.6], [113.54, -25.625], [113.62, -25.73], [113.715, -25.83], [113.7, -26.005], [113.685, -26.05], [113.69, -26.09], [113.725, -26.13], [113.765, -26.16], [113.81, -26.115], [113.855, -26.015], [113.88, -26.03], [113.94, -26.26], [113.99, -26.32], [114.09, -26.395], [114.175, -26.34], [114.215, -26.29], [114.205, -26.125], [114.23, -25.97], [114.215, -25.85], [113.995, -25.545], [113.79, -25.165], [113.67, -24.975], [113.57, -24.695], [113.505, -24.595], [113.42, -24.435], [113.415, -24.255], [113.42, -24.13], [113.49, -23.87], [113.555, -23.735], [113.755, -23.42], [113.765, -23.285], [113.765, -23.18], [113.795, -23.025], [113.795, -22.915], [113.77, -22.815], [113.685, -22.64], [113.795, -22.33], [113.96, -21.94], [114.025, -21.88], [114.125, -21.83], [114.145, -21.91], [114.095, -22.18], [114.165, -22.325], [114.14, -22.485], [114.205, -22.455], [114.305, -22.425], [114.38, -22.34], [114.415, -22.26], [114.605, -21.94], [114.71, -21.825], [114.86, -21.735], [115.16, -21.63], [115.455, -21.49], [115.595, -21.36], [115.77, -21.24], [115.895, -21.115], [116.01, -21.03], [116.605, -20.715], [116.705, -20.655], [116.835, -20.645], [116.995, -20.66], [117.14, -20.64], [117.295, -20.715], [117.405, -20.72], [117.685, -20.645], [117.83, -20.575], [118.085, -20.42], [118.2, -20.375], [118.46, -20.325], [118.75, -20.26], [119.105, -19.995], [119.36, -20.01], [119.585, -20.04], [119.77, -19.96], [120.195, -19.91], [120.435, -19.84], [120.88, -19.665], [121.0, -19.605], [121.18, -19.48], [121.34, -19.32], [121.495, -19.105], [121.59, -18.915], [121.63, -18.815], [121.72, -18.66], [121.785, -18.535], [121.835, -18.475], [122.005, -18.395], [122.26, -18.16], [122.345, -18.11], [122.36, -18.035], [122.305, -17.995], [122.235, -17.97], [122.19, -17.72], [122.145, -17.55], [122.145, -17.43], [122.16, -17.315], [122.26, -17.135], [122.335, -17.06], [122.43, -16.97], [122.525, -16.945], [122.6, -16.865], [122.72, -16.79], [122.77, -16.71], [122.85, -16.55], [122.915, -16.435], [122.97, -16.435], [123.075, -16.715], [123.14, -16.865], [123.265, -17.035], [123.385, -17.295], [123.48, -17.41], [123.525, -17.485], [123.565, -17.52], [123.57, -17.47], [123.56, -17.415], [123.61, -17.22], [123.585, -17.085], [123.595, -17.03], [123.62, -17.01], [123.665, -17.025], [123.755, -17.1], [123.8, -17.125], [123.83, -17.12], [123.83, -16.995], [123.875, -16.92], [123.855, -16.865], [123.78, -16.87], [123.745, -16.8], [123.68, -16.725], [123.605, -16.67], [123.52, -16.54], [123.49, -16.49], [123.525, -16.47], [123.58, -16.47], [123.625, -16.415], [123.645, -16.345], [123.605, -16.225], [123.645, -16.18], [123.73, -16.19], [123.86, -16.38], [123.915, -16.365], [123.96, -16.285], [124.045, -16.265], [124.13, -16.28], [124.185, -16.335], [124.3, -16.39], [124.455, -16.38], [124.53, -16.395], [124.69, -16.385], [124.77, -16.405], [124.755, -16.375], [124.67, -16.34], [124.57, -16.33], [124.455, -16.335], [124.405, -16.3], [124.39, -16.205], [124.415, -16.135], [124.435, -16.105], [124.51, -16.115], [124.575, -16.115], [124.585, -16.02], [124.61, -15.94], [124.65, -15.87], [124.65, -15.805], [124.605, -15.825], [124.505, -15.97], [124.455, -15.85], [124.38, -15.76], [124.395, -15.625], [124.44, -15.495], [124.505, -15.475], [124.56, -15.495], [124.645, -15.42], [124.69, -15.36], [124.68, -15.31], [124.695, -15.275], [124.75, -15.285], [124.97, -15.405], [125.015, -15.465], [125.065, -15.44], [125.08, -15.375], [125.075, -15.305], [125.025, -15.315], [124.91, -15.31], [124.885, -15.27], [124.895, -15.24], [124.84, -15.16], [124.915, -15.11], [124.98, -15.105], [125.025, -15.07], [125.025, -15.025], [125.04, -15.005], [125.075, -15.03], [125.19, -15.045], [125.3, -15.105], [125.355, -15.12], [125.375, -15.085], [125.385, -15.015], [125.245, -14.945], [125.24, -14.875], [125.18, -14.795], [125.18, -14.715], [125.265, -14.65], [125.285, -14.585], [125.335, -14.56], [125.435, -14.555], [125.505, -14.5], [125.58, -14.485], [125.6, -14.36], [125.595, -14.28], [125.63, -14.255], [125.705, -14.29], [125.68, -14.39], [125.68, -14.48], [125.66, -14.53], [125.69, -14.525], [125.71, -14.505], [125.74, -14.445], [125.82, -14.47], [125.84, -14.535], [125.85, -14.595], [125.89, -14.62], [125.945, -14.52], [126.02, -14.495], [126.015, -14.37], [126.045, -14.285], [126.055, -14.215], [126.1, -14.185], [126.11, -14.115], [126.075, -14.065], [126.055, -13.975], [126.12, -13.96], [126.185, -14.0], [126.23, -14.115], [126.26, -14.165], [126.3, -14.135], [126.325, -14.06], [126.405, -14.02], [126.48, -14.08], [126.57, -14.16], [126.68, -14.09], [126.78, -13.955], [126.765, -13.875], [126.775, -13.79], [126.905, -13.745], [127.005, -13.775], [127.1, -13.865], [127.295, -13.935], [127.46, -14.03], [127.53, -14.095], [127.675, -14.195], [127.765, -14.3], [127.89, -14.485], [128.18, -14.71], [128.2, -14.75], [128.16, -14.825], [128.125, -14.925], [128.08, -15.09], [128.07, -15.33], [128.11, -15.31], [128.155, -15.225], [128.2, -15.245], [128.255, -15.3], [128.26, -15.245], [128.225, -15.215], [128.175, -15.1], [128.175, -15.045], [128.22, -14.995], [128.285, -14.94], [128.36, -14.9], [128.405, -14.87], [128.41, -14.83], [128.475, -14.79], [128.575, -14.775], [128.635, -14.78], [129.06, -14.885], [129.165, -14.99], [129.175, -15.115], [129.215, -15.16], [129.24, -15.08], [129.235, -14.905], [129.27, -14.87], [129.38, -14.9], [129.46, -14.935], [129.565, -15.045], [129.59, -15.105], [129.635, -15.14], [129.65, -15.085], [129.63, -15.01], [129.615, -14.925], [129.635, -14.85], [129.765, -14.845], [129.85, -14.83], [129.81, -14.8], [129.755, -14.79], [129.665, -14.72], [129.605, -14.645], [129.7, -14.575], [129.7, -14.555], [129.61, -14.56], [129.485, -14.49], [129.38, -14.39], [129.46, -14.215], [129.62, -14.04], [129.71, -13.98], [129.72, -13.92], [129.76, -13.81], [129.79, -13.72], [129.795, -13.65], [129.84, -13.575], [129.94, -13.5], [130.075, -13.475], [130.135, -13.45], [130.2, -13.385], [130.26, -13.3], [130.135, -13.145], [130.145, -13.06], [130.17, -12.955], [130.32, -12.885], [130.4, -12.69], [130.455, -12.66], [130.57, -12.665], [130.615, -12.645], [130.61, -12.49], [130.625, -12.43], [130.67, -12.405], [130.735, -12.43], [130.775, -12.495], [130.865, -12.56], [130.9, -12.525], [130.885, -12.455], [130.875, -12.365], [130.955, -12.35], [131.025, -12.345], [131.03, -12.27], [131.02, -12.215], [131.045, -12.19], [131.22, -12.18], [131.265, -12.12], [131.29, -12.07], [131.315, -12.095], [131.34, -12.21], [131.44, -12.275], [131.725, -12.28], [131.89, -12.23], [131.955, -12.26], [132.065, -12.28], [132.18, -12.225], [132.255, -12.185], [132.37, -12.24], [132.41, -12.295], [132.44, -12.175], [132.51, -12.135], [132.585, -12.11], [132.675, -12.13], [132.715, -12.125], [132.63, -12.035], [132.635, -11.955], [132.63, -11.835], [132.645, -11.725], [132.675, -11.65], [132.475, -11.49], [132.28, -11.47], [132.135, -11.5], [132.075, -11.475], [131.945, -11.35], [131.82, -11.3], [131.81, -11.27], [131.96, -11.18], [132.02, -11.195], [132.105, -11.28], [132.155, -11.31], [132.2, -11.305], [132.225, -11.24], [132.265, -11.205], [132.335, -11.225], [132.555, -11.365], [132.685, -11.505], [132.745, -11.47], [132.855, -11.39], [132.96, -11.405], [133.025, -11.455], [133.115, -11.62], [133.185, -11.705], [133.355, -11.73], [133.445, -11.76], [133.535, -11.815], [133.655, -11.81], [133.905, -11.83], [134.14, -11.94], [134.235, -12.01], [134.35, -12.025], [134.415, -12.055], [134.54, -12.06], [134.73, -11.985], [134.815, -12.055], [134.855, -12.105], [135.03, -12.195], [135.22, -12.22], [135.35, -12.13], [135.55, -12.06], [135.685, -11.955], [135.79, -11.905], [135.885, -11.82], [135.92, -11.825], [135.845, -11.905], [135.835, -11.95], [135.895, -11.97], [135.89, -11.995], [135.805, -12.055], [135.705, -12.15], [135.705, -12.21], [135.745, -12.24], [135.79, -12.23], [135.855, -12.18], [135.94, -12.15], [136.01, -12.19], [136.03, -12.33], [136.08, -12.42], [136.195, -12.435], [136.26, -12.435], [136.33, -12.305], [136.29, -12.195], [136.25, -12.175], [136.27, -12.13], [136.445, -11.95], [136.54, -11.96], [136.61, -12.135], [136.72, -12.225], [136.835, -12.22], [136.895, -12.245], [136.945, -12.35], [136.535, -12.785], [136.52, -12.835], [136.575, -12.91], [136.595, -13.005], [136.46, -13.225], [136.41, -13.235], [136.365, -13.175], [136.295, -13.14], [136.23, -13.165], [136.165, -13.18], [135.925, -13.305], [135.93, -13.62], [135.99, -13.81], [135.955, -13.935], [135.885, -14.155], [135.805, -14.235], [135.745, -14.285], [135.54, -14.585], [135.475, -14.655], [135.405, -14.76], [135.43, -14.855], [135.455, -14.925], [135.53, -15.0], [135.835, -15.16], [135.97, -15.27], [136.205, -15.405], [136.26, -15.495], [136.29, -15.57], [136.46, -15.655], [136.585, -15.705], [136.62, -15.695], [136.645, -15.675], [136.675, -15.675], [136.705, -15.685], [136.7, -15.75], [136.685, -15.79], [136.7, -15.835], [136.785, -15.895], [136.925, -15.89], [137.0, -15.88], [137.09, -15.94], [137.17, -15.98], [137.3, -16.065], [137.525, -16.165], [137.705, -16.235], [137.915, -16.475], [138.07, -16.615], [138.245, -16.72], [138.505, -16.79], [138.625, -16.78], [138.82, -16.86], [139.01, -16.9], [139.11, -17.015], [139.145, -17.1], [139.155, -17.17], [139.25, -17.33], [139.44, -17.38], [139.69, -17.54], [139.895, -17.61], [139.945, -17.655], [140.035, -17.705], [140.21, -17.705], [140.51, -17.625], [140.65, -17.545], [140.83, -17.415], [140.915, -17.195], [140.965, -17.015], [141.22, -16.645], [141.29, -16.465], [141.355, -16.22], [141.41, -16.07], [141.395, -15.905], [141.45, -15.605], [141.58, -15.195], [141.625, -15.055], [141.605, -14.855], [141.525, -14.47], [141.56, -14.34], [141.595, -14.155], [141.535, -14.02], [141.48, -13.925], [141.475, -13.8], [141.535, -13.555], [141.59, -13.425], [141.645, -13.26], [141.615, -12.945], [141.735, -12.835], [141.78, -12.78], [141.875, -12.78], [141.92, -12.805], [141.93, -12.74], [141.895, -12.68], [141.88, -12.615], [141.85, -12.58], [141.795, -12.565], [141.745, -12.53], [141.68, -12.49], [141.69, -12.35], [141.805, -12.08], [141.87, -11.975], [141.915, -12.02], [141.96, -12.055], [141.97, -11.975], [141.95, -11.895], [142.04, -11.63], [142.14, -11.275], [142.17, -10.945], [142.325, -10.885], [142.405, -10.8], [142.455, -10.705], [142.545, -10.705], [142.605, -10.75], [142.565, -10.82], [142.555, -10.875], [142.725, -11.01], [142.78, -11.115], [142.805, -11.215], [142.835, -11.305], [142.855, -11.43], [142.85, -11.63], [142.875, -11.82], [142.935, -11.88], [142.99, -11.92], [143.065, -11.925], [143.18, -11.955]]], [[[153.075, -25.75], [153.05, -25.78], [153.005, -25.73], [152.975, -25.55], [153.0, -25.45], [153.05, -25.355], [153.06, -25.3], [153.04, -25.195], [153.19, -25.07], [153.23, -25.005], [153.24, -24.925], [153.185, -24.835], [153.145, -24.815], [153.18, -24.765], [153.225, -24.74], [153.255, -24.73], [153.28, -24.74], [153.3, -24.915], [153.36, -24.98], [153.35, -25.065], [153.14, -25.515], [153.085, -25.685], [153.075, -25.75]]], [[[139.51, -16.575], [139.43, -16.66], [139.39, -16.65], [139.355, -16.695], [139.285, -16.72], [139.24, -16.72], [139.16, -16.74], [139.15, -16.715], [139.165, -16.625], [139.23, -16.53], [139.295, -16.465], [139.46, -16.44], [139.59, -16.395], [139.605, -16.405], [139.7, -16.515], [139.56, -16.53], [139.51, -16.575]]], [[[136.715, -13.805], [136.76, -13.845], [136.805, -13.84], [136.845, -13.75], [136.87, -13.765], [136.89, -13.785], [136.905, -13.825], [136.845, -13.895], [136.815, -13.905], [136.79, -13.945], [136.745, -14.075], [136.75, -14.115], [136.785, -14.16], [136.885, -14.195], [136.935, -14.18], [136.95, -14.185], [136.93, -14.245], [136.895, -14.295], [136.765, -14.275], [136.65, -14.28], [136.46, -14.235], [136.365, -14.23], [136.335, -14.21], [136.39, -14.175], [136.43, -14.125], [136.41, -14.01], [136.425, -13.865], [136.535, -13.795], [136.585, -13.72], [136.655, -13.675], [136.7, -13.68], [136.695, -13.725], [136.715, -13.805]]], [[[130.46, -11.68], [130.54, -11.705], [130.58, -11.735], [130.605, -11.775], [130.605, -11.815], [130.505, -11.835], [130.315, -11.77], [130.13, -11.825], [130.075, -11.825], [130.045, -11.785], [130.07, -11.68], [130.14, -11.695], [130.2, -11.66], [130.185, -11.54], [130.155, -11.48], [130.25, -11.36], [130.295, -11.335], [130.34, -11.335], [130.375, -11.42], [130.385, -11.51], [130.435, -11.59], [130.46, -11.68]]], [[[130.62, -11.375], [130.75, -11.385], [130.915, -11.31], [130.985, -11.34], [131.025, -11.335], [131.14, -11.265], [131.215, -11.245], [131.27, -11.19], [131.32, -11.245], [131.435, -11.315], [131.475, -11.385], [131.52, -11.415], [131.54, -11.435], [131.47, -11.51], [131.46, -11.59], [131.385, -11.585], [131.29, -11.71], [130.95, -11.925], [130.645, -11.74], [130.51, -11.62], [130.425, -11.445], [130.405, -11.305], [130.37, -11.215], [130.385, -11.19], [130.405, -11.18], [130.425, -11.185], [130.52, -11.28], [130.56, -11.305], [130.62, -11.375]]], [[[113.185, -26.055], [113.155, -26.095], [112.965, -25.785], [112.91, -25.57], [112.945, -25.53], [112.98, -25.52], [113.095, -25.815], [113.13, -25.885], [113.13, -25.95], [113.15, -25.975], [113.185, -26.055]]], [[[137.595, -35.74], [137.835, -35.76], [137.93, -35.725], [138.045, -35.755], [138.125, -35.85], [138.065, -35.9], [138.01, -35.91], [137.835, -35.87], [137.67, -35.9], [137.62, -35.94], [137.59, -36.025], [137.45, -36.075], [137.38, -36.02], [137.21, -35.98], [137.15, -36.04], [137.025, -36.025], [136.915, -36.045], [136.755, -36.035], [136.59, -35.935], [136.54, -35.89], [136.58, -35.81], [136.64, -35.75], [137.09, -35.665], [137.335, -35.59], [137.53, -35.605], [137.585, -35.62], [137.635, -35.655], [137.6, -35.72], [137.595, -35.74]]], [[[145.485, -38.355], [145.335, -38.42], [145.28, -38.39], [145.285, -38.34], [145.295, -38.32], [145.425, -38.315], [145.485, -38.355]]], [[[145.315, -38.49], [145.35, -38.54], [145.355, -38.555], [145.27, -38.52], [145.13, -38.53], [145.22, -38.46], [145.29, -38.47], [145.315, -38.49]]], [[[149.045, -20.29], [149.02, -20.305], [148.985, -20.3], [148.94, -20.285], [148.98, -20.155], [149.005, -20.22], [149.045, -20.28], [149.045, -20.29]]], [[[148.935, -20.15], [148.915, -20.155], [148.885, -20.145], [148.905, -20.1], [148.93, -20.07], [148.97, -20.045], [148.955, -20.135], [148.935, -20.15]]], [[[151.145, -23.49], [151.18, -23.515], [151.21, -23.515], [151.24, -23.53], [151.23, -23.595], [151.275, -23.67], [151.295, -23.72], [151.26, -23.76], [151.24, -23.775], [151.185, -23.74], [151.035, -23.53], [151.06, -23.46], [151.145, -23.49]]], [[[150.515, -22.325], [150.49, -22.325], [150.46, -22.31], [150.485, -22.27], [150.49, -22.21], [150.52, -22.23], [150.55, -22.305], [150.515, -22.325]]], [[[149.93, -22.195], [149.895, -22.225], [149.87, -22.15], [149.875, -22.075], [149.91, -22.05], [149.93, -22.15], [149.93, -22.195]]], [[[153.54, -27.435], [153.455, -27.71], [153.425, -27.705], [153.395, -27.665], [153.4, -27.505], [153.435, -27.405], [153.52, -27.42], [153.54, -27.435]]], [[[153.44, -27.315], [153.42, -27.33], [153.375, -27.235], [153.365, -27.14], [153.38, -27.05], [153.43, -27.03], [153.465, -27.04], [153.425, -27.2], [153.44, -27.315]]], [[[142.275, -10.705], [142.19, -10.76], [142.135, -10.73], [142.125, -10.67], [142.13, -10.64], [142.2, -10.59], [142.275, -10.705]]], [[[142.34, -10.19], [142.28, -10.255], [142.215, -10.235], [142.195, -10.2], [142.22, -10.15], [142.3, -10.14], [142.34, -10.19]]], [[[142.17, -10.155], [142.14, -10.18], [142.1, -10.12], [142.15, -10.05], [142.19, -10.085], [142.17, -10.155]]], [[[146.28, -18.23], [146.3, -18.325], [146.34, -18.4], [146.325, -18.45], [146.3, -18.485], [146.235, -18.45], [146.19, -18.365], [146.115, -18.29], [146.1, -18.25], [146.185, -18.255], [146.23, -18.24], [146.25, -18.225], [146.28, -18.23]]], [[[136.6, -11.38], [136.525, -11.44], [136.52, -11.395], [136.56, -11.36], [136.65, -11.21], [136.69, -11.18], [136.71, -11.16], [136.725, -11.105], [136.73, -11.025], [136.78, -11.01], [136.74, -11.195], [136.6, -11.38]]], [[[136.34, -11.6], [136.18, -11.675], [136.265, -11.575], [136.45, -11.485], [136.48, -11.465], [136.47, -11.51], [136.38, -11.585], [136.34, -11.6]]], [[[137.095, -15.78], [137.05, -15.825], [136.995, -15.775], [136.985, -15.725], [136.945, -15.71], [136.965, -15.665], [136.985, -15.65], [137.01, -15.595], [137.065, -15.665], [137.07, -15.74], [137.095, -15.78]]], [[[136.865, -15.62], [136.845, -15.625], [136.845, -15.545], [136.875, -15.505], [136.89, -15.59], [136.865, -15.62]]], [[[136.59, -15.63], [136.53, -15.63], [136.515, -15.625], [136.505, -15.585], [136.525, -15.545], [136.585, -15.535], [136.61, -15.545], [136.59, -15.63]]], [[[139.46, -17.115], [139.42, -17.13], [139.41, -17.09], [139.46, -17.05], [139.495, -16.99], [139.56, -17.04], [139.57, -17.095], [139.46, -17.115]]], [[[136.235, -13.825], [136.215, -13.835], [136.125, -13.815], [136.12, -13.78], [136.135, -13.755], [136.16, -13.735], [136.215, -13.665], [136.255, -13.705], [136.275, -13.79], [136.235, -13.825]]], [[[132.595, -11.305], [132.575, -11.32], [132.495, -11.165], [132.515, -11.115], [132.485, -11.035], [132.54, -11.03], [132.58, -10.97], [132.595, -11.0], [132.595, -11.105], [132.63, -11.17], [132.595, -11.305]]], [[[125.2, -14.58], [125.135, -14.64], [125.09, -14.59], [125.115, -14.49], [125.16, -14.455], [125.2, -14.475], [125.195, -14.555], [125.2, -14.58]]], [[[124.595, -15.4], [124.56, -15.43], [124.525, -15.42], [124.525, -15.38], [124.485, -15.34], [124.505, -15.29], [124.52, -15.265], [124.55, -15.27], [124.565, -15.31], [124.605, -15.355], [124.595, -15.4]]], [[[115.445, -20.79], [115.39, -20.865], [115.32, -20.85], [115.31, -20.81], [115.355, -20.745], [115.435, -20.67], [115.46, -20.715], [115.445, -20.79]]], [[[145.045, -40.785], [145.16, -40.79], [145.225, -40.765], [145.285, -40.77], [145.35, -40.825], [145.43, -40.86], [145.485, -40.85], [145.535, -40.865], [145.575, -40.905], [145.685, -40.94], [145.735, -40.96], [145.775, -40.995], [145.82, -41.025], [146.11, -41.12], [146.315, -41.165], [146.575, -41.14], [146.65, -41.115], [146.725, -41.08], [146.785, -41.115], [146.85, -41.17], [146.835, -41.11], [146.855, -41.06], [146.92, -41.02], [146.99, -40.99], [147.105, -40.995], [147.22, -40.985], [147.27, -40.96], [147.32, -40.955], [147.39, -40.985], [147.455, -41.0], [147.5, -40.965], [147.58, -40.875], [147.62, -40.845], [147.82, -40.87], [147.875, -40.875], [147.97, -40.78], [148.035, -40.78], [148.215, -40.855], [148.295, -40.945], [148.285, -41.115], [148.29, -41.175], [148.305, -41.235], [148.31, -41.35], [148.29, -41.465], [148.285, -41.555], [148.295, -41.645], [148.29, -41.815], [148.315, -41.93], [148.3, -42.005], [148.3, -42.04], [148.33, -42.075], [148.34, -42.11], [148.33, -42.16], [148.345, -42.215], [148.33, -42.26], [148.29, -42.255], [148.275, -42.22], [148.285, -42.175], [148.275, -42.135], [148.255, -42.105], [148.185, -42.065], [148.205, -42.04], [148.24, -42.02], [148.215, -41.97], [148.165, -42.01], [148.14, -42.07], [148.155, -42.09], [148.13, -42.105], [148.065, -42.17], [148.025, -42.26], [148.005, -42.345], [148.01, -42.435], [147.975, -42.505], [147.925, -42.57], [147.91, -42.66], [147.915, -42.815], [147.96, -42.96], [147.98, -43.155], [147.945, -43.18], [147.84, -43.195], [147.785, -43.22], [147.7, -43.125], [147.65, -43.02], [147.685, -42.98], [147.775, -43.005], [147.8, -42.98], [147.805, -42.955], [147.8, -42.93], [147.695, -42.87], [147.575, -42.845], [147.535, -42.88], [147.55, -42.975], [147.535, -42.995], [147.45, -43.035], [147.41, -42.895], [147.3, -42.79], [147.3, -42.84], [147.35, -42.925], [147.345, -42.965], [147.325, -43.015], [147.28, -43.03], [147.26, -43.07], [147.26, -43.125], [147.245, -43.215], [147.175, -43.255], [146.995, -43.155], [146.985, -43.19], [146.99, -43.22], [147.075, -43.275], [147.035, -43.32], [147.005, -43.37], [146.955, -43.5], [146.875, -43.61], [146.835, -43.62], [146.7, -43.6], [146.55, -43.51], [146.415, -43.52], [146.185, -43.515], [146.045, -43.545], [146.015, -43.445], [145.98, -43.41], [145.995, -43.375], [146.11, -43.355], [146.225, -43.355], [146.21, -43.315], [146.175, -43.3], [146.125, -43.31], [145.975, -43.275], [145.875, -43.29], [145.805, -43.245], [145.68, -43.075], [145.61, -43.0], [145.565, -42.97], [145.52, -42.95], [145.49, -42.925], [145.27, -42.545], [145.235, -42.455], [145.2, -42.23], [145.375, -42.34], [145.435, -42.405], [145.47, -42.495], [145.525, -42.39], [145.515, -42.355], [145.36, -42.23], [145.34, -42.19], [145.33, -42.145], [145.295, -42.19], [145.235, -42.195], [145.26, -42.105], [145.24, -42.02], [145.055, -41.825], [144.915, -41.645], [144.78, -41.42], [144.765, -41.39], [144.765, -41.34], [144.7, -41.19], [144.66, -41.08], [144.645, -40.98], [144.71, -40.785], [144.72, -40.67], [144.82, -40.72], [145.045, -40.785]]], [[[143.93, -40.115], [143.9, -40.12], [143.875, -40.065], [143.89, -39.985], [143.84, -39.905], [143.865, -39.825], [143.86, -39.74], [143.88, -39.7], [143.94, -39.66], [143.95, -39.585], [144.0, -39.58], [144.09, -39.64], [144.12, -39.785], [144.105, -39.875], [144.14, -39.955], [144.11, -40.02], [144.035, -40.08], [143.93, -40.115]]], [[[148.0, -39.76], [148.18, -39.94], [148.27, -39.965], [148.295, -39.985], [148.29, -40.065], [148.25, -40.1], [148.325, -40.145], [148.315, -40.175], [148.3, -40.17], [148.21, -40.235], [148.105, -40.26], [148.075, -40.24], [148.045, -40.215], [148.025, -40.17], [147.89, -40.015], [147.905, -39.97], [147.875, -39.905], [147.81, -39.91], [147.765, -39.87], [147.84, -39.83], [147.935, -39.725], [148.0, -39.76]]], [[[147.355, -43.395], [147.31, -43.5], [147.23, -43.485], [147.155, -43.5], [147.105, -43.43], [147.105, -43.415], [147.165, -43.43], [147.185, -43.41], [147.2, -43.38], [147.22, -43.37], [147.235, -43.33], [147.285, -43.28], [147.31, -43.28], [147.34, -43.345], [147.355, -43.395]]], [[[148.105, -42.71], [148.05, -42.72], [148.03, -42.715], [148.03, -42.665], [148.025, -42.64], [148.075, -42.595], [148.145, -42.615], [148.17, -42.65], [148.1, -42.68], [148.105, -42.71]]], [[[147.435, -43.24], [147.37, -43.24], [147.35, -43.23], [147.34, -43.185], [147.295, -43.16], [147.32, -43.145], [147.325, -43.115], [147.355, -43.08], [147.395, -43.12], [147.435, -43.24]]], [[[144.785, -40.505], [144.75, -40.59], [144.71, -40.485], [144.75, -40.47], [144.785, -40.435], [144.79, -40.44], [144.785, -40.505]]], [[[148.325, -40.305], [148.42, -40.365], [148.475, -40.43], [148.405, -40.485], [148.355, -40.495], [148.32, -40.435], [148.215, -40.46], [148.105, -40.45], [148.02, -40.405], [148.01, -40.38], [148.06, -40.355], [148.2, -40.36], [148.325, -40.305]]], [[[148.235, -40.515], [148.19, -40.595], [148.125, -40.545], [148.115, -40.52], [148.195, -40.505], [148.22, -40.505], [148.235, -40.515]]], [[[158.88, -54.71], [158.845, -54.75], [158.835, -54.705], [158.895, -54.505], [158.96, -54.47], [158.945, -54.575], [158.88, -54.71]]]]}}, {"type": "Feature", "properties": {"id": "ARG", "nombre": "Argentina"}, "geometry": {"type": "MultiPolygon", "coordinates": [[[[-57.61, -30.19], [-57.645, -30.225], [-57.65, -30.295], [-57.715, -30.385], [-57.83, -30.495], [-57.875, -30.59], [-57.82, -30.71], [-57.81, -30.86], [-57.835, -30.915], [-57.885, -30.935], [-57.9, -30.975], [-57.87, -31.03], [-57.87, -31.105], [-57.895, -31.195], [-57.95, -31.3], [-58.035, -31.415], [-58.055, -31.495], [-58.01, -31.535], [-57.99, -31.575], [-57.99, -31.62], [-58.005, -31.685], [-58.04, -31.77], [-58.095, -31.83], [-58.165, -31.875], [-58.19, -31.925], [-58.16, -31.985], [-58.155, -32.05], [-58.175, -32.12], [-58.165, -32.185], [-58.12, -32.25], [-58.125, -32.32], [-58.2, -32.47], [-58.22, -32.565], [-58.17, -32.96], [-58.2, -33.015], [-58.25, -33.08], [-58.31, -33.085], [-58.375, -33.07], [-58.425, -33.11], [-58.455, -33.285], [-58.545, -33.665], [-58.53, -33.755], [-58.455, -33.9], [-58.43, -33.99], [-58.41, -34.06], [-58.39, -34.195], [-58.435, -34.255], [-58.475, -34.265], [-58.525, -34.295], [-58.465, -34.455], [-58.42, -34.53], [-58.285, -34.685], [-57.765, -34.895], [-57.55, -35.02], [-57.305, -35.19], [-57.17, -35.36], [-57.16, -35.505], [-57.355, -35.72], [-57.375, -35.9], [-57.335, -36.025], [-57.265, -36.145], [-57.075, -36.295], [-56.935, -36.355], [-56.75, -36.345], [-56.715, -36.39], [-56.7, -36.425], [-56.67, -36.735], [-56.67, -36.85], [-56.725, -36.96], [-57.09, -37.445], [-57.395, -37.745], [-57.505, -37.91], [-57.545, -38.085], [-57.645, -38.17], [-58.18, -38.435], [-59.005, -38.675], [-59.675, -38.795], [-59.83, -38.84], [-60.905, -38.975], [-61.11, -38.995], [-61.385, -38.98], [-61.605, -39.0], [-61.85, -38.96], [-62.065, -38.92], [-62.19, -38.815], [-62.335, -38.8], [-62.375, -38.855], [-62.305, -38.99], [-62.34, -39.15], [-62.295, -39.245], [-62.21, -39.26], [-62.125, -39.31], [-62.055, -39.375], [-62.18, -39.38], [-62.13, -39.43], [-62.075, -39.46], [-62.085, -39.57], [-62.13, -39.825], [-62.255, -39.88], [-62.285, -39.895], [-62.325, -39.95], [-62.4, -40.195], [-62.425, -40.355], [-62.395, -40.46], [-62.245, -40.675], [-62.3, -40.815], [-62.395, -40.89], [-62.8, -41.045], [-62.96, -41.11], [-63.215, -41.15], [-63.62, -41.16], [-63.775, -41.15], [-64.125, -41.01], [-64.385, -40.92], [-64.62, -40.855], [-64.855, -40.815], [-64.82, -40.795], [-64.805, -40.755], [-64.87, -40.735], [-64.915, -40.73], [-65.07, -40.805], [-65.135, -40.88], [-65.15, -40.945], [-65.155, -41.105], [-65.13, -41.24], [-65.02, -41.565], [-65.005, -41.745], [-65.06, -41.97], [-64.985, -42.1], [-64.9, -42.16], [-64.7, -42.22], [-64.62, -42.26], [-64.54, -42.255], [-64.51, -42.27], [-64.525, -42.3], [-64.575, -42.355], [-64.57, -42.415], [-64.42, -42.435], [-64.265, -42.42], [-64.1, -42.395], [-64.06, -42.355], [-64.06, -42.265], [-64.255, -42.25], [-64.23, -42.22], [-64.085, -42.185], [-63.895, -42.125], [-63.795, -42.115], [-63.73, -42.155], [-63.685, -42.19], [-63.63, -42.285], [-63.595, -42.405], [-63.595, -42.555], [-63.615, -42.695], [-63.645, -42.745], [-63.69, -42.805], [-64.035, -42.88], [-64.13, -42.86], [-64.22, -42.755], [-64.25, -42.645], [-64.325, -42.57], [-64.49, -42.515], [-64.65, -42.53], [-64.81, -42.635], [-64.97, -42.665], [-65.025, -42.76], [-64.63, -42.91], [-64.44, -42.95], [-64.38, -42.95], [-64.32, -42.97], [-64.375, -43.025], [-64.43, -43.06], [-64.715, -43.135], [-64.84, -43.19], [-64.985, -43.295], [-65.19, -43.52], [-65.25, -43.57], [-65.285, -43.63], [-65.305, -43.79], [-65.24, -44.05], [-65.31, -44.16], [-65.265, -44.28], [-65.29, -44.36], [-65.36, -44.475], [-65.65, -44.66], [-65.7, -44.795], [-65.6, -44.875], [-65.605, -44.945], [-65.64, -45.01], [-65.76, -45.005], [-66.19, -44.965], [-66.35, -45.035], [-66.495, -45.12], [-66.535, -45.16], [-66.585, -45.185], [-66.88, -45.23], [-66.94, -45.255], [-67.26, -45.575], [-67.395, -45.775], [-67.555, -45.97], [-67.6, -46.055], [-67.61, -46.165], [-67.585, -46.27], [-67.565, -46.345], [-67.505, -46.445], [-67.385, -46.555], [-66.775, -47.005], [-66.65, -47.045], [-66.0, -47.095], [-65.855, -47.155], [-65.77, -47.255], [-65.74, -47.345], [-65.775, -47.57], [-65.815, -47.64], [-65.885, -47.7], [-66.04, -47.785], [-66.225, -47.825], [-66.17, -47.86], [-66.095, -47.855], [-65.935, -47.825], [-65.865, -47.855], [-65.81, -47.94], [-65.91, -47.975], [-65.945, -48.02], [-66.015, -48.085], [-66.395, -48.34], [-66.595, -48.42], [-66.785, -48.525], [-67.035, -48.63], [-67.13, -48.69], [-67.265, -48.815], [-67.465, -48.95], [-67.685, -49.245], [-67.695, -49.305], [-67.66, -49.34], [-67.785, -49.86], [-67.825, -49.92], [-67.915, -49.985], [-68.145, -50.09], [-68.255, -50.105], [-68.405, -50.045], [-68.49, -49.98], [-68.57, -49.865], [-68.67, -49.755], [-68.675, -49.795], [-68.64, -49.865], [-68.66, -49.935], [-68.915, -49.97], [-68.98, -50.005], [-68.755, -49.99], [-68.6, -50.01], [-68.535, -50.035], [-68.475, -50.09], [-68.42, -50.16], [-68.465, -50.195], [-68.59, -50.225], [-68.75, -50.28], [-68.94, -50.38], [-69.045, -50.5], [-69.09, -50.585], [-69.14, -50.755], [-69.155, -50.865], [-69.235, -50.95], [-69.36, -51.03], [-69.35, -51.045], [-69.27, -51.005], [-69.2, -50.995], [-69.145, -51.095], [-69.065, -51.305], [-69.03, -51.445], [-69.035, -51.49], [-69.06, -51.545], [-69.22, -51.56], [-69.36, -51.56], [-69.465, -51.585], [-69.41, -51.61], [-69.315, -51.6], [-69.18, -51.66], [-69.035, -51.635], [-68.965, -51.675], [-68.915, -51.715], [-68.69, -52.015], [-68.495, -52.2], [-68.395, -52.305], [-68.445, -52.355], [-68.46, -52.29], [-68.59, -52.275], [-68.715, -52.255], [-68.925, -52.21], [-69.205, -52.135], [-69.49, -52.135], [-69.715, -52.075], [-69.96, -52.01], [-70.485, -52.0], [-70.945, -52.0], [-71.415, -51.995], [-71.715, -51.99], [-71.92, -51.99], [-71.97, -51.965], [-71.955, -51.88], [-72.03, -51.82], [-72.135, -51.745], [-72.27, -51.69], [-72.335, -51.62], [-72.41, -51.54], [-72.365, -51.47], [-72.305, -51.3], [-72.3, -51.225], [-72.36, -51.17], [-72.375, -51.095], [-72.36, -51.06], [-72.305, -51.035], [-72.275, -50.91], [-72.3, -50.79], [-72.34, -50.68], [-72.395, -50.635], [-72.46, -50.61], [-72.51, -50.61], [-72.62, -50.65], [-72.805, -50.64], [-72.865, -50.655], [-72.955, -50.695], [-73.08, -50.76], [-73.155, -50.74], [-73.175, -50.67], [-73.22, -50.61], [-73.25, -50.56], [-73.275, -50.475], [-73.31, -50.36], [-73.385, -50.23], [-73.5, -50.125], [-73.51, -50.03], [-73.53, -49.91], [-73.47, -49.795], [-73.505, -49.7], [-73.575, -49.585], [-73.555, -49.465], [-73.485, -49.4], [-73.46, -49.315], [-73.135, -49.3], [-73.15, -49.19], [-73.095, -49.095], [-73.035, -49.015], [-72.98, -48.975], [-72.865, -48.945], [-72.73, -48.895], [-72.65, -48.84], [-72.615, -48.795], [-72.59, -48.73], [-72.585, -48.66], [-72.61, -48.52], [-72.585, -48.475], [-72.5, -48.415], [-72.355, -48.365], [-72.295, -48.23], [-72.33, -48.11], [-72.41, -48.015], [-72.51, -47.975], [-72.52, -47.875], [-72.47, -47.785], [-72.415, -47.685], [-72.34, -47.57], [-72.345, -47.495], [-72.285, -47.445], [-72.105, -47.345], [-72.04, -47.24], [-71.98, -47.215], [-71.905, -47.2], [-71.9, -47.145], [-71.955, -47.09], [-71.965, -47.015], [-71.955, -46.935], [-71.94, -46.83], [-71.855, -46.79], [-71.735, -46.705], [-71.7, -46.65], [-71.695, -46.58], [-71.73, -46.43], [-71.76, -46.32], [-71.78, -46.28], [-71.835, -46.205], [-71.875, -46.16], [-71.81, -46.105], [-71.685, -46.04], [-71.63, -45.955], [-71.68, -45.88], [-71.75, -45.84], [-71.775, -45.725], [-71.745, -45.58], [-71.695, -45.535], [-71.51, -45.515], [-71.49, -45.44], [-71.35, -45.33], [-71.355, -45.23], [-71.445, -45.17], [-71.53, -45.07], [-71.595, -44.98], [-71.81, -44.93], [-72.04, -44.905], [-72.075, -44.82], [-72.065, -44.77], [-71.955, -44.79], [-71.785, -44.775], [-71.65, -44.77], [-71.56, -44.76], [-71.455, -44.75], [-71.36, -44.785], [-71.26, -44.765], [-71.22, -44.63], [-71.16, -44.56], [-71.15, -44.495], [-71.215, -44.44], [-71.325, -44.425], [-71.82, -44.385], [-71.835, -44.33], [-71.83, -44.24], [-71.81, -44.15], [-71.81, -44.105], [-71.765, -44.065], [-71.715, -43.985], [-71.68, -43.93], [-71.715, -43.86], [-71.795, -43.755], [-71.735, -43.705], [-71.735, -43.645], [-71.75, -43.59], [-71.83, -43.525], [-71.905, -43.44], [-71.905, -43.35], [-71.82, -43.325], [-71.765, -43.295], [-71.75, -43.235], [-71.78, -43.165], [-71.9, -43.145], [-72.055, -43.1], [-72.1, -43.065], [-72.145, -42.99], [-72.115, -42.775], [-72.13, -42.65], [-72.145, -42.575], [-72.105, -42.52], [-72.055, -42.475], [-72.08, -42.36], [-72.125, -42.3], [-72.11, -42.25], [-72.065, -42.205], [-72.025, -42.15], [-71.995, -42.135], [-71.945, -42.165], [-71.86, -42.15], [-71.76, -42.1], [-71.75, -42.045], [-71.77, -41.97], [-71.845, -41.77], [-71.91, -41.65], [-71.9, -41.605], [-71.87, -41.56], [-71.89, -41.395], [-71.885, -41.29], [-71.88, -40.995], [-71.875, -40.895], [-71.94, -40.79], [-71.93, -40.69], [-71.885, -40.62], [-71.84, -40.525], [-71.805, -40.44], [-71.77, -40.4], [-71.71, -40.38], [-71.695, -40.335], [-71.725, -40.3], [-71.8, -40.245], [-71.82, -40.175], [-71.8, -40.125], [-71.765, -40.095], [-71.705, -40.095], [-71.66, -40.02], [-71.645, -39.93], [-71.64, -39.885], [-71.67, -39.835], [-71.695, -39.705], [-71.72, -39.635], [-71.695, -39.605], [-71.655, -39.595], [-71.585, -39.61], [-71.54, -39.6], [-71.53, -39.565], [-71.525, -39.525], [-71.51, -39.495], [-71.465, -39.4], [-71.42, -39.285], [-71.41, -39.205], [-71.425, -38.985], [-71.4, -38.935], [-71.355, -38.89], [-71.285, -38.845], [-71.195, -38.81], [-71.085, -38.76], [-70.95, -38.74], [-70.895, -38.68], [-70.86, -38.605], [-70.85, -38.54], [-70.9, -38.5], [-70.97, -38.445], [-71.0, -38.315], [-71.02, -38.195], [-71.03, -38.04], [-71.095, -37.91], [-71.17, -37.76], [-71.185, -37.63], [-71.165, -37.56], [-71.135, -37.445], [-71.165, -37.395], [-71.2, -37.3], [-71.165, -37.225], [-71.12, -37.115], [-71.125, -37.055], [-71.16, -36.92], [-71.19, -36.845], [-71.16, -36.76], [-71.105, -36.685], [-71.065, -36.645], [-71.075, -36.58], [-71.055, -36.525], [-70.98, -36.485], [-70.905, -36.42], [-70.855, -36.41], [-70.79, -36.41], [-70.75, -36.395], [-70.735, -36.34], [-70.72, -36.285], [-70.62, -36.21], [-70.565, -36.145], [-70.455, -36.135], [-70.405, -36.06], [-70.405, -35.97], [-70.415, -35.88], [-70.38, -35.77], [-70.42, -35.61], [-70.415, -35.525], [-70.455, -35.45], [-70.45, -35.375], [-70.47, -35.325], [-70.53, -35.31], [-70.555, -35.245], [-70.525, -35.215], [-70.465, -35.195], [-70.395, -35.145], [-70.34, -34.92], [-70.31, -34.855], [-70.285, -34.775], [-70.29, -34.735], [-70.255, -34.675], [-70.21, -34.58], [-70.14, -34.495], [-70.1, -34.43], [-70.065, -34.35], [-70.05, -34.3], [-70.005, -34.275], [-69.945, -34.27], [-69.88, -34.255], [-69.85, -34.225], [-69.855, -34.18], [-69.86, -34.085], [-69.88, -33.93], [-69.895, -33.73], [-69.885, -33.6], [-69.84, -33.47], [-69.8, -33.4], [-69.81, -33.345], [-69.82, -33.285], [-69.895, -33.25], [-69.97, -33.28], [-70.02, -33.27], [-70.085, -33.2], [-70.105, -33.13], [-70.095, -33.025], [-70.04, -32.965], [-70.02, -32.885], [-70.05, -32.86], [-70.115, -32.805], [-70.175, -32.625], [-70.17, -32.47], [-70.23, -32.43], [-70.26, -32.31], [-70.32, -32.265], [-70.345, -32.175], [-70.365, -32.085], [-70.355, -32.04], [-70.29, -32.03], [-70.255, -31.96], [-70.28, -31.915], [-70.33, -31.88], [-70.395, -31.885], [-70.45, -31.84], [-70.525, -31.665], [-70.585, -31.57], [-70.565, -31.43], [-70.555, -31.315], [-70.53, -31.225], [-70.52, -31.15], [-70.475, -31.115], [-70.43, -31.13], [-70.39, -31.12], [-70.35, -31.06], [-70.31, -31.025], [-70.31, -30.995], [-70.335, -30.96], [-70.35, -30.9], [-70.32, -30.835], [-70.27, -30.675], [-70.195, -30.505], [-70.16, -30.44], [-70.17, -30.385], [-70.155, -30.36], [-70.1, -30.39], [-69.955, -30.36], [-69.905, -30.28], [-69.89, -30.215], [-69.845, -30.175], [-69.865, -30.12], [-69.925, -30.105], [-69.96, -30.08], [-69.945, -30.015], [-69.925, -29.875], [-69.93, -29.77], [-69.985, -29.545], [-70.025, -29.325], [-69.995, -29.25], [-69.9, -29.15], [-69.83, -29.105], [-69.815, -29.045], [-69.745, -28.785], [-69.735, -28.64], [-69.69, -28.56], [-69.655, -28.415], [-69.525, -28.285], [-69.49, -28.2], [-69.435, -28.195], [-69.41, -28.165], [-69.34, -28.07], [-69.25, -27.975], [-69.175, -27.925], [-69.155, -27.85], [-69.12, -27.745], [-69.04, -27.57], [-69.0, -27.45], [-68.94, -27.405], [-68.875, -27.245], [-68.845, -27.155], [-68.77, -27.115], [-68.71, -27.105], [-68.65, -27.15], [-68.59, -27.14], [-68.535, -27.085], [-68.405, -27.05], [-68.345, -27.03], [-68.32, -26.975], [-68.32, -26.88], [-68.375, -26.805], [-68.485, -26.67], [-68.58, -26.52], [-68.59, -26.47], [-68.59, -26.42], [-68.575, -26.35], [-68.53, -26.275], [-68.415, -26.155], [-68.425, -26.065], [-68.51, -25.74], [-68.54, -25.65], [-68.6, -25.485], [-68.59, -25.42], [-68.54, -25.235], [-68.495, -25.165], [-68.43, -25.15], [-68.395, -25.125], [-68.385, -25.09], [-68.43, -25.05], [-68.445, -25.0], [-68.465, -24.925], [-68.525, -24.9], [-68.56, -24.84], [-68.56, -24.745], [-68.505, -24.63], [-68.445, -24.595], [-68.425, -24.545], [-68.36, -24.495], [-68.3, -24.46], [-68.25, -24.39], [-68.045, -24.31], [-67.885, -24.245], [-67.57, -24.12], [-67.355, -24.035], [-67.335, -23.975], [-67.32, -23.935], [-67.22, -23.635], [-67.09, -23.245], [-67.01, -23.0], [-67.195, -22.82], [-67.16, -22.775], [-67.055, -22.65], [-67.035, -22.55], [-66.99, -22.51], [-66.8, -22.41], [-66.765, -22.345], [-66.75, -22.27], [-66.71, -22.215], [-66.64, -22.205], [-66.505, -22.16], [-66.365, -22.115], [-66.32, -22.055], [-66.28, -21.945], [-66.25, -21.83], [-66.22, -21.805], [-66.175, -21.805], [-66.1, -21.835], [-66.06, -21.88], [-65.86, -22.02], [-65.77, -22.1], [-65.685, -22.11], [-65.52, -22.095], [-65.485, -22.1], [-65.06, -22.105], [-64.995, -22.11], [-64.845, -22.145], [-64.76, -22.17], [-64.7, -22.185], [-64.605, -22.23], [-64.525, -22.37], [-64.48, -22.485], [-64.445, -22.585], [-64.375, -22.76], [-64.325, -22.83], [-64.31, -22.795], [-64.265, -22.605], [-64.21, -22.49], [-64.13, -22.365], [-63.975, -22.075], [-63.92, -22.03], [-63.86, -22.005], [-63.82, -22.005], [-63.775, -22.025], [-63.715, -22.03], [-63.675, -22.005], [-63.265, -22.0], [-62.845, -21.995], [-62.835, -22.0], [-62.815, -22.05], [-62.745, -22.16], [-62.665, -22.22], [-62.65, -22.235], [-62.625, -22.26], [-62.625, -22.29], [-62.54, -22.35], [-62.375, -22.44], [-62.215, -22.61], [-62.065, -22.87], [-61.93, -23.06], [-61.8, -23.18], [-61.68, -23.27], [-61.57, -23.32], [-61.515, -23.36], [-61.505, -23.39], [-61.405, -23.46], [-61.21, -23.555], [-61.085, -23.655], [-61.035, -23.755], [-60.84, -23.86], [-60.505, -23.965], [-60.26, -24.015], [-60.11, -24.01], [-59.89, -24.095], [-59.61, -24.265], [-59.435, -24.385], [-59.375, -24.455], [-59.185, -24.56], [-58.725, -24.785], [-58.52, -24.845], [-58.425, -24.895], [-58.365, -24.96], [-58.31, -24.98], [-58.255, -24.955], [-58.135, -24.975], [-57.96, -25.05], [-57.82, -25.135], [-57.645, -25.33], [-57.585, -25.405], [-57.565, -25.475], [-57.57, -25.535], [-57.625, -25.6], [-57.725, -25.665], [-57.755, -25.695], [-57.755, -25.725], [-57.78, -25.785], [-57.865, -25.905], [-57.885, -25.965], [-57.89, -26.005], [-57.945, -26.055], [-58.08, -26.14], [-58.11, -26.18], [-58.12, -26.225], [-58.135, -26.25], [-58.155, -26.265], [-58.18, -26.305], [-58.205, -26.38], [-58.205, -26.475], [-58.19, -26.595], [-58.19, -26.63], [-58.22, -26.65], [-58.24, -26.675], [-58.245, -26.73], [-58.27, -26.77], [-58.32, -26.795], [-58.335, -26.825], [-58.325, -26.86], [-58.355, -26.89], [-58.435, -26.92], [-58.485, -26.97], [-58.505, -27.03], [-58.55, -27.085], [-58.62, -27.13], [-58.64, -27.195], [-58.605, -27.315], [-58.17, -27.275], [-57.81, -27.315], [-57.39, -27.43], [-57.11, -27.47], [-56.975, -27.435], [-56.87, -27.44], [-56.805, -27.485], [-56.715, -27.495], [-56.605, -27.47], [-56.51, -27.49], [-56.435, -27.555], [-56.37, -27.535], [-56.31, -27.44], [-56.24, -27.365], [-56.165, -27.32], [-56.065, -27.31], [-55.95, -27.325], [-55.86, -27.36], [-55.79, -27.415], [-55.715, -27.415], [-55.635, -27.355], [-55.595, -27.29], [-55.595, -27.21], [-55.565, -27.15], [-55.495, -27.115], [-55.45, -27.07], [-55.425, -27.01], [-55.345, -26.975], [-55.21, -26.96], [-55.135, -26.93], [-55.13, -26.885], [-55.09, -26.845], [-55.015, -26.805], [-54.96, -26.76], [-54.935, -26.705], [-54.89, -26.665], [-54.825, -26.65], [-54.755, -26.535], [-54.68, -26.31], [-54.63, -26.005], [-54.615, -25.575], [-54.54, -25.575], [-54.5, -25.61], [-54.445, -25.625], [-54.385, -25.59], [-54.33, -25.57], [-54.25, -25.57], [-54.205, -25.53], [-54.155, -25.525], [-54.12, -25.545], [-54.085, -25.57], [-54.01, -25.58], [-53.955, -25.65], [-53.89, -25.67], [-53.865, -25.75], [-53.825, -25.96], [-53.745, -26.085], [-53.67, -26.225], [-53.67, -26.29], [-53.71, -26.35], [-53.72, -26.445], [-53.745, -26.665], [-53.755, -26.75], [-53.725, -26.805], [-53.715, -26.885], [-53.76, -26.98], [-53.84, -27.12], [-53.915, -27.16], [-53.935, -27.16], [-54.04, -27.245], [-54.115, -27.275], [-54.155, -27.255], [-54.205, -27.29], [-54.26, -27.38], [-54.325, -27.425], [-54.45, -27.445], [-54.485, -27.455], [-54.555, -27.455], [-54.615, -27.475], [-54.665, -27.525], [-54.72, -27.545], [-54.775, -27.535], [-54.83, -27.55], [-54.875, -27.6], [-54.905, -27.65], [-54.91, -27.71], [-54.955, -27.745], [-55.04, -27.77], [-55.07, -27.795], [-55.065, -27.835], [-55.1, -27.865], [-55.245, -27.9], [-55.345, -27.955], [-55.41, -28.04], [-55.475, -28.09], [-55.58, -28.12], [-55.725, -28.205], [-55.745, -28.255], [-55.69, -28.305], [-55.67, -28.345], [-55.685, -28.38], [-55.73, -28.385], [-55.805, -28.36], [-55.86, -28.355], [-55.89, -28.37], [-55.905, -28.4], [-55.905, -28.445], [-55.93, -28.475], [-55.985, -28.49], [-56.02, -28.525], [-56.035, -28.58], [-56.105, -28.65], [-56.225, -28.735], [-56.32, -28.85], [-56.395, -28.995], [-56.475, -29.09], [-56.57, -29.14], [-56.635, -29.205], [-56.67, -29.285], [-56.77, -29.42], [-56.94, -29.595], [-57.09, -29.715], [-57.225, -29.78], [-57.3, -29.855], [-57.315, -29.94], [-57.405, -30.035], [-57.565, -30.14], [-57.61, -30.19]]], [[[-68.655, -54.855], [-68.65, -54.63], [-68.64, -54.325], [-68.64, -54.055], [-68.635, -53.79], [-68.635, -53.515], [-68.635, -53.24], [-68.63, -52.95], [-68.63, -52.655], [-68.57, -52.695], [-68.34, -52.9], [-68.28, -52.985], [-68.24, -53.08], [-68.335, -53.02], [-68.43, -53.055], [-68.48, -53.115], [-68.52, -53.175], [-68.52, -53.22], [-68.49, -53.26], [-68.395, -53.295], [-68.16, -53.305], [-68.145, -53.32], [-68.01, -53.565], [-67.94, -53.62], [-67.86, -53.66], [-67.68, -53.785], [-67.505, -53.92], [-67.295, -54.05], [-67.07, -54.15], [-66.865, -54.225], [-66.67, -54.315], [-66.46, -54.44], [-66.235, -54.535], [-65.995, -54.6], [-65.745, -54.655], [-65.37, -54.63], [-65.25, -54.64], [-65.18, -54.68], [-65.25, -54.79], [-65.345, -54.88], [-65.47, -54.915], [-65.605, -54.93], [-65.725, -54.925], [-65.84, -54.91], [-65.955, -54.92], [-66.06, -54.955], [-66.17, -54.975], [-66.285, -54.98], [-66.4, -55.01], [-66.51, -55.03], [-66.63, -55.015], [-66.93, -54.925], [-67.125, -54.905], [-67.795, -54.87], [-68.005, -54.85], [-68.22, -54.82], [-68.33, -54.815], [-68.49, -54.835], [-68.62, -54.835], [-68.655, -54.855]]], [[[-64.55, -54.715], [-64.44, -54.74], [-64.22, -54.72], [-64.105, -54.72], [-64.055, -54.73], [-64.03, -54.74], [-63.88, -54.725], [-63.815, -54.725], [-63.835, -54.77], [-63.97, -54.81], [-64.03, -54.795], [-64.325, -54.795], [-64.455, -54.84], [-64.51, -54.84], [-64.635, -54.905], [-64.73, -54.865], [-64.755, -54.825], [-64.69, -54.775], [-64.625, -54.775], [-64.58, -54.755], [-64.55, -54.715]]], [[[-61.875, -39.17], [-61.865, -39.235], [-61.92, -39.225], [-62.04, -39.165], [-62.085, -39.11], [-62.095, -39.085], [-61.965, -39.11], [-61.905, -39.135], [-61.875, -39.17]]]]}}]}