codigo,nivel,aglomerado,fecha,valor,hogares
hogares_agua_red,aglomerado,2,2017-01-01,96.8827,461
hogares_agua_red,aglomerado,2,2017-04-01,98.0504,511
hogares_agua_red,aglomerado,2,2017-07-01,97.7380,489
hogares_agua_red,aglomerado,2,2017-10-01,97.3952,472
hogares_agua_red,aglomerado,2,2018-01-01,97.6840,448
hogares_agua_red,aglomerado,2,2018-04-01,97.8213,452
hogares_agua_red,aglomerado,2,2018-07-01,96.9122,410
hogares_agua_red,aglomerado,2,2018-10-01,96.7615,433
hogares_agua_red,aglomerado,2,2019-01-01,97.3382,498
hogares_agua_red,aglomerado,2,2019-04-01,97.3851,522
hogares_agua_red,aglomerado,2,2019-07-01,96.9039,498
hogares_agua_red,aglomerado,2,2019-10-01,96.9428,510
hogares_agua_red,aglomerado,2,2020-01-01,97.0338,496
hogares_agua_red,aglomerado,2,2020-04-01,96.1607,300
hogares_agua_red,aglomerado,2,2020-07-01,97.1315,205
hogares_agua_red,aglomerado,2,2020-10-01,97.8025,406
hogares_agua_red,aglomerado,2,2021-01-01,97.8169,421
hogares_agua_red,aglomerado,2,2021-04-01,97.6836,432
hogares_agua_red,aglomerado,2,2021-07-01,96.5825,418
hogares_agua_red,aglomerado,2,2021-10-01,97.8870,420
hogares_agua_red,aglomerado,2,2022-01-01,97.0303,429
hogares_agua_red,aglomerado,2,2022-04-01,97.4246,462
hogares_agua_red,aglomerado,2,2022-07-01,95.4400,409
hogares_agua_red,aglomerado,2,2022-10-01,96.4427,437
hogares_agua_red,aglomerado,2,2023-01-01,95.3964,430
hogares_agua_red,aglomerado,2,2023-04-01,93.1431,447
hogares_agua_red,aglomerado,2,2023-07-01,95.7000,464
hogares_agua_red,aglomerado,2,2023-10-01,96.4298,444
hogares_agua_red,aglomerado,2,2024-01-01,95.5411,394
hogares_agua_red,aglomerado,2,2024-04-01,95.3257,428
hogares_agua_red,aglomerado,2,2024-07-01,95.0726,482
hogares_agua_red,aglomerado,2,2024-10-01,95.2937,400
hogares_agua_red,aglomerado,2,2025-01-01,95.7296,368
hogares_agua_red,aglomerado,2,2025-04-01,94.8809,361
hogares_agua_red,aglomerado,2,2025-07-01,94.7182,393
hogares_agua_red,aglomerado,2,2025-10-01,93.5722,393
hogares_agua_red,aglomerado,2,2026-01-01,94.8868,282
hogares_agua_red,aglomerado,3,2017-01-01,98.8809,506
hogares_agua_red,aglomerado,3,2017-04-01,98.9980,500
hogares_agua_red,aglomerado,3,2017-07-01,99.6717,522
hogares_agua_red,aglomerado,3,2017-10-01,99.5531,539
hogares_agua_red,aglomerado,3,2018-01-01,99.0288,474
hogares_agua_red,aglomerado,3,2018-04-01,99.1597,472
hogares_agua_red,aglomerado,3,2018-07-01,99.6066,475
hogares_agua_red,aglomerado,3,2018-10-01,100.0000,492
hogares_agua_red,aglomerado,3,2019-01-01,100.0000,470
hogares_agua_red,aglomerado,3,2019-04-01,100.0000,489
hogares_agua_red,aglomerado,3,2019-07-01,99.6228,480
hogares_agua_red,aglomerado,3,2019-10-01,99.6354,483
hogares_agua_red,aglomerado,3,2020-01-01,100.0000,430
hogares_agua_red,aglomerado,3,2020-04-01,100.0000,263
hogares_agua_red,aglomerado,3,2020-07-01,99.1068,303
hogares_agua_red,aglomerado,3,2020-10-01,99.0143,432
hogares_agua_red,aglomerado,3,2021-01-01,99.3763,434
hogares_agua_red,aglomerado,3,2021-04-01,99.3617,430
hogares_agua_red,aglomerado,3,2021-07-01,99.6550,423
hogares_agua_red,aglomerado,3,2021-10-01,99.5290,413
hogares_agua_red,aglomerado,3,2022-01-01,99.3980,419
hogares_agua_red,aglomerado,3,2022-04-01,99.4110,454
hogares_agua_red,aglomerado,3,2022-07-01,99.5787,434
hogares_agua_red,aglomerado,3,2022-10-01,99.1718,430
hogares_agua_red,aglomerado,3,2023-01-01,98.8414,422
hogares_agua_red,aglomerado,3,2023-04-01,98.6642,444
hogares_agua_red,aglomerado,3,2023-07-01,98.5334,424
hogares_agua_red,aglomerado,3,2023-10-01,99.0923,396
hogares_agua_red,aglomerado,3,2024-01-01,98.0537,408
hogares_agua_red,aglomerado,3,2024-04-01,98.7609,413
hogares_agua_red,aglomerado,3,2024-07-01,99.0905,420
hogares_agua_red,aglomerado,3,2024-10-01,99.1609,412
hogares_agua_red,aglomerado,3,2025-01-01,98.8794,312
hogares_agua_red,aglomerado,3,2025-04-01,100.0000,303
hogares_agua_red,aglomerado,3,2025-07-01,100.0000,390
hogares_agua_red,aglomerado,3,2025-10-01,100.0000,374
hogares_agua_red,aglomerado,3,2026-01-01,100.0000,353
hogares_agua_red,aglomerado,4,2017-01-01,98.7620,691
hogares_agua_red,aglomerado,4,2017-04-01,99.6802,719
hogares_agua_red,aglomerado,4,2017-07-01,99.8128,719
hogares_agua_red,aglomerado,4,2017-10-01,99.4293,669
hogares_agua_red,aglomerado,4,2018-01-01,99.1390,702
hogares_agua_red,aglomerado,4,2018-04-01,99.4885,695
hogares_agua_red,aglomerado,4,2018-07-01,99.8051,660
hogares_agua_red,aglomerado,4,2018-10-01,99.1590,643
hogares_agua_red,aglomerado,4,2019-01-01,98.9273,659
hogares_agua_red,aglomerado,4,2019-04-01,98.7061,649
hogares_agua_red,aglomerado,4,2019-07-01,97.8743,626
hogares_agua_red,aglomerado,4,2019-10-01,98.7741,651
hogares_agua_red,aglomerado,4,2020-01-01,99.0484,619
hogares_agua_red,aglomerado,4,2020-04-01,98.1842,576
hogares_agua_red,aglomerado,4,2020-07-01,97.4410,560
hogares_agua_red,aglomerado,4,2020-10-01,98.2638,594
hogares_agua_red,aglomerado,4,2021-01-01,98.5927,639
hogares_agua_red,aglomerado,4,2021-04-01,97.9732,644
hogares_agua_red,aglomerado,4,2021-07-01,98.6572,671
hogares_agua_red,aglomerado,4,2021-10-01,99.7110,697
hogares_agua_red,aglomerado,4,2022-01-01,99.2809,731
hogares_agua_red,aglomerado,4,2022-04-01,98.2265,754
hogares_agua_red,aglomerado,4,2022-07-01,98.7099,691
hogares_agua_red,aglomerado,4,2022-10-01,99.8284,683
hogares_agua_red,aglomerado,4,2023-01-01,99.9452,702
hogares_agua_red,aglomerado,4,2023-04-01,98.9699,712
hogares_agua_red,aglomerado,4,2023-07-01,97.5490,691
hogares_agua_red,aglomerado,4,2023-10-01,97.6980,657
hogares_agua_red,aglomerado,4,2024-01-01,99.0979,640
hogares_agua_red,aglomerado,4,2024-04-01,98.0508,624
hogares_agua_red,aglomerado,4,2024-07-01,96.9620,630
hogares_agua_red,aglomerado,4,2024-10-01,97.2852,621
hogares_agua_red,aglomerado,4,2025-01-01,97.0179,594
hogares_agua_red,aglomerado,4,2025-04-01,96.7796,651
hogares_agua_red,aglomerado,4,2025-07-01,99.2433,652
hogares_agua_red,aglomerado,4,2025-10-01,98.5067,654
hogares_agua_red,aglomerado,4,2026-01-01,97.2717,641
hogares_agua_red,aglomerado,5,2017-01-01,95.1329,550
hogares_agua_red,aglomerado,5,2017-04-01,95.8085,580
hogares_agua_red,aglomerado,5,2017-07-01,95.7240,572
hogares_agua_red,aglomerado,5,2017-10-01,96.0532,572
hogares_agua_red,aglomerado,5,2018-01-01,95.7963,553
hogares_agua_red,aglomerado,5,2018-04-01,94.5486,543
hogares_agua_red,aglomerado,5,2018-07-01,92.3394,549
hogares_agua_red,aglomerado,5,2018-10-01,93.8341,552
hogares_agua_red,aglomerado,5,2019-01-01,95.1650,541
hogares_agua_red,aglomerado,5,2019-04-01,93.7301,550
hogares_agua_red,aglomerado,5,2019-07-01,93.1162,559
hogares_agua_red,aglomerado,5,2019-10-01,92.9964,549
hogares_agua_red,aglomerado,5,2020-01-01,93.2794,510
hogares_agua_red,aglomerado,5,2020-04-01,88.4887,442
hogares_agua_red,aglomerado,5,2020-07-01,92.3076,506
hogares_agua_red,aglomerado,5,2020-10-01,93.0854,537
hogares_agua_red,aglomerado,5,2021-01-01,92.9951,515
hogares_agua_red,aglomerado,5,2021-04-01,92.4212,500
hogares_agua_red,aglomerado,5,2021-07-01,93.5047,520
hogares_agua_red,aglomerado,5,2021-10-01,94.6697,499
hogares_agua_red,aglomerado,5,2022-01-01,94.8904,509
hogares_agua_red,aglomerado,5,2022-04-01,95.7742,522
hogares_agua_red,aglomerado,5,2022-07-01,96.8032,507
hogares_agua_red,aglomerado,5,2022-10-01,93.0107,518
hogares_agua_red,aglomerado,5,2023-01-01,92.7895,476
hogares_agua_red,aglomerado,5,2023-04-01,92.9946,510
hogares_agua_red,aglomerado,5,2023-07-01,92.9641,505
hogares_agua_red,aglomerado,5,2023-10-01,90.0312,500
hogares_agua_red,aglomerado,5,2024-01-01,90.0070,496
hogares_agua_red,aglomerado,5,2024-04-01,91.0921,509
hogares_agua_red,aglomerado,5,2024-07-01,91.1071,497
hogares_agua_red,aglomerado,5,2024-10-01,91.8939,502
hogares_agua_red,aglomerado,5,2025-01-01,90.9562,504
hogares_agua_red,aglomerado,5,2025-04-01,92.4796,507
hogares_agua_red,aglomerado,5,2025-07-01,92.7290,477
hogares_agua_red,aglomerado,5,2025-10-01,93.3085,497
hogares_agua_red,aglomerado,5,2026-01-01,93.4026,492
hogares_agua_red,aglomerado,6,2017-01-01,100.0000,561
hogares_agua_red,aglomerado,6,2017-04-01,100.0000,579
hogares_agua_red,aglomerado,6,2017-07-01,100.0000,604
hogares_agua_red,aglomerado,6,2017-10-01,100.0000,619
hogares_agua_red,aglomerado,6,2018-01-01,100.0000,610
hogares_agua_red,aglomerado,6,2018-04-01,100.0000,578
hogares_agua_red,aglomerado,6,2018-07-01,100.0000,573
hogares_agua_red,aglomerado,6,2018-10-01,100.0000,593
hogares_agua_red,aglomerado,6,2019-01-01,99.8468,770
hogares_agua_red,aglomerado,6,2019-04-01,99.8445,739
hogares_agua_red,aglomerado,6,2019-07-01,100.0000,717
hogares_agua_red,aglomerado,6,2019-10-01,99.8899,764
hogares_agua_red,aglomerado,6,2020-01-01,99.5041,625
hogares_agua_red,aglomerado,6,2020-04-01,99.6700,353
hogares_agua_red,aglomerado,6,2020-07-01,100.0000,398
hogares_agua_red,aglomerado,6,2020-10-01,98.7216,382
hogares_agua_red,aglomerado,6,2021-01-01,99.4059,579
hogares_agua_red,aglomerado,6,2021-04-01,99.4928,569
hogares_agua_red,aglomerado,6,2021-07-01,99.9318,598
hogares_agua_red,aglomerado,6,2021-10-01,100.0000,621
hogares_agua_red,aglomerado,6,2022-01-01,99.9288,581
hogares_agua_red,aglomerado,6,2022-04-01,99.7740,558
hogares_agua_red,aglomerado,6,2022-07-01,99.8441,429
hogares_agua_red,aglomerado,6,2022-10-01,99.7687,462
hogares_agua_red,aglomerado,6,2023-01-01,99.7831,364
hogares_agua_red,aglomerado,6,2023-04-01,100.0000,489
hogares_agua_red,aglomerado,6,2023-07-01,99.8104,512
hogares_agua_red,aglomerado,6,2023-10-01,100.0000,517
hogares_agua_red,aglomerado,6,2024-01-01,100.0000,506
hogares_agua_red,aglomerado,6,2024-04-01,100.0000,517
hogares_agua_red,aglomerado,6,2024-07-01,100.0000,506
hogares_agua_red,aglomerado,6,2024-10-01,100.0000,508
hogares_agua_red,aglomerado,6,2025-01-01,100.0000,523
hogares_agua_red,aglomerado,6,2025-04-01,100.0000,516
hogares_agua_red,aglomerado,6,2025-07-01,100.0000,503
hogares_agua_red,aglomerado,6,2025-10-01,100.0000,477
hogares_agua_red,aglomerado,6,2026-01-01,100.0000,477
hogares_agua_red,aglomerado,7,2017-01-01,98.9114,459
hogares_agua_red,aglomerado,7,2017-04-01,99.4801,460
hogares_agua_red,aglomerado,7,2017-07-01,99.1997,449
hogares_agua_red,aglomerado,7,2017-10-01,99.0810,464
hogares_agua_red,aglomerado,7,2018-01-01,98.8246,449
hogares_agua_red,aglomerado,7,2018-04-01,99.1860,445
hogares_agua_red,aglomerado,7,2018-07-01,97.6724,458
hogares_agua_red,aglomerado,7,2018-10-01,97.9970,449
hogares_agua_red,aglomerado,7,2019-01-01,98.9532,440
hogares_agua_red,aglomerado,7,2019-04-01,99.1065,444
hogares_agua_red,aglomerado,7,2019-07-01,98.1610,438
hogares_agua_red,aglomerado,7,2019-10-01,98.1614,434
hogares_agua_red,aglomerado,7,2020-01-01,99.0228,373
hogares_agua_red,aglomerado,7,2020-04-01,99.3802,246
hogares_agua_red,aglomerado,7,2020-07-01,99.5916,410
hogares_agua_red,aglomerado,7,2020-10-01,100.0000,428
hogares_agua_red,aglomerado,7,2021-01-01,99.5119,436
hogares_agua_red,aglomerado,7,2021-04-01,98.5752,422
hogares_agua_red,aglomerado,7,2021-07-01,99.2993,412
hogares_agua_red,aglomerado,7,2021-10-01,99.6560,445
hogares_agua_red,aglomerado,7,2022-01-01,99.4881,440
hogares_agua_red,aglomerado,7,2022-04-01,99.7950,445
hogares_agua_red,aglomerado,7,2022-07-01,97.5948,464
hogares_agua_red,aglomerado,7,2022-10-01,97.3506,459
hogares_agua_red,aglomerado,7,2023-01-01,99.5025,455
hogares_agua_red,aglomerado,7,2023-04-01,99.5220,481
hogares_agua_red,aglomerado,7,2023-07-01,98.5461,457
hogares_agua_red,aglomerado,7,2023-10-01,97.3380,454
hogares_agua_red,aglomerado,7,2024-01-01,98.3056,441
hogares_agua_red,aglomerado,7,2024-04-01,99.0981,454
hogares_agua_red,aglomerado,7,2024-07-01,99.3347,439
hogares_agua_red,aglomerado,7,2024-10-01,98.3495,445
hogares_agua_red,aglomerado,7,2025-01-01,98.3937,419
hogares_agua_red,aglomerado,7,2025-04-01,99.3063,424
hogares_agua_red,aglomerado,7,2025-07-01,99.4301,411
hogares_agua_red,aglomerado,7,2025-10-01,99.2313,401
hogares_agua_red,aglomerado,7,2026-01-01,99.5587,408
hogares_agua_red,aglomerado,8,2017-01-01,99.7220,376
hogares_agua_red,aglomerado,8,2017-04-01,100.0000,366
hogares_agua_red,aglomerado,8,2017-07-01,100.0000,369
hogares_agua_red,aglomerado,8,2017-10-01,100.0000,387
hogares_agua_red,aglomerado,8,2018-01-01,100.0000,438
hogares_agua_red,aglomerado,8,2018-04-01,99.7502,422
hogares_agua_red,aglomerado,8,2018-07-01,99.7047,395
hogares_agua_red,aglomerado,8,2018-10-01,100.0000,419
hogares_agua_red,aglomerado,8,2019-01-01,100.0000,474
hogares_agua_red,aglomerado,8,2019-04-01,100.0000,518
hogares_agua_red,aglomerado,8,2019-10-01,99.9190,517
hogares_agua_red,aglomerado,8,2020-01-01,100.0000,337
hogares_agua_red,aglomerado,8,2020-04-01,100.0000,137
hogares_agua_red,aglomerado,8,2020-07-01,99.6973,381
hogares_agua_red,aglomerado,8,2020-10-01,100.0000,400
hogares_agua_red,aglomerado,8,2021-01-01,100.0000,290
hogares_agua_red,aglomerado,8,2021-04-01,100.0000,319
hogares_agua_red,aglomerado,8,2021-07-01,99.7648,373
hogares_agua_red,aglomerado,8,2021-10-01,99.4052,418
hogares_agua_red,aglomerado,8,2022-01-01,97.8888,408
hogares_agua_red,aglomerado,8,2022-04-01,98.2951,428
hogares_agua_red,aglomerado,8,2022-07-01,99.7898,423
hogares_agua_red,aglomerado,8,2022-10-01,99.7651,412
hogares_agua_red,aglomerado,8,2023-01-01,99.2614,442
hogares_agua_red,aglomerado,8,2023-04-01,97.9678,462
hogares_agua_red,aglomerado,8,2023-07-01,99.4152,402
hogares_agua_red,aglomerado,8,2023-10-01,99.7395,411
hogares_agua_red,aglomerado,8,2024-01-01,99.6431,431
hogares_agua_red,aglomerado,8,2024-04-01,98.9329,428
hogares_agua_red,aglomerado,8,2024-07-01,98.7575,416
hogares_agua_red,aglomerado,8,2024-10-01,99.4474,414
hogares_agua_red,aglomerado,8,2025-01-01,99.7418,446
hogares_agua_red,aglomerado,8,2025-04-01,99.5233,431
hogares_agua_red,aglomerado,8,2025-07-01,100.0000,397
hogares_agua_red,aglomerado,8,2025-10-01,98.2025,392
hogares_agua_red,aglomerado,8,2026-01-01,97.8614,414
hogares_agua_red,aglomerado,9,2017-01-01,100.0000,405
hogares_agua_red,aglomerado,9,2017-04-01,100.0000,418
hogares_agua_red,aglomerado,9,2017-07-01,100.0000,421
hogares_agua_red,aglomerado,9,2017-10-01,100.0000,420
hogares_agua_red,aglomerado,9,2018-01-01,100.0000,400
hogares_agua_red,aglomerado,9,2018-04-01,100.0000,397
hogares_agua_red,aglomerado,9,2018-07-01,100.0000,367
hogares_agua_red,aglomerado,9,2018-10-01,100.0000,378
hogares_agua_red,aglomerado,9,2019-01-01,100.0000,394
hogares_agua_red,aglomerado,9,2019-04-01,100.0000,376
hogares_agua_red,aglomerado,9,2019-07-01,100.0000,359
hogares_agua_red,aglomerado,9,2019-10-01,100.0000,386
hogares_agua_red,aglomerado,9,2020-01-01,100.0000,344
hogares_agua_red,aglomerado,9,2020-04-01,100.0000,206
hogares_agua_red,aglomerado,9,2020-07-01,99.0320,339
hogares_agua_red,aglomerado,9,2020-10-01,99.2669,370
hogares_agua_red,aglomerado,9,2021-01-01,100.0000,378
hogares_agua_red,aglomerado,9,2021-04-01,100.0000,354
hogares_agua_red,aglomerado,9,2021-07-01,99.1070,345
hogares_agua_red,aglomerado,9,2021-10-01,98.7094,346
hogares_agua_red,aglomerado,9,2022-01-01,100.0000,344
hogares_agua_red,aglomerado,9,2022-04-01,100.0000,359
hogares_agua_red,aglomerado,9,2022-07-01,100.0000,326
hogares_agua_red,aglomerado,9,2022-10-01,100.0000,321
hogares_agua_red,aglomerado,9,2023-01-01,100.0000,342
hogares_agua_red,aglomerado,9,2023-04-01,100.0000,349
hogares_agua_red,aglomerado,9,2023-07-01,100.0000,326
hogares_agua_red,aglomerado,9,2023-10-01,98.6477,293
hogares_agua_red,aglomerado,9,2024-01-01,98.4765,293
hogares_agua_red,aglomerado,9,2024-04-01,100.0000,328
hogares_agua_red,aglomerado,9,2024-07-01,100.0000,307
hogares_agua_red,aglomerado,9,2024-10-01,98.7547,289
hogares_agua_red,aglomerado,9,2025-01-01,99.2744,299
hogares_agua_red,aglomerado,9,2025-04-01,100.0000,313
hogares_agua_red,aglomerado,9,2025-07-01,100.0000,280
hogares_agua_red,aglomerado,9,2025-10-01,100.0000,251
hogares_agua_red,aglomerado,9,2026-01-01,100.0000,261
hogares_agua_red,aglomerado,10,2017-01-01,99.3962,678
hogares_agua_red,aglomerado,10,2017-04-01,99.4974,686
hogares_agua_red,aglomerado,10,2017-07-01,99.8460,666
hogares_agua_red,aglomerado,10,2017-10-01,99.8283,678
hogares_agua_red,aglomerado,10,2018-01-01,99.6338,679
hogares_agua_red,aglomerado,10,2018-04-01,99.6553,669
hogares_agua_red,aglomerado,10,2018-07-01,99.8484,666
hogares_agua_red,aglomerado,10,2018-10-01,99.8847,660
hogares_agua_red,aglomerado,10,2019-01-01,99.8916,727
hogares_agua_red,aglomerado,10,2019-04-01,99.0784,689
hogares_agua_red,aglomerado,10,2019-07-01,99.2056,750
hogares_agua_red,aglomerado,10,2019-10-01,99.8930,736
hogares_agua_red,aglomerado,10,2020-01-01,99.7442,695
hogares_agua_red,aglomerado,10,2020-04-01,98.9503,658
hogares_agua_red,aglomerado,10,2020-07-01,98.7006,708
hogares_agua_red,aglomerado,10,2020-10-01,100.0000,716
hogares_agua_red,aglomerado,10,2021-01-01,99.8699,763
hogares_agua_red,aglomerado,10,2021-04-01,99.4428,749
hogares_agua_red,aglomerado,10,2021-07-01,99.6299,727
hogares_agua_red,aglomerado,10,2021-10-01,100.0000,736
hogares_agua_red,aglomerado,10,2022-01-01,99.3615,730
hogares_agua_red,aglomerado,10,2022-04-01,98.8928,736
hogares_agua_red,aglomerado,10,2022-07-01,99.1430,700
hogares_agua_red,aglomerado,10,2022-10-01,100.0000,676
hogares_agua_red,aglomerado,10,2023-01-01,99.3316,696
hogares_agua_red,aglomerado,10,2023-04-01,98.6430,708
hogares_agua_red,aglomerado,10,2023-07-01,99.3160,670
hogares_agua_red,aglomerado,10,2023-10-01,100.0000,650
hogares_agua_red,aglomerado,10,2024-01-01,100.0000,623
hogares_agua_red,aglomerado,10,2024-04-01,99.8412,644
hogares_agua_red,aglomerado,10,2024-07-01,99.8405,673
hogares_agua_red,aglomerado,10,2024-10-01,100.0000,637
hogares_agua_red,aglomerado,10,2025-01-01,100.0000,632
hogares_agua_red,aglomerado,10,2025-04-01,99.7155,665
hogares_agua_red,aglomerado,10,2025-07-01,99.8517,636
hogares_agua_red,aglomerado,10,2025-10-01,100.0000,610
hogares_agua_red,aglomerado,10,2026-01-01,100.0000,608
hogares_agua_red,aglomerado,12,2017-01-01,100.0000,482
hogares_agua_red,aglomerado,12,2017-04-01,100.0000,455
hogares_agua_red,aglomerado,12,2017-07-01,99.7810,444
hogares_agua_red,aglomerado,12,2017-10-01,99.7938,475
hogares_agua_red,aglomerado,12,2018-01-01,100.0000,418
hogares_agua_red,aglomerado,12,2018-04-01,100.0000,440
hogares_agua_red,aglomerado,12,2018-07-01,100.0000,455
hogares_agua_red,aglomerado,12,2018-10-01,100.0000,459
hogares_agua_red,aglomerado,12,2019-01-01,100.0000,422
hogares_agua_red,aglomerado,12,2019-04-01,100.0000,424
hogares_agua_red,aglomerado,12,2019-07-01,100.0000,439
hogares_agua_red,aglomerado,12,2019-10-01,99.8072,438
hogares_agua_red,aglomerado,12,2020-01-01,100.0000,382
hogares_agua_red,aglomerado,12,2020-04-01,100.0000,351
hogares_agua_red,aglomerado,12,2020-07-01,100.0000,442
hogares_agua_red,aglomerado,12,2020-10-01,100.0000,414
hogares_agua_red,aglomerado,12,2021-01-01,100.0000,387
hogares_agua_red,aglomerado,12,2021-04-01,100.0000,406
hogares_agua_red,aglomerado,12,2021-07-01,100.0000,381
hogares_agua_red,aglomerado,12,2021-10-01,100.0000,375
hogares_agua_red,aglomerado,12,2022-01-01,100.0000,336
hogares_agua_red,aglomerado,12,2022-04-01,100.0000,362
hogares_agua_red,aglomerado,12,2022-07-01,100.0000,398
hogares_agua_red,aglomerado,12,2022-10-01,100.0000,362
hogares_agua_red,aglomerado,12,2023-01-01,100.0000,363
hogares_agua_red,aglomerado,12,2023-04-01,100.0000,367
hogares_agua_red,aglomerado,12,2023-07-01,100.0000,344
hogares_agua_red,aglomerado,12,2023-10-01,99.8110,329
hogares_agua_red,aglomerado,12,2024-01-01,99.7389,335
hogares_agua_red,aglomerado,12,2024-04-01,100.0000,351
hogares_agua_red,aglomerado,12,2024-07-01,100.0000,353
hogares_agua_red,aglomerado,12,2024-10-01,99.7101,346
hogares_agua_red,aglomerado,12,2025-01-01,99.7852,344
hogares_agua_red,aglomerado,12,2025-04-01,99.6721,329
hogares_agua_red,aglomerado,12,2025-07-01,99.8164,302
hogares_agua_red,aglomerado,12,2025-10-01,99.7311,320
hogares_agua_red,aglomerado,12,2026-01-01,100.0000,330
hogares_agua_red,aglomerado,13,2017-01-01,100.0000,745
hogares_agua_red,aglomerado,13,2017-04-01,99.3548,800
hogares_agua_red,aglomerado,13,2017-07-01,99.2120,787
hogares_agua_red,aglomerado,13,2017-10-01,99.7629,779
hogares_agua_red,aglomerado,13,2018-01-01,98.8557,787
hogares_agua_red,aglomerado,13,2018-04-01,99.0332,812
hogares_agua_red,aglomerado,13,2018-07-01,100.0000,812
hogares_agua_red,aglomerado,13,2018-10-01,99.8896,819
hogares_agua_red,aglomerado,13,2019-01-01,98.9496,824
hogares_agua_red,aglomerado,13,2019-04-01,99.3006,809
hogares_agua_red,aglomerado,13,2019-07-01,99.9094,827
hogares_agua_red,aglomerado,13,2019-10-01,99.7253,794
hogares_agua_red,aglomerado,13,2020-01-01,99.8205,733
hogares_agua_red,aglomerado,13,2020-04-01,99.8632,571
hogares_agua_red,aglomerado,13,2020-07-01,99.5377,488
hogares_agua_red,aglomerado,13,2020-10-01,99.6108,405
hogares_agua_red,aglomerado,13,2021-01-01,99.6953,556
hogares_agua_red,aglomerado,13,2021-04-01,100.0000,709
hogares_agua_red,aglomerado,13,2021-07-01,99.7617,743
hogares_agua_red,aglomerado,13,2021-10-01,99.7816,770
hogares_agua_red,aglomerado,13,2022-01-01,99.6408,752
hogares_agua_red,aglomerado,13,2022-04-01,99.5761,763
hogares_agua_red,aglomerado,13,2022-07-01,100.0000,761
hogares_agua_red,aglomerado,13,2022-10-01,99.8605,788
hogares_agua_red,aglomerado,13,2023-01-01,99.5964,796
hogares_agua_red,aglomerado,13,2023-04-01,98.6607,779
hogares_agua_red,aglomerado,13,2023-07-01,98.5707,766
hogares_agua_red,aglomerado,13,2023-10-01,100.0000,771
hogares_agua_red,aglomerado,13,2024-01-01,100.0000,778
hogares_agua_red,aglomerado,13,2024-04-01,99.4730,765
hogares_agua_red,aglomerado,13,2024-07-01,99.2441,753
hogares_agua_red,aglomerado,13,2024-10-01,100.0000,805
hogares_agua_red,aglomerado,13,2025-01-01,100.0000,778
hogares_agua_red,aglomerado,13,2025-04-01,100.0000,751
hogares_agua_red,aglomerado,13,2025-07-01,100.0000,741
hogares_agua_red,aglomerado,13,2025-10-01,99.8191,737
hogares_agua_red,aglomerado,13,2026-01-01,99.8676,732
hogares_agua_red,aglomerado,14,2017-01-01,100.0000,442
hogares_agua_red,aglomerado,14,2017-04-01,100.0000,447
hogares_agua_red,aglomerado,14,2017-07-01,100.0000,451
hogares_agua_red,aglomerado,14,2017-10-01,100.0000,445
hogares_agua_red,aglomerado,14,2018-01-01,100.0000,447
hogares_agua_red,aglomerado,14,2018-04-01,100.0000,442
hogares_agua_red,aglomerado,14,2018-07-01,99.7063,440
hogares_agua_red,aglomerado,14,2018-10-01,99.7047,441
hogares_agua_red,aglomerado,14,2019-01-01,99.4017,602
hogares_agua_red,aglomerado,14,2019-04-01,99.4235,604
hogares_agua_red,aglomerado,14,2019-07-01,98.6996,608
hogares_agua_red,aglomerado,14,2019-10-01,98.6034,594
hogares_agua_red,aglomerado,14,2020-01-01,99.7927,480
hogares_agua_red,aglomerado,14,2020-04-01,100.0000,356
hogares_agua_red,aglomerado,14,2020-07-01,99.5061,500
hogares_agua_red,aglomerado,14,2020-10-01,98.4890,513
hogares_agua_red,aglomerado,14,2021-01-01,99.4961,540
hogares_agua_red,aglomerado,14,2021-04-01,99.6845,424
hogares_agua_red,aglomerado,14,2021-07-01,99.7425,509
hogares_agua_red,aglomerado,14,2021-10-01,99.2891,504
hogares_agua_red,aglomerado,14,2022-01-01,99.3776,511
hogares_agua_red,aglomerado,14,2022-04-01,99.7946,512
hogares_agua_red,aglomerado,14,2022-07-01,100.0000,501
hogares_agua_red,aglomerado,14,2022-10-01,99.8739,453
hogares_agua_red,aglomerado,14,2023-01-01,99.6198,458
hogares_agua_red,aglomerado,14,2023-04-01,100.0000,476
hogares_agua_red,aglomerado,14,2023-07-01,100.0000,433
hogares_agua_red,aglomerado,14,2023-10-01,100.0000,437
hogares_agua_red,aglomerado,14,2024-01-01,99.6555,434
hogares_agua_red,aglomerado,14,2024-04-01,99.6756,428
hogares_agua_red,aglomerado,14,2024-07-01,100.0000,431
hogares_agua_red,aglomerado,14,2024-10-01,100.0000,433
hogares_agua_red,aglomerado,14,2025-01-01,99.6473,458
hogares_agua_red,aglomerado,14,2025-04-01,100.0000,503
hogares_agua_red,aglomerado,14,2025-07-01,100.0000,483
hogares_agua_red,aglomerado,14,2025-10-01,100.0000,474
hogares_agua_red,aglomerado,14,2026-01-01,99.5857,473
hogares_agua_red,aglomerado,15,2017-01-01,100.0000,438
hogares_agua_red,aglomerado,15,2017-04-01,100.0000,410
hogares_agua_red,aglomerado,15,2017-07-01,100.0000,410
hogares_agua_red,aglomerado,15,2017-10-01,100.0000,440
hogares_agua_red,aglomerado,15,2018-01-01,100.0000,457
hogares_agua_red,aglomerado,15,2018-04-01,100.0000,426
hogares_agua_red,aglomerado,15,2018-07-01,99.0483,410
hogares_agua_red,aglomerado,15,2018-10-01,99.1188,445
hogares_agua_red,aglomerado,15,2019-01-01,100.0000,403
hogares_agua_red,aglomerado,15,2019-04-01,100.0000,409
hogares_agua_red,aglomerado,15,2019-07-01,99.7073,412
hogares_agua_red,aglomerado,15,2019-10-01,99.7059,435
hogares_agua_red,aglomerado,15,2020-01-01,100.0000,411
hogares_agua_red,aglomerado,15,2020-04-01,100.0000,430
hogares_agua_red,aglomerado,15,2020-07-01,100.0000,436
hogares_agua_red,aglomerado,15,2020-10-01,100.0000,455
hogares_agua_red,aglomerado,15,2021-01-01,100.0000,432
hogares_agua_red,aglomerado,15,2021-04-01,100.0000,404
hogares_agua_red,aglomerado,15,2021-07-01,99.8881,404
hogares_agua_red,aglomerado,15,2021-10-01,100.0000,428
hogares_agua_red,aglomerado,15,2022-01-01,100.0000,433
hogares_agua_red,aglomerado,15,2022-04-01,100.0000,425
hogares_agua_red,aglomerado,15,2022-07-01,100.0000,403
hogares_agua_red,aglomerado,15,2022-10-01,100.0000,428
hogares_agua_red,aglomerado,15,2023-01-01,100.0000,437
hogares_agua_red,aglomerado,15,2023-04-01,100.0000,424
hogares_agua_red,aglomerado,15,2023-07-01,100.0000,421
hogares_agua_red,aglomerado,15,2023-10-01,100.0000,362
hogares_agua_red,aglomerado,15,2024-01-01,100.0000,431
hogares_agua_red,aglomerado,15,2024-04-01,100.0000,449
hogares_agua_red,aglomerado,15,2024-07-01,100.0000,445
hogares_agua_red,aglomerado,15,2024-10-01,100.0000,418
hogares_agua_red,aglomerado,15,2025-01-01,100.0000,345
hogares_agua_red,aglomerado,15,2025-04-01,100.0000,374
hogares_agua_red,aglomerado,15,2025-07-01,100.0000,316
hogares_agua_red,aglomerado,15,2025-10-01,100.0000,273
hogares_agua_red,aglomerado,15,2026-01-01,99.7762,356
hogares_agua_red,aglomerado,17,2017-01-01,100.0000,350
hogares_agua_red,aglomerado,17,2017-04-01,99.7202,390
hogares_agua_red,aglomerado,17,2017-07-01,100.0000,366
hogares_agua_red,aglomerado,17,2017-10-01,100.0000,357
hogares_agua_red,aglomerado,17,2018-01-01,100.0000,360
hogares_agua_red,aglomerado,17,2018-04-01,100.0000,364
hogares_agua_red,aglomerado,17,2018-07-01,100.0000,377
hogares_agua_red,aglomerado,17,2018-10-01,100.0000,391
hogares_agua_red,aglomerado,17,2019-01-01,100.0000,380
hogares_agua_red,aglomerado,17,2019-04-01,100.0000,400
hogares_agua_red,aglomerado,17,2019-07-01,100.0000,403
hogares_agua_red,aglomerado,17,2019-10-01,100.0000,390
hogares_agua_red,aglomerado,17,2020-01-01,100.0000,351
hogares_agua_red,aglomerado,17,2020-04-01,100.0000,198
hogares_agua_red,aglomerado,17,2020-07-01,100.0000,304
hogares_agua_red,aglomerado,17,2020-10-01,100.0000,280
hogares_agua_red,aglomerado,17,2021-01-01,99.7072,365
hogares_agua_red,aglomerado,17,2021-04-01,99.7132,407
hogares_agua_red,aglomerado,17,2021-07-01,99.7363,382
hogares_agua_red,aglomerado,17,2021-10-01,99.7858,416
hogares_agua_red,aglomerado,17,2022-01-01,99.7839,403
hogares_agua_red,aglomerado,17,2022-04-01,100.0000,385
hogares_agua_red,aglomerado,17,2022-07-01,100.0000,363
hogares_agua_red,aglomerado,17,2022-10-01,100.0000,407
hogares_agua_red,aglomerado,17,2023-01-01,99.6645,451
hogares_agua_red,aglomerado,17,2023-04-01,100.0000,462
hogares_agua_red,aglomerado,17,2023-07-01,100.0000,462
hogares_agua_red,aglomerado,17,2023-10-01,99.6098,449
hogares_agua_red,aglomerado,17,2024-01-01,99.8245,441
hogares_agua_red,aglomerado,17,2024-04-01,100.0000,444
hogares_agua_red,aglomerado,17,2024-07-01,100.0000,434
hogares_agua_red,aglomerado,17,2024-10-01,100.0000,452
hogares_agua_red,aglomerado,17,2025-01-01,100.0000,445
hogares_agua_red,aglomerado,17,2025-04-01,99.3520,411
hogares_agua_red,aglomerado,17,2025-07-01,99.3097,407
hogares_agua_red,aglomerado,17,2025-10-01,100.0000,392
hogares_agua_red,aglomerado,17,2026-01-01,100.0000,427
hogares_agua_red,aglomerado,18,2017-01-01,99.6886,449
hogares_agua_red,aglomerado,18,2017-04-01,99.1016,459
hogares_agua_red,aglomerado,18,2017-07-01,99.2805,425
hogares_agua_red,aglomerado,18,2017-10-01,99.8060,425
hogares_agua_red,aglomerado,18,2018-01-01,99.1009,452
hogares_agua_red,aglomerado,18,2018-04-01,98.8738,472
hogares_agua_red,aglomerado,18,2018-07-01,99.5201,452
hogares_agua_red,aglomerado,18,2018-10-01,100.0000,456
hogares_agua_red,aglomerado,18,2019-01-01,99.1570,500
hogares_agua_red,aglomerado,18,2019-04-01,99.1873,512
hogares_agua_red,aglomerado,18,2019-07-01,99.8101,501
hogares_agua_red,aglomerado,18,2019-10-01,99.8029,497
hogares_agua_red,aglomerado,18,2020-01-01,100.0000,456
hogares_agua_red,aglomerado,18,2020-04-01,100.0000,356
hogares_agua_red,aglomerado,18,2020-07-01,99.6564,451
hogares_agua_red,aglomerado,18,2020-10-01,99.5639,428
hogares_agua_red,aglomerado,18,2021-01-01,100.0000,457
hogares_agua_red,aglomerado,18,2021-04-01,100.0000,459
hogares_agua_red,aglomerado,18,2021-07-01,99.7536,481
hogares_agua_red,aglomerado,18,2021-10-01,99.7260,491
hogares_agua_red,aglomerado,18,2022-01-01,100.0000,468
hogares_agua_red,aglomerado,18,2022-04-01,100.0000,464
hogares_agua_red,aglomerado,18,2022-07-01,99.6551,462
hogares_agua_red,aglomerado,18,2022-10-01,99.6419,460
hogares_agua_red,aglomerado,18,2023-01-01,100.0000,426
hogares_agua_red,aglomerado,18,2023-04-01,99.5953,447
hogares_agua_red,aglomerado,18,2023-07-01,99.2455,458
hogares_agua_red,aglomerado,18,2023-10-01,99.4691,420
hogares_agua_red,aglomerado,18,2024-01-01,100.0000,399
hogares_agua_red,aglomerado,18,2024-04-01,99.5949,406
hogares_agua_red,aglomerado,18,2024-07-01,99.6457,423
hogares_agua_red,aglomerado,18,2024-10-01,99.3324,428
hogares_agua_red,aglomerado,18,2025-01-01,99.5099,403
hogares_agua_red,aglomerado,18,2025-04-01,99.4690,400
hogares_agua_red,aglomerado,18,2025-07-01,99.4100,422
hogares_agua_red,aglomerado,18,2025-10-01,100.0000,415
hogares_agua_red,aglomerado,18,2026-01-01,99.7750,401
hogares_agua_red,aglomerado,19,2017-01-01,99.8405,495
hogares_agua_red,aglomerado,19,2017-04-01,100.0000,505
hogares_agua_red,aglomerado,19,2017-07-01,99.7561,500
hogares_agua_red,aglomerado,19,2017-10-01,99.4793,523
hogares_agua_red,aglomerado,19,2018-01-01,98.8945,545
hogares_agua_red,aglomerado,19,2018-04-01,99.1433,523
hogares_agua_red,aglomerado,19,2018-07-01,99.7642,510
hogares_agua_red,aglomerado,19,2018-10-01,99.7950,535
hogares_agua_red,aglomerado,19,2019-01-01,99.3000,543
hogares_agua_red,aglomerado,19,2019-04-01,99.7284,513
hogares_agua_red,aglomerado,19,2019-07-01,100.0000,515
hogares_agua_red,aglomerado,19,2019-10-01,100.0000,518
hogares_agua_red,aglomerado,19,2020-01-01,100.0000,515
hogares_agua_red,aglomerado,19,2020-04-01,100.0000,499
hogares_agua_red,aglomerado,19,2020-07-01,100.0000,506
hogares_agua_red,aglomerado,19,2020-10-01,100.0000,511
hogares_agua_red,aglomerado,19,2021-01-01,99.7905,532
hogares_agua_red,aglomerado,19,2021-04-01,100.0000,545
hogares_agua_red,aglomerado,19,2021-07-01,99.8919,537
hogares_agua_red,aglomerado,19,2021-10-01,99.4974,528
hogares_agua_red,aglomerado,19,2022-01-01,99.6038,517
hogares_agua_red,aglomerado,19,2022-04-01,100.0000,520
hogares_agua_red,aglomerado,19,2022-07-01,99.7935,505
hogares_agua_red,aglomerado,19,2022-10-01,99.6898,483
hogares_agua_red,aglomerado,19,2023-01-01,99.8263,502
hogares_agua_red,aglomerado,19,2023-04-01,100.0000,503
hogares_agua_red,aglomerado,19,2023-07-01,99.7079,507
hogares_agua_red,aglomerado,19,2023-10-01,98.4035,483
hogares_agua_red,aglomerado,19,2024-01-01,100.0000,461
hogares_agua_red,aglomerado,19,2024-04-01,100.0000,471
hogares_agua_red,aglomerado,19,2024-07-01,99.8616,488
hogares_agua_red,aglomerado,19,2024-10-01,98.9310,484
hogares_agua_red,aglomerado,19,2025-01-01,98.9425,471
hogares_agua_red,aglomerado,19,2025-04-01,100.0000,467
hogares_agua_red,aglomerado,19,2025-07-01,100.0000,486
hogares_agua_red,aglomerado,19,2025-10-01,100.0000,474
hogares_agua_red,aglomerado,19,2026-01-01,100.0000,450
hogares_agua_red,aglomerado,20,2017-01-01,99.2470,328
hogares_agua_red,aglomerado,20,2017-04-01,99.0637,320
hogares_agua_red,aglomerado,20,2017-07-01,99.1100,325
hogares_agua_red,aglomerado,20,2017-10-01,98.6806,332
hogares_agua_red,aglomerado,20,2018-01-01,98.6118,325
hogares_agua_red,aglomerado,20,2018-04-01,99.1027,309
hogares_agua_red,aglomerado,20,2018-07-01,98.7415,293
hogares_agua_red,aglomerado,20,2018-10-01,98.8269,324
hogares_agua_red,aglomerado,20,2019-01-01,98.7798,330
hogares_agua_red,aglomerado,20,2019-04-01,98.2328,316
hogares_agua_red,aglomerado,20,2019-07-01,99.1605,299
hogares_agua_red,aglomerado,20,2019-10-01,98.9154,346
hogares_agua_red,aglomerado,20,2020-01-01,98.5085,306
hogares_agua_red,aglomerado,20,2020-04-01,96.6727,277
hogares_agua_red,aglomerado,20,2020-07-01,97.6010,189
hogares_agua_red,aglomerado,20,2020-10-01,98.5973,259
hogares_agua_red,aglomerado,20,2021-01-01,100.0000,334
hogares_agua_red,aglomerado,20,2021-04-01,100.0000,313
hogares_agua_red,aglomerado,20,2021-07-01,100.0000,308
hogares_agua_red,aglomerado,20,2021-10-01,100.0000,304
hogares_agua_red,aglomerado,20,2022-01-01,100.0000,299
hogares_agua_red,aglomerado,20,2022-04-01,100.0000,301
hogares_agua_red,aglomerado,20,2022-07-01,100.0000,271
hogares_agua_red,aglomerado,20,2022-10-01,100.0000,248
hogares_agua_red,aglomerado,20,2023-01-01,98.5264,266
hogares_agua_red,aglomerado,20,2023-04-01,98.6364,272
hogares_agua_red,aglomerado,20,2023-07-01,100.0000,252
hogares_agua_red,aglomerado,20,2023-10-01,97.9092,285
hogares_agua_red,aglomerado,20,2024-01-01,99.4007,258
hogares_agua_red,aglomerado,20,2024-04-01,99.1092,253
hogares_agua_red,aglomerado,20,2024-07-01,97.4732,277
hogares_agua_red,aglomerado,20,2024-10-01,97.1698,286
hogares_agua_red,aglomerado,20,2025-01-01,98.3216,259
hogares_agua_red,aglomerado,20,2025-04-01,98.0507,276
hogares_agua_red,aglomerado,20,2025-07-01,99.7804,268
hogares_agua_red,aglomerado,20,2025-10-01,98.4164,279
hogares_agua_red,aglomerado,20,2026-01-01,97.3487,285
hogares_agua_red,aglomerado,22,2017-01-01,100.0000,526
hogares_agua_red,aglomerado,22,2017-04-01,100.0000,541
hogares_agua_red,aglomerado,22,2017-07-01,100.0000,523
hogares_agua_red,aglomerado,22,2017-10-01,100.0000,514
hogares_agua_red,aglomerado,22,2018-01-01,100.0000,517
hogares_agua_red,aglomerado,22,2018-04-01,100.0000,530
hogares_agua_red,aglomerado,22,2018-07-01,100.0000,521
hogares_agua_red,aglomerado,22,2018-10-01,100.0000,498
hogares_agua_red,aglomerado,22,2019-01-01,100.0000,510
hogares_agua_red,aglomerado,22,2019-04-01,100.0000,519
hogares_agua_red,aglomerado,22,2019-07-01,100.0000,506
hogares_agua_red,aglomerado,22,2019-10-01,100.0000,485
hogares_agua_red,aglomerado,22,2020-01-01,100.0000,476
hogares_agua_red,aglomerado,22,2020-04-01,100.0000,438
hogares_agua_red,aglomerado,22,2020-07-01,100.0000,441
hogares_agua_red,aglomerado,22,2020-10-01,99.6768,436
hogares_agua_red,aglomerado,22,2021-01-01,99.8466,446
hogares_agua_red,aglomerado,22,2021-04-01,100.0000,448
hogares_agua_red,aglomerado,22,2021-07-01,100.0000,442
hogares_agua_red,aglomerado,22,2021-10-01,99.8684,427
hogares_agua_red,aglomerado,22,2022-01-01,99.8592,445
hogares_agua_red,aglomerado,22,2022-04-01,100.0000,445
hogares_agua_red,aglomerado,22,2022-07-01,99.9183,443
hogares_agua_red,aglomerado,22,2022-10-01,100.0000,456
hogares_agua_red,aglomerado,22,2023-01-01,99.8368,441
hogares_agua_red,aglomerado,22,2023-04-01,99.8395,450
hogares_agua_red,aglomerado,22,2023-07-01,100.0000,444
hogares_agua_red,aglomerado,22,2023-10-01,100.0000,446
hogares_agua_red,aglomerado,22,2024-01-01,99.8101,428
hogares_agua_red,aglomerado,22,2024-04-01,99.8414,464
hogares_agua_red,aglomerado,22,2024-07-01,100.0000,471
hogares_agua_red,aglomerado,22,2024-10-01,100.0000,461
hogares_agua_red,aglomerado,22,2025-01-01,99.8291,452
hogares_agua_red,aglomerado,22,2025-04-01,99.8008,456
hogares_agua_red,aglomerado,22,2025-07-01,100.0000,458
hogares_agua_red,aglomerado,22,2025-10-01,100.0000,427
hogares_agua_red,aglomerado,22,2026-01-01,99.8201,429
hogares_agua_red,aglomerado,23,2017-01-01,99.2643,734
hogares_agua_red,aglomerado,23,2017-04-01,99.7207,723
hogares_agua_red,aglomerado,23,2017-07-01,98.1163,750
hogares_agua_red,aglomerado,23,2017-10-01,97.5075,767
hogares_agua_red,aglomerado,23,2018-01-01,97.2431,792
hogares_agua_red,aglomerado,23,2018-04-01,97.9986,760
hogares_agua_red,aglomerado,23,2018-07-01,97.4781,747
hogares_agua_red,aglomerado,23,2018-10-01,96.4120,769
hogares_agua_red,aglomerado,23,2019-01-01,97.0742,749
hogares_agua_red,aglomerado,23,2019-04-01,98.0311,725
hogares_agua_red,aglomerado,23,2019-07-01,98.1486,751
hogares_agua_red,aglomerado,23,2019-10-01,97.9694,762
hogares_agua_red,aglomerado,23,2020-01-01,97.9706,684
hogares_agua_red,aglomerado,23,2020-04-01,98.6063,541
hogares_agua_red,aglomerado,23,2020-07-01,98.4518,628
hogares_agua_red,aglomerado,23,2020-10-01,98.3311,615
hogares_agua_red,aglomerado,23,2021-01-01,98.4042,717
hogares_agua_red,aglomerado,23,2021-04-01,97.3912,713
hogares_agua_red,aglomerado,23,2021-07-01,98.2125,712
hogares_agua_red,aglomerado,23,2021-10-01,99.7446,673
hogares_agua_red,aglomerado,23,2022-01-01,99.3550,659
hogares_agua_red,aglomerado,23,2022-04-01,97.8063,666
hogares_agua_red,aglomerado,23,2022-07-01,98.2636,646
hogares_agua_red,aglomerado,23,2022-10-01,99.5515,661
hogares_agua_red,aglomerado,23,2023-01-01,99.2971,632
hogares_agua_red,aglomerado,23,2023-04-01,99.0198,618
hogares_agua_red,aglomerado,23,2023-07-01,99.0016,586
hogares_agua_red,aglomerado,23,2023-10-01,99.2760,632
hogares_agua_red,aglomerado,23,2024-01-01,99.0775,595
hogares_agua_red,aglomerado,23,2024-04-01,98.5729,577
hogares_agua_red,aglomerado,23,2024-07-01,99.5538,580
hogares_agua_red,aglomerado,23,2024-10-01,99.2988,600
hogares_agua_red,aglomerado,23,2025-01-01,98.8568,592
hogares_agua_red,aglomerado,23,2025-04-01,99.3944,595
hogares_agua_red,aglomerado,23,2025-07-01,99.3182,550
hogares_agua_red,aglomerado,23,2025-10-01,98.8057,573
hogares_agua_red,aglomerado,23,2026-01-01,98.8277,604
hogares_agua_red,aglomerado,25,2017-01-01,100.0000,490
hogares_agua_red,aglomerado,25,2017-04-01,100.0000,480
hogares_agua_red,aglomerado,25,2017-07-01,100.0000,480
hogares_agua_red,aglomerado,25,2017-10-01,99.7844,490
hogares_agua_red,aglomerado,25,2018-01-01,99.7853,499
hogares_agua_red,aglomerado,25,2018-04-01,100.0000,491
hogares_agua_red,aglomerado,25,2018-07-01,100.0000,479
hogares_agua_red,aglomerado,25,2018-10-01,100.0000,482
hogares_agua_red,aglomerado,25,2019-01-01,100.0000,505
hogares_agua_red,aglomerado,25,2019-04-01,100.0000,520
hogares_agua_red,aglomerado,25,2019-07-01,100.0000,507
hogares_agua_red,aglomerado,25,2019-10-01,100.0000,493
hogares_agua_red,aglomerado,25,2020-01-01,100.0000,418
hogares_agua_red,aglomerado,25,2020-04-01,100.0000,380
hogares_agua_red,aglomerado,25,2020-07-01,100.0000,466
hogares_agua_red,aglomerado,25,2020-10-01,100.0000,485
hogares_agua_red,aglomerado,25,2021-01-01,100.0000,473
hogares_agua_red,aglomerado,25,2021-04-01,100.0000,475
hogares_agua_red,aglomerado,25,2021-07-01,100.0000,481
hogares_agua_red,aglomerado,25,2021-10-01,100.0000,452
hogares_agua_red,aglomerado,25,2022-01-01,100.0000,458
hogares_agua_red,aglomerado,25,2022-04-01,100.0000,457
hogares_agua_red,aglomerado,25,2022-07-01,100.0000,452
hogares_agua_red,aglomerado,25,2022-10-01,100.0000,491
hogares_agua_red,aglomerado,25,2023-01-01,100.0000,480
hogares_agua_red,aglomerado,25,2023-04-01,100.0000,467
hogares_agua_red,aglomerado,25,2023-07-01,100.0000,451
hogares_agua_red,aglomerado,25,2023-10-01,100.0000,447
hogares_agua_red,aglomerado,25,2024-01-01,100.0000,433
hogares_agua_red,aglomerado,25,2024-04-01,100.0000,437
hogares_agua_red,aglomerado,25,2024-07-01,100.0000,426
hogares_agua_red,aglomerado,25,2024-10-01,100.0000,435
hogares_agua_red,aglomerado,25,2025-01-01,100.0000,446
hogares_agua_red,aglomerado,25,2025-04-01,100.0000,429
hogares_agua_red,aglomerado,25,2025-07-01,100.0000,429
hogares_agua_red,aglomerado,25,2025-10-01,100.0000,420
hogares_agua_red,aglomerado,25,2026-01-01,100.0000,428
hogares_agua_red,aglomerado,26,2017-01-01,100.0000,494
hogares_agua_red,aglomerado,26,2017-04-01,100.0000,491
hogares_agua_red,aglomerado,26,2017-07-01,100.0000,488
hogares_agua_red,aglomerado,26,2017-10-01,100.0000,504
hogares_agua_red,aglomerado,26,2018-01-01,100.0000,506
hogares_agua_red,aglomerado,26,2018-04-01,100.0000,501
hogares_agua_red,aglomerado,26,2018-07-01,100.0000,501
hogares_agua_red,aglomerado,26,2018-10-01,100.0000,496
hogares_agua_red,aglomerado,26,2019-01-01,100.0000,510
hogares_agua_red,aglomerado,26,2019-04-01,100.0000,516
hogares_agua_red,aglomerado,26,2019-07-01,100.0000,511
hogares_agua_red,aglomerado,26,2019-10-01,100.0000,500
hogares_agua_red,aglomerado,26,2020-01-01,100.0000,384
hogares_agua_red,aglomerado,26,2020-04-01,100.0000,373
hogares_agua_red,aglomerado,26,2020-07-01,100.0000,472
hogares_agua_red,aglomerado,26,2020-10-01,99.8333,455
hogares_agua_red,aglomerado,26,2021-01-01,100.0000,462
hogares_agua_red,aglomerado,26,2021-04-01,100.0000,444
hogares_agua_red,aglomerado,26,2021-07-01,99.7953,472
hogares_agua_red,aglomerado,26,2021-10-01,100.0000,471
hogares_agua_red,aglomerado,26,2022-01-01,100.0000,476
hogares_agua_red,aglomerado,26,2022-04-01,100.0000,461
hogares_agua_red,aglomerado,26,2022-07-01,100.0000,466
hogares_agua_red,aglomerado,26,2022-10-01,100.0000,475
hogares_agua_red,aglomerado,26,2023-01-01,100.0000,460
hogares_agua_red,aglomerado,26,2023-04-01,100.0000,448
hogares_agua_red,aglomerado,26,2023-07-01,100.0000,456
hogares_agua_red,aglomerado,26,2023-10-01,100.0000,457
hogares_agua_red,aglomerado,26,2024-01-01,100.0000,441
hogares_agua_red,aglomerado,26,2024-04-01,100.0000,432
hogares_agua_red,aglomerado,26,2024-07-01,100.0000,454
hogares_agua_red,aglomerado,26,2024-10-01,100.0000,425
hogares_agua_red,aglomerado,26,2025-01-01,100.0000,437
hogares_agua_red,aglomerado,26,2025-04-01,100.0000,448
hogares_agua_red,aglomerado,26,2025-07-01,99.7073,412
hogares_agua_red,aglomerado,26,2025-10-01,100.0000,420
hogares_agua_red,aglomerado,26,2026-01-01,100.0000,430
hogares_agua_red,aglomerado,27,2017-01-01,99.0898,509
hogares_agua_red,aglomerado,27,2017-04-01,99.0642,562
hogares_agua_red,aglomerado,27,2017-07-01,100.0000,584
hogares_agua_red,aglomerado,27,2017-10-01,100.0000,566
hogares_agua_red,aglomerado,27,2018-01-01,99.3746,514
hogares_agua_red,aglomerado,27,2018-04-01,99.1894,499
hogares_agua_red,aglomerado,27,2018-07-01,99.8369,537
hogares_agua_red,aglomerado,27,2018-10-01,100.0000,512
hogares_agua_red,aglomerado,27,2019-01-01,99.9352,597
hogares_agua_red,aglomerado,27,2019-04-01,99.7817,562
hogares_agua_red,aglomerado,27,2019-07-01,99.7057,576
hogares_agua_red,aglomerado,27,2019-10-01,99.8694,605
hogares_agua_red,aglomerado,27,2020-01-01,100.0000,548
hogares_agua_red,aglomerado,27,2020-04-01,100.0000,580
hogares_agua_red,aglomerado,27,2020-07-01,99.6134,549
hogares_agua_red,aglomerado,27,2020-10-01,99.5384,539
hogares_agua_red,aglomerado,27,2021-01-01,99.7055,547
hogares_agua_red,aglomerado,27,2021-04-01,100.0000,553
hogares_agua_red,aglomerado,27,2021-07-01,99.5232,581
hogares_agua_red,aglomerado,27,2021-10-01,99.5680,583
hogares_agua_red,aglomerado,27,2022-01-01,99.7593,558
hogares_agua_red,aglomerado,27,2022-04-01,100.0000,545
hogares_agua_red,aglomerado,27,2022-07-01,99.5713,530
hogares_agua_red,aglomerado,27,2022-10-01,99.7175,546
hogares_agua_red,aglomerado,27,2023-01-01,100.0000,532
hogares_agua_red,aglomerado,27,2023-04-01,99.7508,520
hogares_agua_red,aglomerado,27,2023-07-01,99.6133,500
hogares_agua_red,aglomerado,27,2023-10-01,99.6678,469
hogares_agua_red,aglomerado,27,2024-01-01,100.0000,445
hogares_agua_red,aglomerado,27,2024-04-01,99.7283,508
hogares_agua_red,aglomerado,27,2024-07-01,99.7716,472
hogares_agua_red,aglomerado,27,2024-10-01,100.0000,469
hogares_agua_red,aglomerado,27,2025-01-01,99.9340,443
hogares_agua_red,aglomerado,27,2025-04-01,99.9325,467
hogares_agua_red,aglomerado,27,2025-07-01,100.0000,453
hogares_agua_red,aglomerado,27,2025-10-01,100.0000,423
hogares_agua_red,aglomerado,27,2026-01-01,100.0000,374
hogares_agua_red,aglomerado,29,2017-01-01,100.0000,688
hogares_agua_red,aglomerado,29,2017-04-01,100.0000,690
hogares_agua_red,aglomerado,29,2017-07-01,100.0000,674
hogares_agua_red,aglomerado,29,2017-10-01,100.0000,665
hogares_agua_red,aglomerado,29,2018-01-01,100.0000,710
hogares_agua_red,aglomerado,29,2018-04-01,100.0000,711
hogares_agua_red,aglomerado,29,2018-07-01,100.0000,683
hogares_agua_red,aglomerado,29,2018-10-01,99.9453,695
hogares_agua_red,aglomerado,29,2019-01-01,99.9470,697
hogares_agua_red,aglomerado,29,2019-04-01,100.0000,704
hogares_agua_red,aglomerado,29,2019-07-01,99.8436,691
hogares_agua_red,aglomerado,29,2019-10-01,99.7866,686
hogares_agua_red,aglomerado,29,2020-01-01,99.9404,593
hogares_agua_red,aglomerado,29,2020-04-01,100.0000,257
hogares_agua_red,aglomerado,29,2020-07-01,100.0000,222
hogares_agua_red,aglomerado,29,2020-10-01,99.8580,490
hogares_agua_red,aglomerado,29,2021-01-01,99.8075,591
hogares_agua_red,aglomerado,29,2021-04-01,99.2348,612
hogares_agua_red,aglomerado,29,2021-07-01,97.7433,614
hogares_agua_red,aglomerado,29,2021-10-01,98.2653,607
hogares_agua_red,aglomerado,29,2022-01-01,99.5428,626
hogares_agua_red,aglomerado,29,2022-04-01,98.6121,657
hogares_agua_red,aglomerado,29,2022-07-01,97.5457,653
hogares_agua_red,aglomerado,29,2022-10-01,96.6810,636
hogares_agua_red,aglomerado,29,2023-01-01,97.2577,633
hogares_agua_red,aglomerado,29,2023-04-01,97.7941,627
hogares_agua_red,aglomerado,29,2023-07-01,99.0587,656
hogares_agua_red,aglomerado,29,2023-10-01,98.4060,686
hogares_agua_red,aglomerado,29,2024-01-01,97.7866,639
hogares_agua_red,aglomerado,29,2024-04-01,98.9462,654
hogares_agua_red,aglomerado,29,2024-07-01,99.6159,677
hogares_agua_red,aglomerado,29,2024-10-01,99.8597,702
hogares_agua_red,aglomerado,29,2025-01-01,99.3577,688
hogares_agua_red,aglomerado,29,2025-04-01,98.9108,659
hogares_agua_red,aglomerado,29,2025-07-01,99.1855,628
hogares_agua_red,aglomerado,29,2025-10-01,99.5037,644
hogares_agua_red,aglomerado,29,2026-01-01,99.1717,674
hogares_agua_red,aglomerado,30,2017-01-01,97.4763,386
hogares_agua_red,aglomerado,30,2017-04-01,95.2060,365
hogares_agua_red,aglomerado,30,2017-07-01,96.9328,393
hogares_agua_red,aglomerado,30,2017-10-01,96.3437,408
hogares_agua_red,aglomerado,30,2018-01-01,95.9147,396
hogares_agua_red,aglomerado,30,2018-04-01,94.7081,350
hogares_agua_red,aglomerado,30,2018-07-01,93.0717,324
hogares_agua_red,aglomerado,30,2018-10-01,93.7042,352
hogares_agua_red,aglomerado,30,2019-01-01,94.8066,372
hogares_agua_red,aglomerado,30,2019-04-01,93.8995,353
hogares_agua_red,aglomerado,30,2019-07-01,91.5115,358
hogares_agua_red,aglomerado,30,2019-10-01,92.9082,321
hogares_agua_red,aglomerado,30,2020-01-01,92.2035,328
hogares_agua_red,aglomerado,30,2020-04-01,97.0492,201
hogares_agua_red,aglomerado,30,2020-07-01,91.5540,308
hogares_agua_red,aglomerado,30,2020-10-01,92.4769,308
hogares_agua_red,aglomerado,30,2021-01-01,90.3010,190
hogares_agua_red,aglomerado,30,2021-04-01,92.1662,270
hogares_agua_red,aglomerado,30,2021-07-01,91.7358,317
hogares_agua_red,aglomerado,30,2021-10-01,90.2630,323
hogares_agua_red,aglomerado,30,2022-01-01,91.5480,317
hogares_agua_red,aglomerado,30,2022-04-01,91.9205,325
hogares_agua_red,aglomerado,30,2022-07-01,94.4614,350
hogares_agua_red,aglomerado,30,2022-10-01,94.5414,347
hogares_agua_red,aglomerado,30,2023-01-01,90.5321,389
hogares_agua_red,aglomerado,30,2023-04-01,91.2418,376
hogares_agua_red,aglomerado,30,2023-07-01,95.9470,351
hogares_agua_red,aglomerado,30,2023-10-01,95.7790,347
hogares_agua_red,aglomerado,30,2024-01-01,91.3718,370
hogares_agua_red,aglomerado,30,2024-04-01,89.5881,381
hogares_agua_red,aglomerado,30,2024-07-01,93.8835,372
hogares_agua_red,aglomerado,30,2024-10-01,94.1115,332
hogares_agua_red,aglomerado,30,2025-01-01,90.9536,360
hogares_agua_red,aglomerado,30,2025-04-01,90.4850,410
hogares_agua_red,aglomerado,30,2025-07-01,88.3409,368
hogares_agua_red,aglomerado,30,2025-10-01,89.6951,332
hogares_agua_red,aglomerado,30,2026-01-01,90.1136,372
hogares_agua_red,aglomerado,31,2017-01-01,98.2539,387
hogares_agua_red,aglomerado,31,2017-04-01,98.5121,434
hogares_agua_red,aglomerado,31,2017-07-01,99.6091,408
hogares_agua_red,aglomerado,31,2017-10-01,100.0000,391
hogares_agua_red,aglomerado,31,2018-01-01,98.4116,338
hogares_agua_red,aglomerado,31,2018-04-01,98.5476,399
hogares_agua_red,aglomerado,31,2018-07-01,99.7941,407
hogares_agua_red,aglomerado,31,2018-10-01,99.5265,398
hogares_agua_red,aglomerado,31,2019-01-01,98.7062,374
hogares_agua_red,aglomerado,31,2019-04-01,99.0903,396
hogares_agua_red,aglomerado,31,2019-07-01,100.0000,395
hogares_agua_red,aglomerado,31,2019-10-01,99.7417,363
hogares_agua_red,aglomerado,31,2020-01-01,98.5045,315
hogares_agua_red,aglomerado,31,2020-04-01,98.4050,197
hogares_agua_red,aglomerado,31,2020-10-01,100.0000,175
hogares_agua_red,aglomerado,31,2021-01-01,99.6333,342
hogares_agua_red,aglomerado,31,2021-04-01,99.6102,384
hogares_agua_red,aglomerado,31,2021-07-01,99.4297,377
hogares_agua_red,aglomerado,31,2021-10-01,99.6901,398
hogares_agua_red,aglomerado,31,2022-01-01,99.6786,395
hogares_agua_red,aglomerado,31,2022-04-01,99.5061,382
hogares_agua_red,aglomerado,31,2022-07-01,99.4253,377
hogares_agua_red,aglomerado,31,2022-10-01,98.1119,370
hogares_agua_red,aglomerado,31,2023-01-01,98.4655,340
hogares_agua_red,aglomerado,31,2023-04-01,99.5069,358
hogares_agua_red,aglomerado,31,2023-07-01,98.0207,364
hogares_agua_red,aglomerado,31,2023-10-01,96.5320,350
hogares_agua_red,aglomerado,31,2024-01-01,98.1638,359
hogares_agua_red,aglomerado,31,2024-04-01,99.6306,390
hogares_agua_red,aglomerado,31,2024-07-01,99.5838,410
hogares_agua_red,aglomerado,31,2024-10-01,98.9364,414
hogares_agua_red,aglomerado,31,2025-01-01,99.5797,399
hogares_agua_red,aglomerado,31,2025-04-01,99.7265,420
hogares_agua_red,aglomerado,31,2025-07-01,100.0000,409
hogares_agua_red,aglomerado,31,2025-10-01,100.0000,396
hogares_agua_red,aglomerado,31,2026-01-01,100.0000,389
hogares_agua_red,aglomerado,32,2017-01-01,100.0000,922
hogares_agua_red,aglomerado,32,2017-04-01,99.8509,934
hogares_agua_red,aglomerado,32,2017-07-01,100.0000,972
hogares_agua_red,aglomerado,32,2017-10-01,99.8499,906
hogares_agua_red,aglomerado,32,2018-01-01,99.7837,882
hogares_agua_red,aglomerado,32,2018-04-01,99.9329,894
hogares_agua_red,aglomerado,32,2018-07-01,100.0000,876
hogares_agua_red,aglomerado,32,2018-10-01,100.0000,894
hogares_agua_red,aglomerado,32,2019-01-01,99.4920,898
hogares_agua_red,aglomerado,32,2019-04-01,99.7870,898
hogares_agua_red,aglomerado,32,2019-07-01,100.0000,863
hogares_agua_red,aglomerado,32,2019-10-01,100.0000,848
hogares_agua_red,aglomerado,32,2020-01-01,100.0000,745
hogares_agua_red,aglomerado,32,2020-04-01,100.0000,379
hogares_agua_red,aglomerado,32,2020-07-01,100.0000,396
hogares_agua_red,aglomerado,32,2020-10-01,100.0000,429
hogares_agua_red,aglomerado,32,2021-01-01,100.0000,430
hogares_agua_red,aglomerado,32,2021-04-01,99.7060,386
hogares_agua_red,aglomerado,32,2021-07-01,99.6624,539
hogares_agua_red,aglomerado,32,2021-10-01,100.0000,741
hogares_agua_red,aglomerado,32,2022-01-01,100.0000,725
hogares_agua_red,aglomerado,32,2022-04-01,100.0000,850
hogares_agua_red,aglomerado,32,2022-07-01,100.0000,812
hogares_agua_red,aglomerado,32,2022-10-01,99.7847,782
hogares_agua_red,aglomerado,32,2023-01-01,99.7873,758
hogares_agua_red,aglomerado,32,2023-04-01,100.0000,723
hogares_agua_red,aglomerado,32,2023-07-01,100.0000,688
hogares_agua_red,aglomerado,32,2023-10-01,99.8378,702
hogares_agua_red,aglomerado,32,2024-01-01,99.6996,664
hogares_agua_red,aglomerado,32,2024-04-01,100.0000,633
hogares_agua_red,aglomerado,32,2024-07-01,100.0000,678
hogares_agua_red,aglomerado,32,2024-10-01,99.9545,703
hogares_agua_red,aglomerado,32,2025-01-01,99.7737,651
hogares_agua_red,aglomerado,32,2025-04-01,100.0000,668
hogares_agua_red,aglomerado,32,2025-07-01,100.0000,619
hogares_agua_red,aglomerado,32,2025-10-01,100.0000,606
hogares_agua_red,aglomerado,32,2026-01-01,100.0000,591
hogares_agua_red,aglomerado,33,2017-01-01,75.8623,2621
hogares_agua_red,aglomerado,33,2017-04-01,75.8640,2705
hogares_agua_red,aglomerado,33,2017-07-01,75.2888,2635
hogares_agua_red,aglomerado,33,2017-10-01,76.1757,2605
hogares_agua_red,aglomerado,33,2018-01-01,77.1752,2547
hogares_agua_red,aglomerado,33,2018-04-01,76.2881,2578
hogares_agua_red,aglomerado,33,2018-07-01,75.5429,2541
hogares_agua_red,aglomerado,33,2018-10-01,77.1724,2574
hogares_agua_red,aglomerado,33,2019-01-01,77.2570,2571
hogares_agua_red,aglomerado,33,2019-04-01,77.0025,2509
hogares_agua_red,aglomerado,33,2019-07-01,76.6013,2524
hogares_agua_red,aglomerado,33,2019-10-01,76.6716,2507
hogares_agua_red,aglomerado,33,2020-01-01,76.6261,2121
hogares_agua_red,aglomerado,33,2020-04-01,74.7672,1009
hogares_agua_red,aglomerado,33,2020-07-01,74.4487,1095
hogares_agua_red,aglomerado,33,2020-10-01,74.4332,1034
hogares_agua_red,aglomerado,33,2021-01-01,76.1039,1044
hogares_agua_red,aglomerado,33,2021-04-01,75.0750,1021
hogares_agua_red,aglomerado,33,2021-07-01,75.2724,1194
hogares_agua_red,aglomerado,33,2021-10-01,73.8047,1632
hogares_agua_red,aglomerado,33,2022-01-01,75.5605,1667
hogares_agua_red,aglomerado,33,2022-04-01,75.8674,1881
hogares_agua_red,aglomerado,33,2022-07-01,76.6555,1930
hogares_agua_red,aglomerado,33,2022-10-01,78.2207,1858
hogares_agua_red,aglomerado,33,2023-01-01,79.0307,1978
hogares_agua_red,aglomerado,33,2023-04-01,77.9437,1930
hogares_agua_red,aglomerado,33,2023-07-01,78.9608,1917
hogares_agua_red,aglomerado,33,2023-10-01,76.2097,1970
hogares_agua_red,aglomerado,33,2024-01-01,78.1909,1881
hogares_agua_red,aglomerado,33,2024-04-01,79.8872,1992
hogares_agua_red,aglomerado,33,2024-07-01,79.0323,2103
hogares_agua_red,aglomerado,33,2024-10-01,79.1684,2051
hogares_agua_red,aglomerado,33,2025-01-01,78.6378,1958
hogares_agua_red,aglomerado,33,2025-04-01,79.1791,1936
hogares_agua_red,aglomerado,33,2025-07-01,79.4059,2065
hogares_agua_red,aglomerado,33,2025-10-01,79.3848,1912
hogares_agua_red,aglomerado,33,2026-01-01,80.1558,1824
hogares_agua_red,aglomerado,34,2017-01-01,94.1803,451
hogares_agua_red,aglomerado,34,2017-04-01,95.1126,424
hogares_agua_red,aglomerado,34,2017-07-01,95.3519,442
hogares_agua_red,aglomerado,34,2017-10-01,94.3517,444
hogares_agua_red,aglomerado,34,2018-01-01,94.6717,450
hogares_agua_red,aglomerado,34,2018-04-01,95.2257,461
hogares_agua_red,aglomerado,34,2018-07-01,95.2876,457
hogares_agua_red,aglomerado,34,2018-10-01,95.2267,461
hogares_agua_red,aglomerado,34,2019-01-01,95.0833,476
hogares_agua_red,aglomerado,34,2019-04-01,95.3983,492
hogares_agua_red,aglomerado,34,2019-07-01,95.4696,452
hogares_agua_red,aglomerado,34,2019-10-01,96.5623,439
hogares_agua_red,aglomerado,34,2020-01-01,97.4326,402
hogares_agua_red,aglomerado,34,2020-04-01,97.4373,241
hogares_agua_red,aglomerado,34,2020-07-01,94.2034,213
hogares_agua_red,aglomerado,34,2020-10-01,95.6044,297
hogares_agua_red,aglomerado,34,2021-01-01,96.5777,346
hogares_agua_red,aglomerado,34,2021-04-01,95.6869,372
hogares_agua_red,aglomerado,34,2021-07-01,95.0404,395
hogares_agua_red,aglomerado,34,2021-10-01,95.9629,384
hogares_agua_red,aglomerado,34,2022-01-01,95.8441,383
hogares_agua_red,aglomerado,34,2022-04-01,94.2575,379
hogares_agua_red,aglomerado,34,2022-07-01,93.6501,387
hogares_agua_red,aglomerado,34,2022-10-01,94.1715,360
hogares_agua_red,aglomerado,34,2023-01-01,96.3953,377
hogares_agua_red,aglomerado,34,2023-04-01,96.0157,368
hogares_agua_red,aglomerado,34,2023-07-01,94.9774,398
hogares_agua_red,aglomerado,34,2023-10-01,93.8343,360
hogares_agua_red,aglomerado,34,2024-01-01,94.7856,363
hogares_agua_red,aglomerado,34,2024-04-01,98.0350,364
hogares_agua_red,aglomerado,34,2024-07-01,97.5635,359
hogares_agua_red,aglomerado,34,2024-10-01,93.5107,352
hogares_agua_red,aglomerado,34,2025-01-01,93.6295,311
hogares_agua_red,aglomerado,34,2025-04-01,95.1733,348
hogares_agua_red,aglomerado,34,2025-07-01,95.4666,332
hogares_agua_red,aglomerado,34,2025-10-01,95.3528,349
hogares_agua_red,aglomerado,34,2026-01-01,96.3729,341
hogares_agua_red,aglomerado,36,2017-01-01,99.8173,504
hogares_agua_red,aglomerado,36,2017-04-01,100.0000,530
hogares_agua_red,aglomerado,36,2017-07-01,100.0000,511
hogares_agua_red,aglomerado,36,2017-10-01,100.0000,501
hogares_agua_red,aglomerado,36,2018-01-01,99.4020,513
hogares_agua_red,aglomerado,36,2018-04-01,99.3951,503
hogares_agua_red,aglomerado,36,2018-07-01,100.0000,511
hogares_agua_red,aglomerado,36,2018-10-01,100.0000,518
hogares_agua_red,aglomerado,36,2019-01-01,99.0447,501
hogares_agua_red,aglomerado,36,2019-04-01,99.0597,513
hogares_agua_red,aglomerado,36,2019-07-01,100.0000,507
hogares_agua_red,aglomerado,36,2019-10-01,100.0000,504
hogares_agua_red,aglomerado,36,2020-01-01,99.6372,471
hogares_agua_red,aglomerado,36,2020-04-01,99.5865,402
hogares_agua_red,aglomerado,36,2020-07-01,100.0000,379
hogares_agua_red,aglomerado,36,2020-10-01,100.0000,337
hogares_agua_red,aglomerado,36,2021-01-01,99.5966,409
hogares_agua_red,aglomerado,36,2021-04-01,99.6863,477
hogares_agua_red,aglomerado,36,2021-07-01,100.0000,500
hogares_agua_red,aglomerado,36,2021-10-01,100.0000,492
hogares_agua_red,aglomerado,36,2022-01-01,99.7428,474
hogares_agua_red,aglomerado,36,2022-04-01,99.5364,485
hogares_agua_red,aglomerado,36,2022-07-01,99.7694,452
hogares_agua_red,aglomerado,36,2022-10-01,100.0000,439
hogares_agua_red,aglomerado,36,2023-01-01,99.7333,447
hogares_agua_red,aglomerado,36,2023-04-01,99.7997,452
hogares_agua_red,aglomerado,36,2023-07-01,99.6204,447
hogares_agua_red,aglomerado,36,2023-10-01,99.8254,460
hogares_agua_red,aglomerado,36,2024-01-01,99.7297,434
hogares_agua_red,aglomerado,36,2024-04-01,99.7431,434
hogares_agua_red,aglomerado,36,2024-07-01,99.7955,440
hogares_agua_red,aglomerado,36,2024-10-01,99.7865,441
hogares_agua_red,aglomerado,36,2025-01-01,100.0000,443
hogares_agua_red,aglomerado,36,2025-04-01,100.0000,445
hogares_agua_red,aglomerado,36,2025-07-01,100.0000,439
hogares_agua_red,aglomerado,36,2025-10-01,98.8387,455
hogares_agua_red,aglomerado,36,2026-01-01,98.7029,436
hogares_agua_red,aglomerado,38,2017-01-01,99.5293,517
hogares_agua_red,aglomerado,38,2017-04-01,99.5297,511
hogares_agua_red,aglomerado,38,2017-07-01,99.8204,508
hogares_agua_red,aglomerado,38,2017-10-01,99.7058,512
hogares_agua_red,aglomerado,38,2018-01-01,99.3585,525
hogares_agua_red,aglomerado,38,2018-04-01,99.5989,511
hogares_agua_red,aglomerado,38,2018-07-01,99.8842,506
hogares_agua_red,aglomerado,38,2018-10-01,99.8267,527
hogares_agua_red,aglomerado,38,2019-01-01,99.8354,563
hogares_agua_red,aglomerado,38,2019-04-01,100.0000,551
hogares_agua_red,aglomerado,38,2019-07-01,99.7463,541
hogares_agua_red,aglomerado,38,2019-10-01,99.6832,547
hogares_agua_red,aglomerado,38,2020-01-01,99.8694,513
hogares_agua_red,aglomerado,38,2020-04-01,99.9340,265
hogares_agua_red,aglomerado,38,2020-07-01,99.7554,351
hogares_agua_red,aglomerado,38,2020-10-01,99.5919,475
hogares_agua_red,aglomerado,38,2021-01-01,99.8719,506
hogares_agua_red,aglomerado,38,2021-04-01,100.0000,490
hogares_agua_red,aglomerado,38,2021-07-01,100.0000,540
hogares_agua_red,aglomerado,38,2021-10-01,100.0000,534
hogares_agua_red,aglomerado,38,2022-01-01,99.9042,523
hogares_agua_red,aglomerado,38,2022-04-01,99.9251,534
hogares_agua_red,aglomerado,38,2022-07-01,100.0000,513
hogares_agua_red,aglomerado,38,2022-10-01,99.9219,498
hogares_agua_red,aglomerado,38,2023-01-01,99.9290,518
hogares_agua_red,aglomerado,38,2023-04-01,99.5826,510
hogares_agua_red,aglomerado,38,2023-07-01,99.6338,533
hogares_agua_red,aglomerado,38,2023-10-01,99.9425,515
hogares_agua_red,aglomerado,38,2024-01-01,99.9439,502
hogares_agua_red,aglomerado,38,2024-04-01,99.5264,502
hogares_agua_red,aglomerado,38,2024-07-01,99.4875,520
hogares_agua_red,aglomerado,38,2024-10-01,99.9534,524
hogares_agua_red,aglomerado,38,2025-01-01,99.9433,520
hogares_agua_red,aglomerado,38,2025-04-01,99.7923,512
hogares_agua_red,aglomerado,38,2025-07-01,99.7174,496
hogares_agua_red,aglomerado,38,2025-10-01,100.0000,481
hogares_agua_red,aglomerado,38,2026-01-01,100.0000,485
hogares_agua_red,aglomerado,91,2017-01-01,100.0000,425
hogares_agua_red,aglomerado,91,2017-04-01,100.0000,453
hogares_agua_red,aglomerado,91,2017-07-01,100.0000,481
hogares_agua_red,aglomerado,91,2017-10-01,100.0000,466
hogares_agua_red,aglomerado,91,2018-01-01,100.0000,437
hogares_agua_red,aglomerado,91,2018-04-01,99.7812,453
hogares_agua_red,aglomerado,91,2018-07-01,99.7840,457
hogares_agua_red,aglomerado,91,2018-10-01,100.0000,433
hogares_agua_red,aglomerado,91,2019-01-01,100.0000,494
hogares_agua_red,aglomerado,91,2019-04-01,99.7982,489
hogares_agua_red,aglomerado,91,2019-07-01,99.7760,454
hogares_agua_red,aglomerado,91,2019-10-01,100.0000,440
hogares_agua_red,aglomerado,91,2020-01-01,100.0000,385
hogares_agua_red,aglomerado,91,2020-04-01,100.0000,226
hogares_agua_red,aglomerado,91,2020-07-01,100.0000,437
hogares_agua_red,aglomerado,91,2020-10-01,100.0000,423
hogares_agua_red,aglomerado,91,2021-01-01,100.0000,443
hogares_agua_red,aglomerado,91,2021-04-01,100.0000,456
hogares_agua_red,aglomerado,91,2021-07-01,100.0000,477
hogares_agua_red,aglomerado,91,2021-10-01,100.0000,496
hogares_agua_red,aglomerado,91,2022-01-01,100.0000,469
hogares_agua_red,aglomerado,91,2022-04-01,100.0000,433
hogares_agua_red,aglomerado,91,2022-07-01,100.0000,415
hogares_agua_red,aglomerado,91,2022-10-01,100.0000,383
hogares_agua_red,aglomerado,91,2023-01-01,100.0000,398
hogares_agua_red,aglomerado,91,2023-04-01,100.0000,413
hogares_agua_red,aglomerado,91,2023-07-01,100.0000,394
hogares_agua_red,aglomerado,91,2023-10-01,100.0000,372
hogares_agua_red,aglomerado,91,2024-01-01,100.0000,386
hogares_agua_red,aglomerado,91,2024-04-01,100.0000,400
hogares_agua_red,aglomerado,91,2024-07-01,100.0000,370
hogares_agua_red,aglomerado,91,2024-10-01,100.0000,368
hogares_agua_red,aglomerado,91,2025-01-01,100.0000,341
hogares_agua_red,aglomerado,91,2025-04-01,100.0000,367
hogares_agua_red,aglomerado,91,2025-07-01,100.0000,353
hogares_agua_red,aglomerado,91,2025-10-01,100.0000,333
hogares_agua_red,aglomerado,91,2026-01-01,100.0000,316
hogares_agua_red,aglomerado,93,2017-01-01,100.0000,407
hogares_agua_red,aglomerado,93,2017-04-01,100.0000,423
hogares_agua_red,aglomerado,93,2017-07-01,100.0000,438
hogares_agua_red,aglomerado,93,2017-10-01,100.0000,458
hogares_agua_red,aglomerado,93,2018-01-01,100.0000,454
hogares_agua_red,aglomerado,93,2018-04-01,100.0000,484
hogares_agua_red,aglomerado,93,2018-07-01,99.8239,515
hogares_agua_red,aglomerado,93,2018-10-01,100.0000,518
hogares_agua_red,aglomerado,93,2019-01-01,100.0000,544
hogares_agua_red,aglomerado,93,2019-04-01,100.0000,541
hogares_agua_red,aglomerado,93,2019-07-01,99.8656,543
hogares_agua_red,aglomerado,93,2019-10-01,100.0000,493
hogares_agua_red,aglomerado,93,2020-01-01,100.0000,399
hogares_agua_red,aglomerado,93,2020-04-01,100.0000,268
hogares_agua_red,aglomerado,93,2020-07-01,100.0000,420
hogares_agua_red,aglomerado,93,2020-10-01,100.0000,414
hogares_agua_red,aglomerado,93,2021-01-01,100.0000,419
hogares_agua_red,aglomerado,93,2021-04-01,100.0000,433
hogares_agua_red,aglomerado,93,2021-07-01,100.0000,412
hogares_agua_red,aglomerado,93,2021-10-01,100.0000,413
hogares_agua_red,aglomerado,93,2022-01-01,100.0000,413
hogares_agua_red,aglomerado,93,2022-04-01,100.0000,417
hogares_agua_red,aglomerado,93,2022-07-01,100.0000,413
hogares_agua_red,aglomerado,93,2022-10-01,100.0000,411
hogares_agua_red,aglomerado,93,2023-01-01,100.0000,404
hogares_agua_red,aglomerado,93,2023-04-01,100.0000,398
hogares_agua_red,aglomerado,93,2023-07-01,99.8210,377
hogares_agua_red,aglomerado,93,2023-10-01,100.0000,391
hogares_agua_red,aglomerado,93,2024-01-01,100.0000,395
hogares_agua_red,aglomerado,93,2024-04-01,100.0000,373
hogares_agua_red,aglomerado,93,2024-07-01,99.9061,344
hogares_agua_red,aglomerado,93,2024-10-01,99.7163,354
hogares_agua_red,aglomerado,93,2025-01-01,99.8290,343
hogares_agua_red,aglomerado,93,2025-04-01,100.0000,327
hogares_agua_red,aglomerado,93,2025-07-01,100.0000,285
hogares_agua_red,aglomerado,93,2025-10-01,99.8448,350
hogares_agua_red,aglomerado,93,2026-01-01,99.8494,364
hogares_agua_red,total,,2017-01-01,89.6112,18477
hogares_agua_red,total,,2017-04-01,89.7192,18871
hogares_agua_red,total,,2017-07-01,89.3986,18806
hogares_agua_red,total,,2017-10-01,89.8586,18793
hogares_agua_red,total,,2018-01-01,90.1672,18624
hogares_agua_red,total,,2018-04-01,89.7784,18586
hogares_agua_red,total,,2018-07-01,89.3855,18364
hogares_agua_red,total,,2018-10-01,90.1617,18616
hogares_agua_red,total,,2019-01-01,90.1737,19338
hogares_agua_red,total,,2019-04-01,89.8801,19251
hogares_agua_red,total,,2019-07-01,89.6502,18610
hogares_agua_red,total,,2019-10-01,89.9070,19035
hogares_agua_red,total,,2020-01-01,89.9582,16845
hogares_agua_red,total,,2020-04-01,89.0496,11976
hogares_agua_red,total,,2020-07-01,88.8496,13503
hogares_agua_red,total,,2020-10-01,89.3726,14442
hogares_agua_red,total,,2021-01-01,89.7853,15423
hogares_agua_red,total,,2021-04-01,89.4069,15620
hogares_agua_red,total,,2021-07-01,89.3548,16285
hogares_agua_red,total,,2021-10-01,88.7364,17037
hogares_agua_red,total,,2022-01-01,89.5638,16898
hogares_agua_red,total,,2022-04-01,89.5554,17367
hogares_agua_red,total,,2022-07-01,89.7574,16886
hogares_agua_red,total,,2022-10-01,90.4397,16740
hogares_agua_red,total,,2023-01-01,90.7581,16815
hogares_agua_red,total,,2023-04-01,90.1935,16990
hogares_agua_red,total,,2023-07-01,90.6467,16656
hogares_agua_red,total,,2023-10-01,89.5023,16462
hogares_agua_red,total,,2024-01-01,90.4022,16104
hogares_agua_red,total,,2024-04-01,91.0880,16453
hogares_agua_red,total,,2024-07-01,90.7175,16650
hogares_agua_red,total,,2024-10-01,90.7050,16511
hogares_agua_red,total,,2025-01-01,90.3694,15984
hogares_agua_red,total,,2025-04-01,90.7494,16169
hogares_agua_red,total,,2025-07-01,91.0067,15860
hogares_agua_red,total,,2025-10-01,90.9697,15534
hogares_agua_red,total,,2026-01-01,91.1967,15447
hogares_cloaca,aglomerado,2,2017-01-01,63.7445,461
hogares_cloaca,aglomerado,2,2017-04-01,66.0674,511
hogares_cloaca,aglomerado,2,2017-07-01,67.4542,489
hogares_cloaca,aglomerado,2,2017-10-01,65.8615,472
hogares_cloaca,aglomerado,2,2018-01-01,65.5160,448
hogares_cloaca,aglomerado,2,2018-04-01,68.0701,452
hogares_cloaca,aglomerado,2,2018-07-01,69.0501,410
hogares_cloaca,aglomerado,2,2018-10-01,64.8858,433
hogares_cloaca,aglomerado,2,2019-01-01,64.9341,498
hogares_cloaca,aglomerado,2,2019-04-01,66.1313,522
hogares_cloaca,aglomerado,2,2019-07-01,68.5518,498
hogares_cloaca,aglomerado,2,2019-10-01,70.1518,510
hogares_cloaca,aglomerado,2,2020-01-01,66.4053,496
hogares_cloaca,aglomerado,2,2020-04-01,63.7508,300
hogares_cloaca,aglomerado,2,2020-07-01,60.8764,205
hogares_cloaca,aglomerado,2,2020-10-01,69.7683,406
hogares_cloaca,aglomerado,2,2021-01-01,64.3370,421
hogares_cloaca,aglomerado,2,2021-04-01,65.6407,432
hogares_cloaca,aglomerado,2,2021-07-01,66.5071,418
hogares_cloaca,aglomerado,2,2021-10-01,65.9241,420
hogares_cloaca,aglomerado,2,2022-01-01,67.0539,429
hogares_cloaca,aglomerado,2,2022-04-01,69.1349,462
hogares_cloaca,aglomerado,2,2022-07-01,68.8889,409
hogares_cloaca,aglomerado,2,2022-10-01,67.4960,437
hogares_cloaca,aglomerado,2,2023-01-01,68.7080,430
hogares_cloaca,aglomerado,2,2023-04-01,67.0548,447
hogares_cloaca,aglomerado,2,2023-07-01,66.9758,464
hogares_cloaca,aglomerado,2,2023-10-01,63.2708,444
hogares_cloaca,aglomerado,2,2024-01-01,65.0502,394
hogares_cloaca,aglomerado,2,2024-04-01,65.9842,428
hogares_cloaca,aglomerado,2,2024-07-01,66.7312,482
hogares_cloaca,aglomerado,2,2024-10-01,66.4750,400
hogares_cloaca,aglomerado,2,2025-01-01,63.2239,368
hogares_cloaca,aglomerado,2,2025-04-01,65.7049,361
hogares_cloaca,aglomerado,2,2025-07-01,67.0776,393
hogares_cloaca,aglomerado,2,2025-10-01,66.1317,393
hogares_cloaca,aglomerado,2,2026-01-01,58.5650,282
hogares_cloaca,aglomerado,3,2017-01-01,84.6737,506
hogares_cloaca,aglomerado,3,2017-04-01,85.1709,500
hogares_cloaca,aglomerado,3,2017-07-01,84.5233,522
hogares_cloaca,aglomerado,3,2017-10-01,84.7032,539
hogares_cloaca,aglomerado,3,2018-01-01,85.1052,474
hogares_cloaca,aglomerado,3,2018-04-01,86.6782,472
hogares_cloaca,aglomerado,3,2018-07-01,84.2316,475
hogares_cloaca,aglomerado,3,2018-10-01,84.6169,492
hogares_cloaca,aglomerado,3,2019-01-01,84.8030,470
hogares_cloaca,aglomerado,3,2019-04-01,84.4732,489
hogares_cloaca,aglomerado,3,2019-07-01,83.4640,480
hogares_cloaca,aglomerado,3,2019-10-01,85.6367,483
hogares_cloaca,aglomerado,3,2020-01-01,85.5126,430
hogares_cloaca,aglomerado,3,2020-04-01,83.9057,263
hogares_cloaca,aglomerado,3,2020-07-01,79.7610,303
hogares_cloaca,aglomerado,3,2020-10-01,81.7956,432
hogares_cloaca,aglomerado,3,2021-01-01,86.1366,434
hogares_cloaca,aglomerado,3,2021-04-01,84.9023,430
hogares_cloaca,aglomerado,3,2021-07-01,85.9527,423
hogares_cloaca,aglomerado,3,2021-10-01,86.7660,413
hogares_cloaca,aglomerado,3,2022-01-01,86.3085,419
hogares_cloaca,aglomerado,3,2022-04-01,83.3873,454
hogares_cloaca,aglomerado,3,2022-07-01,85.4930,434
hogares_cloaca,aglomerado,3,2022-10-01,86.5578,430
hogares_cloaca,aglomerado,3,2023-01-01,82.5093,422
hogares_cloaca,aglomerado,3,2023-04-01,78.1044,444
hogares_cloaca,aglomerado,3,2023-07-01,83.0322,424
hogares_cloaca,aglomerado,3,2023-10-01,84.2262,396
hogares_cloaca,aglomerado,3,2024-01-01,80.9701,408
hogares_cloaca,aglomerado,3,2024-04-01,79.3667,413
hogares_cloaca,aglomerado,3,2024-07-01,80.3144,420
hogares_cloaca,aglomerado,3,2024-10-01,81.7769,412
hogares_cloaca,aglomerado,3,2025-01-01,79.1373,312
hogares_cloaca,aglomerado,3,2025-04-01,83.0252,303
hogares_cloaca,aglomerado,3,2025-07-01,82.8664,390
hogares_cloaca,aglomerado,3,2025-10-01,80.5704,374
hogares_cloaca,aglomerado,3,2026-01-01,80.1182,353
hogares_cloaca,aglomerado,4,2017-01-01,73.0290,691
hogares_cloaca,aglomerado,4,2017-04-01,72.9850,719
hogares_cloaca,aglomerado,4,2017-07-01,74.6843,719
hogares_cloaca,aglomerado,4,2017-10-01,74.7125,669
hogares_cloaca,aglomerado,4,2018-01-01,75.2163,702
hogares_cloaca,aglomerado,4,2018-04-01,74.3012,695
hogares_cloaca,aglomerado,4,2018-07-01,74.4123,660
hogares_cloaca,aglomerado,4,2018-10-01,74.4020,643
hogares_cloaca,aglomerado,4,2019-01-01,75.5258,659
hogares_cloaca,aglomerado,4,2019-04-01,73.5271,649
hogares_cloaca,aglomerado,4,2019-07-01,74.8515,626
hogares_cloaca,aglomerado,4,2019-10-01,75.2485,651
hogares_cloaca,aglomerado,4,2020-01-01,76.5069,619
hogares_cloaca,aglomerado,4,2020-04-01,77.5193,576
hogares_cloaca,aglomerado,4,2020-07-01,76.1806,560
hogares_cloaca,aglomerado,4,2020-10-01,72.1876,594
hogares_cloaca,aglomerado,4,2021-01-01,79.9643,639
hogares_cloaca,aglomerado,4,2021-04-01,79.6565,644
hogares_cloaca,aglomerado,4,2021-07-01,78.1550,671
hogares_cloaca,aglomerado,4,2021-10-01,77.4054,697
hogares_cloaca,aglomerado,4,2022-01-01,81.3837,731
hogares_cloaca,aglomerado,4,2022-04-01,82.7302,754
hogares_cloaca,aglomerado,4,2022-07-01,83.4004,691
hogares_cloaca,aglomerado,4,2022-10-01,78.3010,683
hogares_cloaca,aglomerado,4,2023-01-01,79.1995,702
hogares_cloaca,aglomerado,4,2023-04-01,83.6669,712
hogares_cloaca,aglomerado,4,2023-07-01,84.9733,691
hogares_cloaca,aglomerado,4,2023-10-01,82.7745,657
hogares_cloaca,aglomerado,4,2024-01-01,81.2065,640
hogares_cloaca,aglomerado,4,2024-04-01,83.5943,624
hogares_cloaca,aglomerado,4,2024-07-01,83.3204,630
hogares_cloaca,aglomerado,4,2024-10-01,83.2925,621
hogares_cloaca,aglomerado,4,2025-01-01,83.0422,594
hogares_cloaca,aglomerado,4,2025-04-01,84.9228,651
hogares_cloaca,aglomerado,4,2025-07-01,85.5421,652
hogares_cloaca,aglomerado,4,2025-10-01,82.6501,654
hogares_cloaca,aglomerado,4,2026-01-01,86.2053,641
hogares_cloaca,aglomerado,5,2017-01-01,51.1821,550
hogares_cloaca,aglomerado,5,2017-04-01,50.7697,580
hogares_cloaca,aglomerado,5,2017-07-01,51.5247,572
hogares_cloaca,aglomerado,5,2017-10-01,52.6022,572
hogares_cloaca,aglomerado,5,2018-01-01,52.9768,553
hogares_cloaca,aglomerado,5,2018-04-01,52.9841,543
hogares_cloaca,aglomerado,5,2018-07-01,51.6480,549
hogares_cloaca,aglomerado,5,2018-10-01,53.2757,552
hogares_cloaca,aglomerado,5,2019-01-01,55.6721,541
hogares_cloaca,aglomerado,5,2019-04-01,59.2575,550
hogares_cloaca,aglomerado,5,2019-07-01,59.3950,559
hogares_cloaca,aglomerado,5,2019-10-01,60.1577,549
hogares_cloaca,aglomerado,5,2020-01-01,62.3918,510
hogares_cloaca,aglomerado,5,2020-04-01,55.4345,442
hogares_cloaca,aglomerado,5,2020-07-01,57.3177,506
hogares_cloaca,aglomerado,5,2020-10-01,59.7655,537
hogares_cloaca,aglomerado,5,2021-01-01,59.3060,515
hogares_cloaca,aglomerado,5,2021-04-01,58.8699,500
hogares_cloaca,aglomerado,5,2021-07-01,58.6378,520
hogares_cloaca,aglomerado,5,2021-10-01,58.7398,499
hogares_cloaca,aglomerado,5,2022-01-01,60.9312,509
hogares_cloaca,aglomerado,5,2022-04-01,59.3204,522
hogares_cloaca,aglomerado,5,2022-07-01,58.2933,507
hogares_cloaca,aglomerado,5,2022-10-01,59.6092,518
hogares_cloaca,aglomerado,5,2023-01-01,58.7140,476
hogares_cloaca,aglomerado,5,2023-04-01,55.1911,510
hogares_cloaca,aglomerado,5,2023-07-01,54.1999,505
hogares_cloaca,aglomerado,5,2023-10-01,55.4173,500
hogares_cloaca,aglomerado,5,2024-01-01,56.9807,496
hogares_cloaca,aglomerado,5,2024-04-01,54.8179,509
hogares_cloaca,aglomerado,5,2024-07-01,56.3881,497
hogares_cloaca,aglomerado,5,2024-10-01,58.1963,502
hogares_cloaca,aglomerado,5,2025-01-01,58.5893,504
hogares_cloaca,aglomerado,5,2025-04-01,58.6854,507
hogares_cloaca,aglomerado,5,2025-07-01,63.1358,477
hogares_cloaca,aglomerado,5,2025-10-01,61.6354,497
hogares_cloaca,aglomerado,5,2026-01-01,58.7268,492
hogares_cloaca,aglomerado,6,2017-01-01,85.5197,561
hogares_cloaca,aglomerado,6,2017-04-01,86.1159,579
hogares_cloaca,aglomerado,6,2017-07-01,84.8651,604
hogares_cloaca,aglomerado,6,2017-10-01,84.6893,619
hogares_cloaca,aglomerado,6,2018-01-01,85.2224,610
hogares_cloaca,aglomerado,6,2018-04-01,85.4791,578
hogares_cloaca,aglomerado,6,2018-07-01,83.8361,573
hogares_cloaca,aglomerado,6,2018-10-01,84.1601,593
hogares_cloaca,aglomerado,6,2019-01-01,80.0563,770
hogares_cloaca,aglomerado,6,2019-04-01,79.4164,739
hogares_cloaca,aglomerado,6,2019-07-01,82.8940,717
hogares_cloaca,aglomerado,6,2019-10-01,83.2389,764
hogares_cloaca,aglomerado,6,2020-01-01,80.3637,625
hogares_cloaca,aglomerado,6,2020-04-01,74.7727,353
hogares_cloaca,aglomerado,6,2020-07-01,79.8930,398
hogares_cloaca,aglomerado,6,2020-10-01,81.9122,382
hogares_cloaca,aglomerado,6,2021-01-01,85.0713,579
hogares_cloaca,aglomerado,6,2021-04-01,87.4057,569
hogares_cloaca,aglomerado,6,2021-07-01,90.7773,598
hogares_cloaca,aglomerado,6,2021-10-01,89.9555,621
hogares_cloaca,aglomerado,6,2022-01-01,86.9610,581
hogares_cloaca,aglomerado,6,2022-04-01,88.9981,558
hogares_cloaca,aglomerado,6,2022-07-01,90.5371,429
hogares_cloaca,aglomerado,6,2022-10-01,83.2468,462
hogares_cloaca,aglomerado,6,2023-01-01,88.8685,364
hogares_cloaca,aglomerado,6,2023-04-01,83.9825,489
hogares_cloaca,aglomerado,6,2023-07-01,81.1196,512
hogares_cloaca,aglomerado,6,2023-10-01,80.5673,517
hogares_cloaca,aglomerado,6,2024-01-01,88.8221,506
hogares_cloaca,aglomerado,6,2024-04-01,86.9983,517
hogares_cloaca,aglomerado,6,2024-07-01,76.9419,506
hogares_cloaca,aglomerado,6,2024-10-01,78.3505,508
hogares_cloaca,aglomerado,6,2025-01-01,89.3697,523
hogares_cloaca,aglomerado,6,2025-04-01,87.8228,516
hogares_cloaca,aglomerado,6,2025-07-01,78.9943,503
hogares_cloaca,aglomerado,6,2025-10-01,76.8080,477
hogares_cloaca,aglomerado,6,2026-01-01,81.1871,477
hogares_cloaca,aglomerado,7,2017-01-01,45.1569,459
hogares_cloaca,aglomerado,7,2017-04-01,44.6555,460
hogares_cloaca,aglomerado,7,2017-07-01,47.6189,449
hogares_cloaca,aglomerado,7,2017-10-01,46.5017,464
hogares_cloaca,aglomerado,7,2018-01-01,42.9171,449
hogares_cloaca,aglomerado,7,2018-04-01,47.6236,445
hogares_cloaca,aglomerado,7,2018-07-01,41.4624,458
hogares_cloaca,aglomerado,7,2018-10-01,38.9266,449
hogares_cloaca,aglomerado,7,2019-01-01,46.1169,440
hogares_cloaca,aglomerado,7,2019-04-01,48.3739,444
hogares_cloaca,aglomerado,7,2019-07-01,42.0105,438
hogares_cloaca,aglomerado,7,2019-10-01,41.1345,434
hogares_cloaca,aglomerado,7,2020-01-01,45.2569,373
hogares_cloaca,aglomerado,7,2020-04-01,51.1926,246
hogares_cloaca,aglomerado,7,2020-07-01,48.9139,410
hogares_cloaca,aglomerado,7,2020-10-01,44.0000,428
hogares_cloaca,aglomerado,7,2021-01-01,41.4753,436
hogares_cloaca,aglomerado,7,2021-04-01,46.6276,422
hogares_cloaca,aglomerado,7,2021-07-01,48.8437,412
hogares_cloaca,aglomerado,7,2021-10-01,50.6439,445
hogares_cloaca,aglomerado,7,2022-01-01,48.7880,440
hogares_cloaca,aglomerado,7,2022-04-01,51.7645,445
hogares_cloaca,aglomerado,7,2022-07-01,50.9303,464
hogares_cloaca,aglomerado,7,2022-10-01,53.6837,459
hogares_cloaca,aglomerado,7,2023-01-01,48.7808,455
hogares_cloaca,aglomerado,7,2023-04-01,46.8282,481
hogares_cloaca,aglomerado,7,2023-07-01,52.7706,457
hogares_cloaca,aglomerado,7,2023-10-01,49.5421,454
hogares_cloaca,aglomerado,7,2024-01-01,46.2530,441
hogares_cloaca,aglomerado,7,2024-04-01,49.1757,454
hogares_cloaca,aglomerado,7,2024-07-01,52.0107,439
hogares_cloaca,aglomerado,7,2024-10-01,48.2624,445
hogares_cloaca,aglomerado,7,2025-01-01,49.8617,419
hogares_cloaca,aglomerado,7,2025-04-01,52.1391,424
hogares_cloaca,aglomerado,7,2025-07-01,52.4956,411
hogares_cloaca,aglomerado,7,2025-10-01,52.5537,401
hogares_cloaca,aglomerado,7,2026-01-01,52.3890,408
hogares_cloaca,aglomerado,8,2017-01-01,62.2315,376
hogares_cloaca,aglomerado,8,2017-04-01,64.9237,366
hogares_cloaca,aglomerado,8,2017-07-01,67.0074,369
hogares_cloaca,aglomerado,8,2017-10-01,64.7368,387
hogares_cloaca,aglomerado,8,2018-01-01,67.8472,438
hogares_cloaca,aglomerado,8,2018-04-01,66.9416,422
hogares_cloaca,aglomerado,8,2018-07-01,66.8411,395
hogares_cloaca,aglomerado,8,2018-10-01,67.0540,419
hogares_cloaca,aglomerado,8,2019-01-01,67.0441,474
hogares_cloaca,aglomerado,8,2019-04-01,66.9484,518
hogares_cloaca,aglomerado,8,2019-10-01,71.5437,517
hogares_cloaca,aglomerado,8,2020-01-01,67.3447,337
hogares_cloaca,aglomerado,8,2020-04-01,74.8530,137
hogares_cloaca,aglomerado,8,2020-07-01,77.6278,381
hogares_cloaca,aglomerado,8,2020-10-01,71.4456,400
hogares_cloaca,aglomerado,8,2021-01-01,55.0743,290
hogares_cloaca,aglomerado,8,2021-04-01,60.4437,319
hogares_cloaca,aglomerado,8,2021-07-01,63.7701,373
hogares_cloaca,aglomerado,8,2021-10-01,61.8650,418
hogares_cloaca,aglomerado,8,2022-01-01,57.8619,408
hogares_cloaca,aglomerado,8,2022-04-01,58.2815,428
hogares_cloaca,aglomerado,8,2022-07-01,61.8437,423
hogares_cloaca,aglomerado,8,2022-10-01,63.9736,412
hogares_cloaca,aglomerado,8,2023-01-01,64.5353,442
hogares_cloaca,aglomerado,8,2023-04-01,62.0036,462
hogares_cloaca,aglomerado,8,2023-07-01,62.0272,402
hogares_cloaca,aglomerado,8,2023-10-01,68.6080,411
hogares_cloaca,aglomerado,8,2024-01-01,65.2610,431
hogares_cloaca,aglomerado,8,2024-04-01,59.1444,428
hogares_cloaca,aglomerado,8,2024-07-01,56.0773,416
hogares_cloaca,aglomerado,8,2024-10-01,59.3389,414
hogares_cloaca,aglomerado,8,2025-01-01,60.4095,446
hogares_cloaca,aglomerado,8,2025-04-01,60.9050,431
hogares_cloaca,aglomerado,8,2025-07-01,56.1232,397
hogares_cloaca,aglomerado,8,2025-10-01,57.5288,392
hogares_cloaca,aglomerado,8,2026-01-01,62.1403,414
hogares_cloaca,aglomerado,9,2017-01-01,94.4398,405
hogares_cloaca,aglomerado,9,2017-04-01,94.1262,418
hogares_cloaca,aglomerado,9,2017-07-01,97.0612,421
hogares_cloaca,aglomerado,9,2017-10-01,96.5781,420
hogares_cloaca,aglomerado,9,2018-01-01,94.7511,400
hogares_cloaca,aglomerado,9,2018-04-01,94.2000,397
hogares_cloaca,aglomerado,9,2018-07-01,95.1511,367
hogares_cloaca,aglomerado,9,2018-10-01,94.4977,378
hogares_cloaca,aglomerado,9,2019-01-01,91.3182,394
hogares_cloaca,aglomerado,9,2019-04-01,90.3542,376
hogares_cloaca,aglomerado,9,2019-07-01,92.5396,359
hogares_cloaca,aglomerado,9,2019-10-01,94.6427,386
hogares_cloaca,aglomerado,9,2020-01-01,93.7537,344
hogares_cloaca,aglomerado,9,2020-04-01,86.2882,206
hogares_cloaca,aglomerado,9,2020-07-01,90.6255,339
hogares_cloaca,aglomerado,9,2020-10-01,93.1533,370
hogares_cloaca,aglomerado,9,2021-01-01,97.7049,378
hogares_cloaca,aglomerado,9,2021-04-01,96.3612,354
hogares_cloaca,aglomerado,9,2021-07-01,93.8668,345
hogares_cloaca,aglomerado,9,2021-10-01,92.8581,346
hogares_cloaca,aglomerado,9,2022-01-01,93.7241,344
hogares_cloaca,aglomerado,9,2022-04-01,94.6934,359
hogares_cloaca,aglomerado,9,2022-07-01,95.9108,326
hogares_cloaca,aglomerado,9,2022-10-01,94.5327,321
hogares_cloaca,aglomerado,9,2023-01-01,92.1115,342
hogares_cloaca,aglomerado,9,2023-04-01,91.6598,349
hogares_cloaca,aglomerado,9,2023-07-01,93.9167,326
hogares_cloaca,aglomerado,9,2023-10-01,92.1424,293
hogares_cloaca,aglomerado,9,2024-01-01,92.7385,293
hogares_cloaca,aglomerado,9,2024-04-01,95.4092,328
hogares_cloaca,aglomerado,9,2024-07-01,92.4260,307
hogares_cloaca,aglomerado,9,2024-10-01,94.0171,289
hogares_cloaca,aglomerado,9,2025-01-01,95.3500,299
hogares_cloaca,aglomerado,9,2025-04-01,93.4281,313
hogares_cloaca,aglomerado,9,2025-07-01,93.0963,280
hogares_cloaca,aglomerado,9,2025-10-01,96.4911,251
hogares_cloaca,aglomerado,9,2026-01-01,96.4681,261
hogares_cloaca,aglomerado,10,2017-01-01,94.4445,678
hogares_cloaca,aglomerado,10,2017-04-01,93.5802,686
hogares_cloaca,aglomerado,10,2017-07-01,95.1531,666
hogares_cloaca,aglomerado,10,2017-10-01,95.7789,678
hogares_cloaca,aglomerado,10,2018-01-01,93.7046,679
hogares_cloaca,aglomerado,10,2018-04-01,92.7413,669
hogares_cloaca,aglomerado,10,2018-07-01,93.1428,666
hogares_cloaca,aglomerado,10,2018-10-01,94.4505,660
hogares_cloaca,aglomerado,10,2019-01-01,93.1035,727
hogares_cloaca,aglomerado,10,2019-04-01,92.4453,689
hogares_cloaca,aglomerado,10,2019-07-01,93.5295,750
hogares_cloaca,aglomerado,10,2019-10-01,94.5673,736
hogares_cloaca,aglomerado,10,2020-01-01,93.3210,695
hogares_cloaca,aglomerado,10,2020-04-01,93.9389,658
hogares_cloaca,aglomerado,10,2020-07-01,95.4189,708
hogares_cloaca,aglomerado,10,2020-10-01,93.8105,716
hogares_cloaca,aglomerado,10,2021-01-01,92.8252,763
hogares_cloaca,aglomerado,10,2021-04-01,93.9140,749
hogares_cloaca,aglomerado,10,2021-07-01,93.7010,727
hogares_cloaca,aglomerado,10,2021-10-01,93.3020,736
hogares_cloaca,aglomerado,10,2022-01-01,93.6802,730
hogares_cloaca,aglomerado,10,2022-04-01,92.9124,736
hogares_cloaca,aglomerado,10,2022-07-01,91.4564,700
hogares_cloaca,aglomerado,10,2022-10-01,92.6981,676
hogares_cloaca,aglomerado,10,2023-01-01,93.5130,696
hogares_cloaca,aglomerado,10,2023-04-01,92.2695,708
hogares_cloaca,aglomerado,10,2023-07-01,92.3828,670
hogares_cloaca,aglomerado,10,2023-10-01,93.5358,650
hogares_cloaca,aglomerado,10,2024-01-01,95.1454,623
hogares_cloaca,aglomerado,10,2024-04-01,94.4230,644
hogares_cloaca,aglomerado,10,2024-07-01,94.4475,673
hogares_cloaca,aglomerado,10,2024-10-01,95.3891,637
hogares_cloaca,aglomerado,10,2025-01-01,95.0149,632
hogares_cloaca,aglomerado,10,2025-04-01,95.0604,665
hogares_cloaca,aglomerado,10,2025-07-01,95.8638,636
hogares_cloaca,aglomerado,10,2025-10-01,95.0419,610
hogares_cloaca,aglomerado,10,2026-01-01,92.4823,608
hogares_cloaca,aglomerado,12,2017-01-01,89.1727,482
hogares_cloaca,aglomerado,12,2017-04-01,92.5500,455
hogares_cloaca,aglomerado,12,2017-07-01,91.7718,444
hogares_cloaca,aglomerado,12,2017-10-01,88.3824,475
hogares_cloaca,aglomerado,12,2018-01-01,91.0087,418
hogares_cloaca,aglomerado,12,2018-04-01,94.2779,440
hogares_cloaca,aglomerado,12,2018-07-01,89.7671,455
hogares_cloaca,aglomerado,12,2018-10-01,85.2658,459
hogares_cloaca,aglomerado,12,2019-01-01,82.2547,422
hogares_cloaca,aglomerado,12,2019-04-01,88.3135,424
hogares_cloaca,aglomerado,12,2019-07-01,91.6948,439
hogares_cloaca,aglomerado,12,2019-10-01,86.9824,438
hogares_cloaca,aglomerado,12,2020-01-01,85.4853,382
hogares_cloaca,aglomerado,12,2020-04-01,91.7181,351
hogares_cloaca,aglomerado,12,2020-07-01,92.5875,442
hogares_cloaca,aglomerado,12,2020-10-01,89.2675,414
hogares_cloaca,aglomerado,12,2021-01-01,93.3799,387
hogares_cloaca,aglomerado,12,2021-04-01,95.1408,406
hogares_cloaca,aglomerado,12,2021-07-01,92.6614,381
hogares_cloaca,aglomerado,12,2021-10-01,93.6469,375
hogares_cloaca,aglomerado,12,2022-01-01,95.1263,336
hogares_cloaca,aglomerado,12,2022-04-01,95.1775,362
hogares_cloaca,aglomerado,12,2022-07-01,96.7020,398
hogares_cloaca,aglomerado,12,2022-10-01,97.3799,362
hogares_cloaca,aglomerado,12,2023-01-01,94.6246,363
hogares_cloaca,aglomerado,12,2023-04-01,94.8354,367
hogares_cloaca,aglomerado,12,2023-07-01,90.4015,344
hogares_cloaca,aglomerado,12,2023-10-01,88.3993,329
hogares_cloaca,aglomerado,12,2024-01-01,89.6345,335
hogares_cloaca,aglomerado,12,2024-04-01,90.6044,351
hogares_cloaca,aglomerado,12,2024-07-01,86.2602,353
hogares_cloaca,aglomerado,12,2024-10-01,86.9929,346
hogares_cloaca,aglomerado,12,2025-01-01,92.8265,344
hogares_cloaca,aglomerado,12,2025-04-01,92.0663,329
hogares_cloaca,aglomerado,12,2025-07-01,85.1699,302
hogares_cloaca,aglomerado,12,2025-10-01,87.2143,320
hogares_cloaca,aglomerado,12,2026-01-01,93.2839,330
hogares_cloaca,aglomerado,13,2017-01-01,46.2347,745
hogares_cloaca,aglomerado,13,2017-04-01,46.8255,800
hogares_cloaca,aglomerado,13,2017-07-01,45.2990,787
hogares_cloaca,aglomerado,13,2017-10-01,46.9060,779
hogares_cloaca,aglomerado,13,2018-01-01,48.0281,787
hogares_cloaca,aglomerado,13,2018-04-01,46.1674,812
hogares_cloaca,aglomerado,13,2018-07-01,45.6105,812
hogares_cloaca,aglomerado,13,2018-10-01,44.5697,819
hogares_cloaca,aglomerado,13,2019-01-01,46.8861,824
hogares_cloaca,aglomerado,13,2019-04-01,47.7992,809
hogares_cloaca,aglomerado,13,2019-07-01,47.1810,827
hogares_cloaca,aglomerado,13,2019-10-01,45.7917,794
hogares_cloaca,aglomerado,13,2020-01-01,44.0939,733
hogares_cloaca,aglomerado,13,2020-04-01,41.2634,571
hogares_cloaca,aglomerado,13,2020-07-01,36.7411,488
hogares_cloaca,aglomerado,13,2020-10-01,47.3618,405
hogares_cloaca,aglomerado,13,2021-01-01,45.0308,556
hogares_cloaca,aglomerado,13,2021-04-01,42.4486,709
hogares_cloaca,aglomerado,13,2021-07-01,46.2619,743
hogares_cloaca,aglomerado,13,2021-10-01,44.0016,770
hogares_cloaca,aglomerado,13,2022-01-01,41.9235,752
hogares_cloaca,aglomerado,13,2022-04-01,43.2088,763
hogares_cloaca,aglomerado,13,2022-07-01,45.2916,761
hogares_cloaca,aglomerado,13,2022-10-01,44.3628,788
hogares_cloaca,aglomerado,13,2023-01-01,44.4254,796
hogares_cloaca,aglomerado,13,2023-04-01,47.8893,779
hogares_cloaca,aglomerado,13,2023-07-01,47.5729,766
hogares_cloaca,aglomerado,13,2023-10-01,47.1672,771
hogares_cloaca,aglomerado,13,2024-01-01,47.4105,778
hogares_cloaca,aglomerado,13,2024-04-01,48.2185,765
hogares_cloaca,aglomerado,13,2024-07-01,45.2177,753
hogares_cloaca,aglomerado,13,2024-10-01,44.7904,805
hogares_cloaca,aglomerado,13,2025-01-01,44.8954,778
hogares_cloaca,aglomerado,13,2025-04-01,45.8277,751
hogares_cloaca,aglomerado,13,2025-07-01,47.2996,741
hogares_cloaca,aglomerado,13,2025-10-01,47.2226,737
hogares_cloaca,aglomerado,13,2026-01-01,45.3083,732
hogares_cloaca,aglomerado,14,2017-01-01,89.2666,442
hogares_cloaca,aglomerado,14,2017-04-01,88.9474,447
hogares_cloaca,aglomerado,14,2017-07-01,90.3940,451
hogares_cloaca,aglomerado,14,2017-10-01,90.2783,445
hogares_cloaca,aglomerado,14,2018-01-01,91.1736,447
hogares_cloaca,aglomerado,14,2018-04-01,88.5759,442
hogares_cloaca,aglomerado,14,2018-07-01,85.8336,440
hogares_cloaca,aglomerado,14,2018-10-01,87.9393,441
hogares_cloaca,aglomerado,14,2019-01-01,83.9394,602
hogares_cloaca,aglomerado,14,2019-04-01,82.1842,604
hogares_cloaca,aglomerado,14,2019-07-01,83.2238,608
hogares_cloaca,aglomerado,14,2019-10-01,85.8797,594
hogares_cloaca,aglomerado,14,2020-01-01,91.9481,480
hogares_cloaca,aglomerado,14,2020-04-01,95.0497,356
hogares_cloaca,aglomerado,14,2020-07-01,88.9250,500
hogares_cloaca,aglomerado,14,2020-10-01,86.9136,513
hogares_cloaca,aglomerado,14,2021-01-01,89.7960,540
hogares_cloaca,aglomerado,14,2021-04-01,88.9806,424
hogares_cloaca,aglomerado,14,2021-07-01,87.8793,509
hogares_cloaca,aglomerado,14,2021-10-01,88.5933,504
hogares_cloaca,aglomerado,14,2022-01-01,83.6490,511
hogares_cloaca,aglomerado,14,2022-04-01,85.5989,512
hogares_cloaca,aglomerado,14,2022-07-01,87.1435,501
hogares_cloaca,aglomerado,14,2022-10-01,85.7371,453
hogares_cloaca,aglomerado,14,2023-01-01,84.4856,458
hogares_cloaca,aglomerado,14,2023-04-01,86.0244,476
hogares_cloaca,aglomerado,14,2023-07-01,88.6607,433
hogares_cloaca,aglomerado,14,2023-10-01,86.1257,437
hogares_cloaca,aglomerado,14,2024-01-01,89.5062,434
hogares_cloaca,aglomerado,14,2024-04-01,90.3936,428
hogares_cloaca,aglomerado,14,2024-07-01,90.6095,431
hogares_cloaca,aglomerado,14,2024-10-01,90.5334,433
hogares_cloaca,aglomerado,14,2025-01-01,87.5055,458
hogares_cloaca,aglomerado,14,2025-04-01,87.8569,503
hogares_cloaca,aglomerado,14,2025-07-01,87.4400,483
hogares_cloaca,aglomerado,14,2025-10-01,88.2604,474
hogares_cloaca,aglomerado,14,2026-01-01,89.4315,473
hogares_cloaca,aglomerado,15,2017-01-01,93.5238,438
hogares_cloaca,aglomerado,15,2017-04-01,98.6980,410
hogares_cloaca,aglomerado,15,2017-07-01,97.1341,410
hogares_cloaca,aglomerado,15,2017-10-01,95.8181,440
hogares_cloaca,aglomerado,15,2018-01-01,96.7596,457
hogares_cloaca,aglomerado,15,2018-04-01,97.4635,426
hogares_cloaca,aglomerado,15,2018-07-01,91.7032,410
hogares_cloaca,aglomerado,15,2018-10-01,92.1156,445
hogares_cloaca,aglomerado,15,2019-01-01,97.2550,403
hogares_cloaca,aglomerado,15,2019-04-01,98.0674,409
hogares_cloaca,aglomerado,15,2019-07-01,95.8011,412
hogares_cloaca,aglomerado,15,2019-10-01,95.0964,435
hogares_cloaca,aglomerado,15,2020-01-01,98.5701,411
hogares_cloaca,aglomerado,15,2020-04-01,99.1270,430
hogares_cloaca,aglomerado,15,2020-07-01,98.6277,436
hogares_cloaca,aglomerado,15,2020-10-01,97.3775,455
hogares_cloaca,aglomerado,15,2021-01-01,98.1535,432
hogares_cloaca,aglomerado,15,2021-04-01,98.2481,404
hogares_cloaca,aglomerado,15,2021-07-01,96.4815,404
hogares_cloaca,aglomerado,15,2021-10-01,96.3917,428
hogares_cloaca,aglomerado,15,2022-01-01,97.7313,433
hogares_cloaca,aglomerado,15,2022-04-01,98.1563,425
hogares_cloaca,aglomerado,15,2022-07-01,97.6497,403
hogares_cloaca,aglomerado,15,2022-10-01,98.0353,428
hogares_cloaca,aglomerado,15,2023-01-01,99.3306,437
hogares_cloaca,aglomerado,15,2023-04-01,98.9829,424
hogares_cloaca,aglomerado,15,2023-07-01,99.2642,421
hogares_cloaca,aglomerado,15,2023-10-01,99.8060,362
hogares_cloaca,aglomerado,15,2024-01-01,99.2189,431
hogares_cloaca,aglomerado,15,2024-04-01,98.4048,449
hogares_cloaca,aglomerado,15,2024-07-01,97.4306,445
hogares_cloaca,aglomerado,15,2024-10-01,95.9574,418
hogares_cloaca,aglomerado,15,2025-01-01,95.6294,345
hogares_cloaca,aglomerado,15,2025-04-01,89.6956,374
hogares_cloaca,aglomerado,15,2025-07-01,90.7033,316
hogares_cloaca,aglomerado,15,2025-10-01,84.2706,273
hogares_cloaca,aglomerado,15,2026-01-01,86.6324,356
hogares_cloaca,aglomerado,17,2017-01-01,96.1130,350
hogares_cloaca,aglomerado,17,2017-04-01,95.6807,390
hogares_cloaca,aglomerado,17,2017-07-01,95.2692,366
hogares_cloaca,aglomerado,17,2017-10-01,96.3899,357
hogares_cloaca,aglomerado,17,2018-01-01,96.9942,360
hogares_cloaca,aglomerado,17,2018-04-01,96.6522,364
hogares_cloaca,aglomerado,17,2018-07-01,98.1882,377
hogares_cloaca,aglomerado,17,2018-10-01,98.7663,391
hogares_cloaca,aglomerado,17,2019-01-01,98.9541,380
hogares_cloaca,aglomerado,17,2019-04-01,98.2703,400
hogares_cloaca,aglomerado,17,2019-07-01,97.3514,403
hogares_cloaca,aglomerado,17,2019-10-01,98.4957,390
hogares_cloaca,aglomerado,17,2020-01-01,99.1091,351
hogares_cloaca,aglomerado,17,2020-04-01,99.3359,198
hogares_cloaca,aglomerado,17,2020-07-01,97.5815,304
hogares_cloaca,aglomerado,17,2020-10-01,98.1697,280
hogares_cloaca,aglomerado,17,2021-01-01,97.8971,365
hogares_cloaca,aglomerado,17,2021-04-01,98.0176,407
hogares_cloaca,aglomerado,17,2021-07-01,97.7011,382
hogares_cloaca,aglomerado,17,2021-10-01,97.2602,416
hogares_cloaca,aglomerado,17,2022-01-01,95.7243,403
hogares_cloaca,aglomerado,17,2022-04-01,95.2358,385
hogares_cloaca,aglomerado,17,2022-07-01,94.9373,363
hogares_cloaca,aglomerado,17,2022-10-01,94.6917,407
hogares_cloaca,aglomerado,17,2023-01-01,94.8602,451
hogares_cloaca,aglomerado,17,2023-04-01,94.4136,462
hogares_cloaca,aglomerado,17,2023-07-01,93.6533,462
hogares_cloaca,aglomerado,17,2023-10-01,94.9563,449
hogares_cloaca,aglomerado,17,2024-01-01,96.3180,441
hogares_cloaca,aglomerado,17,2024-04-01,92.7358,444
hogares_cloaca,aglomerado,17,2024-07-01,93.8356,434
hogares_cloaca,aglomerado,17,2024-10-01,94.2575,452
hogares_cloaca,aglomerado,17,2025-01-01,93.6539,445
hogares_cloaca,aglomerado,17,2025-04-01,89.3554,411
hogares_cloaca,aglomerado,17,2025-07-01,91.3734,407
hogares_cloaca,aglomerado,17,2025-10-01,94.0715,392
hogares_cloaca,aglomerado,17,2026-01-01,91.3473,427
hogares_cloaca,aglomerado,18,2017-01-01,41.9482,449
hogares_cloaca,aglomerado,18,2017-04-01,48.5230,459
hogares_cloaca,aglomerado,18,2017-07-01,55.2472,425
hogares_cloaca,aglomerado,18,2017-10-01,58.5113,425
hogares_cloaca,aglomerado,18,2018-01-01,51.0806,452
hogares_cloaca,aglomerado,18,2018-04-01,48.2306,472
hogares_cloaca,aglomerado,18,2018-07-01,49.8508,452
hogares_cloaca,aglomerado,18,2018-10-01,52.7662,456
hogares_cloaca,aglomerado,18,2019-01-01,52.2379,500
hogares_cloaca,aglomerado,18,2019-04-01,58.5328,512
hogares_cloaca,aglomerado,18,2019-07-01,58.3313,501
hogares_cloaca,aglomerado,18,2019-10-01,52.2596,497
hogares_cloaca,aglomerado,18,2020-01-01,53.4399,456
hogares_cloaca,aglomerado,18,2020-04-01,58.9407,356
hogares_cloaca,aglomerado,18,2020-07-01,56.1296,451
hogares_cloaca,aglomerado,18,2020-10-01,51.2148,428
hogares_cloaca,aglomerado,18,2021-01-01,49.3808,457
hogares_cloaca,aglomerado,18,2021-04-01,49.3252,459
hogares_cloaca,aglomerado,18,2021-07-01,49.4030,481
hogares_cloaca,aglomerado,18,2021-10-01,46.6095,491
hogares_cloaca,aglomerado,18,2022-01-01,46.0971,468
hogares_cloaca,aglomerado,18,2022-04-01,50.8182,464
hogares_cloaca,aglomerado,18,2022-07-01,51.8716,462
hogares_cloaca,aglomerado,18,2022-10-01,50.9063,460
hogares_cloaca,aglomerado,18,2023-01-01,51.9031,426
hogares_cloaca,aglomerado,18,2023-04-01,59.9876,447
hogares_cloaca,aglomerado,18,2023-07-01,57.6067,458
hogares_cloaca,aglomerado,18,2023-10-01,50.1237,420
hogares_cloaca,aglomerado,18,2024-01-01,50.2633,399
hogares_cloaca,aglomerado,18,2024-04-01,57.0338,406
hogares_cloaca,aglomerado,18,2024-07-01,56.0974,423
hogares_cloaca,aglomerado,18,2024-10-01,49.0409,428
hogares_cloaca,aglomerado,18,2025-01-01,50.3533,403
hogares_cloaca,aglomerado,18,2025-04-01,57.3043,400
hogares_cloaca,aglomerado,18,2025-07-01,61.0120,422
hogares_cloaca,aglomerado,18,2025-10-01,53.4726,415
hogares_cloaca,aglomerado,18,2026-01-01,50.8402,401
hogares_cloaca,aglomerado,19,2017-01-01,94.2615,495
hogares_cloaca,aglomerado,19,2017-04-01,95.2323,505
hogares_cloaca,aglomerado,19,2017-07-01,92.0954,500
hogares_cloaca,aglomerado,19,2017-10-01,92.3008,523
hogares_cloaca,aglomerado,19,2018-01-01,93.7406,545
hogares_cloaca,aglomerado,19,2018-04-01,93.0073,523
hogares_cloaca,aglomerado,19,2018-07-01,92.3662,510
hogares_cloaca,aglomerado,19,2018-10-01,92.8913,535
hogares_cloaca,aglomerado,19,2019-01-01,93.5852,543
hogares_cloaca,aglomerado,19,2019-04-01,88.2769,513
hogares_cloaca,aglomerado,19,2019-07-01,88.3702,515
hogares_cloaca,aglomerado,19,2019-10-01,83.0359,518
hogares_cloaca,aglomerado,19,2020-01-01,83.6419,515
hogares_cloaca,aglomerado,19,2020-04-01,90.5145,499
hogares_cloaca,aglomerado,19,2020-07-01,84.4528,506
hogares_cloaca,aglomerado,19,2020-10-01,78.4770,511
hogares_cloaca,aglomerado,19,2021-01-01,85.2139,532
hogares_cloaca,aglomerado,19,2021-04-01,95.2741,545
hogares_cloaca,aglomerado,19,2021-07-01,93.8057,537
hogares_cloaca,aglomerado,19,2021-10-01,87.0426,528
hogares_cloaca,aglomerado,19,2022-01-01,90.1021,517
hogares_cloaca,aglomerado,19,2022-04-01,93.5587,520
hogares_cloaca,aglomerado,19,2022-07-01,92.7433,505
hogares_cloaca,aglomerado,19,2022-10-01,88.6623,483
hogares_cloaca,aglomerado,19,2023-01-01,89.7510,502
hogares_cloaca,aglomerado,19,2023-04-01,94.1821,503
hogares_cloaca,aglomerado,19,2023-07-01,92.2396,507
hogares_cloaca,aglomerado,19,2023-10-01,88.5575,483
hogares_cloaca,aglomerado,19,2024-01-01,89.7302,461
hogares_cloaca,aglomerado,19,2024-04-01,94.8871,471
hogares_cloaca,aglomerado,19,2024-07-01,95.4855,488
hogares_cloaca,aglomerado,19,2024-10-01,89.5459,484
hogares_cloaca,aglomerado,19,2025-01-01,89.7202,471
hogares_cloaca,aglomerado,19,2025-04-01,96.5325,467
hogares_cloaca,aglomerado,19,2025-07-01,96.7152,486
hogares_cloaca,aglomerado,19,2025-10-01,96.8823,474
hogares_cloaca,aglomerado,19,2026-01-01,96.7555,450
hogares_cloaca,aglomerado,20,2017-01-01,99.6235,328
hogares_cloaca,aglomerado,20,2017-04-01,99.0074,320
hogares_cloaca,aglomerado,20,2017-07-01,99.2974,325
hogares_cloaca,aglomerado,20,2017-10-01,99.1204,332
hogares_cloaca,aglomerado,20,2018-01-01,98.3565,325
hogares_cloaca,aglomerado,20,2018-04-01,98.5370,309
hogares_cloaca,aglomerado,20,2018-07-01,98.7415,293
hogares_cloaca,aglomerado,20,2018-10-01,98.8269,324
hogares_cloaca,aglomerado,20,2019-01-01,97.8608,330
hogares_cloaca,aglomerado,20,2019-04-01,97.2187,316
hogares_cloaca,aglomerado,20,2019-07-01,98.7408,299
hogares_cloaca,aglomerado,20,2019-10-01,98.9154,346
hogares_cloaca,aglomerado,20,2020-01-01,97.8617,306
hogares_cloaca,aglomerado,20,2020-04-01,95.8560,277
hogares_cloaca,aglomerado,20,2020-07-01,97.6010,189
hogares_cloaca,aglomerado,20,2020-10-01,98.2152,259
hogares_cloaca,aglomerado,20,2021-01-01,99.7849,334
hogares_cloaca,aglomerado,20,2021-04-01,99.7130,313
hogares_cloaca,aglomerado,20,2021-07-01,100.0000,308
hogares_cloaca,aglomerado,20,2021-10-01,100.0000,304
hogares_cloaca,aglomerado,20,2022-01-01,98.7671,299
hogares_cloaca,aglomerado,20,2022-04-01,98.5773,301
hogares_cloaca,aglomerado,20,2022-07-01,100.0000,271
hogares_cloaca,aglomerado,20,2022-10-01,100.0000,248
hogares_cloaca,aglomerado,20,2023-01-01,96.9508,266
hogares_cloaca,aglomerado,20,2023-04-01,97.1271,272
hogares_cloaca,aglomerado,20,2023-07-01,100.0000,252
hogares_cloaca,aglomerado,20,2023-10-01,97.6673,285
hogares_cloaca,aglomerado,20,2024-01-01,99.0919,258
hogares_cloaca,aglomerado,20,2024-04-01,99.1092,253
hogares_cloaca,aglomerado,20,2024-07-01,97.2654,277
hogares_cloaca,aglomerado,20,2024-10-01,96.6924,286
hogares_cloaca,aglomerado,20,2025-01-01,97.7797,259
hogares_cloaca,aglomerado,20,2025-04-01,98.1140,276
hogares_cloaca,aglomerado,20,2025-07-01,99.7052,268
hogares_cloaca,aglomerado,20,2025-10-01,98.1840,279
hogares_cloaca,aglomerado,20,2026-01-01,97.3507,285
hogares_cloaca,aglomerado,22,2017-01-01,71.7774,526
hogares_cloaca,aglomerado,22,2017-04-01,73.0839,541
hogares_cloaca,aglomerado,22,2017-07-01,72.6047,523
hogares_cloaca,aglomerado,22,2017-10-01,74.2761,514
hogares_cloaca,aglomerado,22,2018-01-01,73.6372,517
hogares_cloaca,aglomerado,22,2018-04-01,75.0928,530
hogares_cloaca,aglomerado,22,2018-07-01,75.9724,521
hogares_cloaca,aglomerado,22,2018-10-01,74.8250,498
hogares_cloaca,aglomerado,22,2019-01-01,74.7866,510
hogares_cloaca,aglomerado,22,2019-04-01,74.8177,519
hogares_cloaca,aglomerado,22,2019-07-01,76.0790,506
hogares_cloaca,aglomerado,22,2019-10-01,76.3403,485
hogares_cloaca,aglomerado,22,2020-01-01,75.7804,476
hogares_cloaca,aglomerado,22,2020-04-01,77.1347,438
hogares_cloaca,aglomerado,22,2020-07-01,81.2254,441
hogares_cloaca,aglomerado,22,2020-10-01,76.2316,436
hogares_cloaca,aglomerado,22,2021-01-01,77.4840,446
hogares_cloaca,aglomerado,22,2021-04-01,79.9757,448
hogares_cloaca,aglomerado,22,2021-07-01,82.3621,442
hogares_cloaca,aglomerado,22,2021-10-01,78.9477,427
hogares_cloaca,aglomerado,22,2022-01-01,77.9162,445
hogares_cloaca,aglomerado,22,2022-04-01,83.8594,445
hogares_cloaca,aglomerado,22,2022-07-01,84.3440,443
hogares_cloaca,aglomerado,22,2022-10-01,80.2655,456
hogares_cloaca,aglomerado,22,2023-01-01,77.4654,441
hogares_cloaca,aglomerado,22,2023-04-01,81.3253,450
hogares_cloaca,aglomerado,22,2023-07-01,80.3526,444
hogares_cloaca,aglomerado,22,2023-10-01,77.4488,446
hogares_cloaca,aglomerado,22,2024-01-01,77.2911,428
hogares_cloaca,aglomerado,22,2024-04-01,80.8036,464
hogares_cloaca,aglomerado,22,2024-07-01,81.8513,471
hogares_cloaca,aglomerado,22,2024-10-01,81.0928,461
hogares_cloaca,aglomerado,22,2025-01-01,83.3570,452
hogares_cloaca,aglomerado,22,2025-04-01,83.2542,456
hogares_cloaca,aglomerado,22,2025-07-01,83.1376,458
hogares_cloaca,aglomerado,22,2025-10-01,82.6384,427
hogares_cloaca,aglomerado,22,2026-01-01,83.9646,429
hogares_cloaca,aglomerado,23,2017-01-01,90.5147,734
hogares_cloaca,aglomerado,23,2017-04-01,90.3997,723
hogares_cloaca,aglomerado,23,2017-07-01,92.1828,750
hogares_cloaca,aglomerado,23,2017-10-01,90.8666,767
hogares_cloaca,aglomerado,23,2018-01-01,89.8538,792
hogares_cloaca,aglomerado,23,2018-04-01,90.0182,760
hogares_cloaca,aglomerado,23,2018-07-01,90.3343,747
hogares_cloaca,aglomerado,23,2018-10-01,89.0068,769
hogares_cloaca,aglomerado,23,2019-01-01,90.6737,749
hogares_cloaca,aglomerado,23,2019-04-01,90.9973,725
hogares_cloaca,aglomerado,23,2019-07-01,90.0442,751
hogares_cloaca,aglomerado,23,2019-10-01,89.5558,762
hogares_cloaca,aglomerado,23,2020-01-01,89.3977,684
hogares_cloaca,aglomerado,23,2020-04-01,90.8246,541
hogares_cloaca,aglomerado,23,2020-07-01,91.6433,628
hogares_cloaca,aglomerado,23,2020-10-01,90.4612,615
hogares_cloaca,aglomerado,23,2021-01-01,90.4794,717
hogares_cloaca,aglomerado,23,2021-04-01,91.6602,713
hogares_cloaca,aglomerado,23,2021-07-01,93.4910,712
hogares_cloaca,aglomerado,23,2021-10-01,95.3416,673
hogares_cloaca,aglomerado,23,2022-01-01,94.5959,659
hogares_cloaca,aglomerado,23,2022-04-01,91.8703,666
hogares_cloaca,aglomerado,23,2022-07-01,91.5192,646
hogares_cloaca,aglomerado,23,2022-10-01,93.7065,661
hogares_cloaca,aglomerado,23,2023-01-01,91.9421,632
hogares_cloaca,aglomerado,23,2023-04-01,91.3210,618
hogares_cloaca,aglomerado,23,2023-07-01,91.6218,586
hogares_cloaca,aglomerado,23,2023-10-01,92.3481,632
hogares_cloaca,aglomerado,23,2024-01-01,91.2315,595
hogares_cloaca,aglomerado,23,2024-04-01,90.7875,577
hogares_cloaca,aglomerado,23,2024-07-01,92.5018,580
hogares_cloaca,aglomerado,23,2024-10-01,93.8280,600
hogares_cloaca,aglomerado,23,2025-01-01,91.7824,592
hogares_cloaca,aglomerado,23,2025-04-01,90.1357,595
hogares_cloaca,aglomerado,23,2025-07-01,91.0090,550
hogares_cloaca,aglomerado,23,2025-10-01,94.7925,573
hogares_cloaca,aglomerado,23,2026-01-01,93.0373,604
hogares_cloaca,aglomerado,25,2017-01-01,92.7859,490
hogares_cloaca,aglomerado,25,2017-04-01,91.4952,480
hogares_cloaca,aglomerado,25,2017-07-01,91.4912,480
hogares_cloaca,aglomerado,25,2017-10-01,93.5635,490
hogares_cloaca,aglomerado,25,2018-01-01,92.9203,499
hogares_cloaca,aglomerado,25,2018-04-01,90.8551,491
hogares_cloaca,aglomerado,25,2018-07-01,92.2922,479
hogares_cloaca,aglomerado,25,2018-10-01,94.1980,482
hogares_cloaca,aglomerado,25,2019-01-01,92.5842,505
hogares_cloaca,aglomerado,25,2019-04-01,92.4392,520
hogares_cloaca,aglomerado,25,2019-07-01,94.0090,507
hogares_cloaca,aglomerado,25,2019-10-01,95.1247,493
hogares_cloaca,aglomerado,25,2020-01-01,96.1172,418
hogares_cloaca,aglomerado,25,2020-04-01,97.6506,380
hogares_cloaca,aglomerado,25,2020-07-01,96.4706,466
hogares_cloaca,aglomerado,25,2020-10-01,94.8643,485
hogares_cloaca,aglomerado,25,2021-01-01,93.2455,473
hogares_cloaca,aglomerado,25,2021-04-01,95.6176,475
hogares_cloaca,aglomerado,25,2021-07-01,96.3320,481
hogares_cloaca,aglomerado,25,2021-10-01,93.1608,452
hogares_cloaca,aglomerado,25,2022-01-01,93.7229,458
hogares_cloaca,aglomerado,25,2022-04-01,93.1715,457
hogares_cloaca,aglomerado,25,2022-07-01,94.2711,452
hogares_cloaca,aglomerado,25,2022-10-01,91.1442,491
hogares_cloaca,aglomerado,25,2023-01-01,89.6580,480
hogares_cloaca,aglomerado,25,2023-04-01,92.1672,467
hogares_cloaca,aglomerado,25,2023-07-01,92.6845,451
hogares_cloaca,aglomerado,25,2023-10-01,90.5664,447
hogares_cloaca,aglomerado,25,2024-01-01,88.3726,433
hogares_cloaca,aglomerado,25,2024-04-01,91.9332,437
hogares_cloaca,aglomerado,25,2024-07-01,93.7286,426
hogares_cloaca,aglomerado,25,2024-10-01,95.4607,435
hogares_cloaca,aglomerado,25,2025-01-01,92.4669,446
hogares_cloaca,aglomerado,25,2025-04-01,91.9497,429
hogares_cloaca,aglomerado,25,2025-07-01,96.1995,429
hogares_cloaca,aglomerado,25,2025-10-01,95.6192,420
hogares_cloaca,aglomerado,25,2026-01-01,92.0044,428
hogares_cloaca,aglomerado,26,2017-01-01,96.8286,494
hogares_cloaca,aglomerado,26,2017-04-01,96.8950,491
hogares_cloaca,aglomerado,26,2017-07-01,96.9823,488
hogares_cloaca,aglomerado,26,2017-10-01,96.2036,504
hogares_cloaca,aglomerado,26,2018-01-01,96.9659,506
hogares_cloaca,aglomerado,26,2018-04-01,96.0795,501
hogares_cloaca,aglomerado,26,2018-07-01,97.4414,501
hogares_cloaca,aglomerado,26,2018-10-01,97.3129,496
hogares_cloaca,aglomerado,26,2019-01-01,96.2382,510
hogares_cloaca,aglomerado,26,2019-04-01,96.7662,516
hogares_cloaca,aglomerado,26,2019-07-01,98.9823,511
hogares_cloaca,aglomerado,26,2019-10-01,98.6427,500
hogares_cloaca,aglomerado,26,2020-01-01,97.0352,384
hogares_cloaca,aglomerado,26,2020-04-01,97.7817,373
hogares_cloaca,aglomerado,26,2020-07-01,95.2979,472
hogares_cloaca,aglomerado,26,2020-10-01,95.5197,455
hogares_cloaca,aglomerado,26,2021-01-01,97.2665,462
hogares_cloaca,aglomerado,26,2021-04-01,97.2306,444
hogares_cloaca,aglomerado,26,2021-07-01,97.2247,472
hogares_cloaca,aglomerado,26,2021-10-01,97.4004,471
hogares_cloaca,aglomerado,26,2022-01-01,98.8820,476
hogares_cloaca,aglomerado,26,2022-04-01,97.5560,461
hogares_cloaca,aglomerado,26,2022-07-01,97.3748,466
hogares_cloaca,aglomerado,26,2022-10-01,97.0415,475
hogares_cloaca,aglomerado,26,2023-01-01,97.6391,460
hogares_cloaca,aglomerado,26,2023-04-01,96.9289,448
hogares_cloaca,aglomerado,26,2023-07-01,95.8323,456
hogares_cloaca,aglomerado,26,2023-10-01,96.3146,457
hogares_cloaca,aglomerado,26,2024-01-01,96.9951,441
hogares_cloaca,aglomerado,26,2024-04-01,96.3658,432
hogares_cloaca,aglomerado,26,2024-07-01,97.0264,454
hogares_cloaca,aglomerado,26,2024-10-01,98.2122,425
hogares_cloaca,aglomerado,26,2025-01-01,98.2074,437
hogares_cloaca,aglomerado,26,2025-04-01,97.6684,448
hogares_cloaca,aglomerado,26,2025-07-01,97.6158,412
hogares_cloaca,aglomerado,26,2025-10-01,98.5235,420
hogares_cloaca,aglomerado,26,2026-01-01,98.7793,430
hogares_cloaca,aglomerado,27,2017-01-01,41.2088,509
hogares_cloaca,aglomerado,27,2017-04-01,43.5386,562
hogares_cloaca,aglomerado,27,2017-07-01,43.0263,584
hogares_cloaca,aglomerado,27,2017-10-01,42.0228,566
hogares_cloaca,aglomerado,27,2018-01-01,41.5428,514
hogares_cloaca,aglomerado,27,2018-04-01,47.7763,499
hogares_cloaca,aglomerado,27,2018-07-01,48.1517,537
hogares_cloaca,aglomerado,27,2018-10-01,41.6728,512
hogares_cloaca,aglomerado,27,2019-01-01,46.7418,597
hogares_cloaca,aglomerado,27,2019-04-01,49.5551,562
hogares_cloaca,aglomerado,27,2019-07-01,45.4482,576
hogares_cloaca,aglomerado,27,2019-10-01,49.0169,605
hogares_cloaca,aglomerado,27,2020-01-01,56.1615,548
hogares_cloaca,aglomerado,27,2020-04-01,51.6495,580
hogares_cloaca,aglomerado,27,2020-07-01,48.3537,549
hogares_cloaca,aglomerado,27,2020-10-01,56.0097,539
hogares_cloaca,aglomerado,27,2021-01-01,55.4157,547
hogares_cloaca,aglomerado,27,2021-04-01,54.4513,553
hogares_cloaca,aglomerado,27,2021-07-01,54.0219,581
hogares_cloaca,aglomerado,27,2021-10-01,54.1325,583
hogares_cloaca,aglomerado,27,2022-01-01,51.6871,558
hogares_cloaca,aglomerado,27,2022-04-01,50.6569,545
hogares_cloaca,aglomerado,27,2022-07-01,52.6145,530
hogares_cloaca,aglomerado,27,2022-10-01,56.3480,546
hogares_cloaca,aglomerado,27,2023-01-01,50.0504,532
hogares_cloaca,aglomerado,27,2023-04-01,47.6949,520
hogares_cloaca,aglomerado,27,2023-07-01,52.7115,500
hogares_cloaca,aglomerado,27,2023-10-01,53.5664,469
hogares_cloaca,aglomerado,27,2024-01-01,53.7696,445
hogares_cloaca,aglomerado,27,2024-04-01,48.9351,508
hogares_cloaca,aglomerado,27,2024-07-01,52.7277,472
hogares_cloaca,aglomerado,27,2024-10-01,52.4147,469
hogares_cloaca,aglomerado,27,2025-01-01,51.9790,443
hogares_cloaca,aglomerado,27,2025-04-01,52.7106,467
hogares_cloaca,aglomerado,27,2025-07-01,52.7756,453
hogares_cloaca,aglomerado,27,2025-10-01,54.8126,423
hogares_cloaca,aglomerado,27,2026-01-01,52.7919,374
hogares_cloaca,aglomerado,29,2017-01-01,75.3907,688
hogares_cloaca,aglomerado,29,2017-04-01,74.8191,690
hogares_cloaca,aglomerado,29,2017-07-01,74.2318,674
hogares_cloaca,aglomerado,29,2017-10-01,75.5158,665
hogares_cloaca,aglomerado,29,2018-01-01,75.4676,710
hogares_cloaca,aglomerado,29,2018-04-01,73.5204,711
hogares_cloaca,aglomerado,29,2018-07-01,73.5788,683
hogares_cloaca,aglomerado,29,2018-10-01,75.5611,695
hogares_cloaca,aglomerado,29,2019-01-01,73.4914,697
hogares_cloaca,aglomerado,29,2019-04-01,72.5187,704
hogares_cloaca,aglomerado,29,2019-07-01,74.9696,691
hogares_cloaca,aglomerado,29,2019-10-01,76.6458,686
hogares_cloaca,aglomerado,29,2020-01-01,73.5564,593
hogares_cloaca,aglomerado,29,2020-04-01,77.6203,257
hogares_cloaca,aglomerado,29,2020-07-01,72.8576,222
hogares_cloaca,aglomerado,29,2020-10-01,77.8437,490
hogares_cloaca,aglomerado,29,2021-01-01,74.8284,591
hogares_cloaca,aglomerado,29,2021-04-01,74.6756,612
hogares_cloaca,aglomerado,29,2021-07-01,74.0794,614
hogares_cloaca,aglomerado,29,2021-10-01,74.9590,607
hogares_cloaca,aglomerado,29,2022-01-01,76.0868,626
hogares_cloaca,aglomerado,29,2022-04-01,75.0177,657
hogares_cloaca,aglomerado,29,2022-07-01,74.1299,653
hogares_cloaca,aglomerado,29,2022-10-01,71.8932,636
hogares_cloaca,aglomerado,29,2023-01-01,73.3783,633
hogares_cloaca,aglomerado,29,2023-04-01,76.7027,627
hogares_cloaca,aglomerado,29,2023-07-01,72.8205,656
hogares_cloaca,aglomerado,29,2023-10-01,72.7685,686
hogares_cloaca,aglomerado,29,2024-01-01,74.8752,639
hogares_cloaca,aglomerado,29,2024-04-01,78.3205,654
hogares_cloaca,aglomerado,29,2024-07-01,76.4216,677
hogares_cloaca,aglomerado,29,2024-10-01,75.5967,702
hogares_cloaca,aglomerado,29,2025-01-01,76.7143,688
hogares_cloaca,aglomerado,29,2025-04-01,74.5660,659
hogares_cloaca,aglomerado,29,2025-07-01,75.5547,628
hogares_cloaca,aglomerado,29,2025-10-01,76.5428,644
hogares_cloaca,aglomerado,29,2026-01-01,75.8062,674
hogares_cloaca,aglomerado,30,2017-01-01,95.1893,386
hogares_cloaca,aglomerado,30,2017-04-01,92.2439,365
hogares_cloaca,aglomerado,30,2017-07-01,91.1787,393
hogares_cloaca,aglomerado,30,2017-10-01,92.2554,408
hogares_cloaca,aglomerado,30,2018-01-01,93.2121,396
hogares_cloaca,aglomerado,30,2018-04-01,92.6361,350
hogares_cloaca,aglomerado,30,2018-07-01,88.2419,324
hogares_cloaca,aglomerado,30,2018-10-01,88.4196,352
hogares_cloaca,aglomerado,30,2019-01-01,92.2410,372
hogares_cloaca,aglomerado,30,2019-04-01,92.6001,353
hogares_cloaca,aglomerado,30,2019-07-01,88.2302,358
hogares_cloaca,aglomerado,30,2019-10-01,89.4909,321
hogares_cloaca,aglomerado,30,2020-01-01,89.8549,328
hogares_cloaca,aglomerado,30,2020-04-01,95.6414,201
hogares_cloaca,aglomerado,30,2020-07-01,88.6074,308
hogares_cloaca,aglomerado,30,2020-10-01,91.7733,308
hogares_cloaca,aglomerado,30,2021-01-01,89.8000,190
hogares_cloaca,aglomerado,30,2021-04-01,91.6359,270
hogares_cloaca,aglomerado,30,2021-07-01,89.1821,317
hogares_cloaca,aglomerado,30,2021-10-01,89.4058,323
hogares_cloaca,aglomerado,30,2022-01-01,91.0615,317
hogares_cloaca,aglomerado,30,2022-04-01,89.8599,325
hogares_cloaca,aglomerado,30,2022-07-01,90.3940,350
hogares_cloaca,aglomerado,30,2022-10-01,91.0559,347
hogares_cloaca,aglomerado,30,2023-01-01,89.5861,389
hogares_cloaca,aglomerado,30,2023-04-01,89.1681,376
hogares_cloaca,aglomerado,30,2023-07-01,91.4359,351
hogares_cloaca,aglomerado,30,2023-10-01,91.7585,347
hogares_cloaca,aglomerado,30,2024-01-01,89.8768,370
hogares_cloaca,aglomerado,30,2024-04-01,89.6499,381
hogares_cloaca,aglomerado,30,2024-07-01,90.1220,372
hogares_cloaca,aglomerado,30,2024-10-01,89.9206,332
hogares_cloaca,aglomerado,30,2025-01-01,87.0657,360
hogares_cloaca,aglomerado,30,2025-04-01,86.8899,410
hogares_cloaca,aglomerado,30,2025-07-01,85.7849,368
hogares_cloaca,aglomerado,30,2025-10-01,85.9798,332
hogares_cloaca,aglomerado,30,2026-01-01,80.4237,372
hogares_cloaca,aglomerado,31,2017-01-01,92.5874,387
hogares_cloaca,aglomerado,31,2017-04-01,96.4531,434
hogares_cloaca,aglomerado,31,2017-07-01,98.1996,408
hogares_cloaca,aglomerado,31,2017-10-01,97.1710,391
hogares_cloaca,aglomerado,31,2018-01-01,93.9425,338
hogares_cloaca,aglomerado,31,2018-04-01,96.2708,399
hogares_cloaca,aglomerado,31,2018-07-01,98.5527,407
hogares_cloaca,aglomerado,31,2018-10-01,98.0637,398
hogares_cloaca,aglomerado,31,2019-01-01,96.2281,374
hogares_cloaca,aglomerado,31,2019-04-01,97.7448,396
hogares_cloaca,aglomerado,31,2019-07-01,98.1852,395
hogares_cloaca,aglomerado,31,2019-10-01,97.8757,363
hogares_cloaca,aglomerado,31,2020-01-01,98.3050,315
hogares_cloaca,aglomerado,31,2020-04-01,98.9219,197
hogares_cloaca,aglomerado,31,2020-10-01,100.0000,175
hogares_cloaca,aglomerado,31,2021-01-01,99.6370,342
hogares_cloaca,aglomerado,31,2021-04-01,98.5387,384
hogares_cloaca,aglomerado,31,2021-07-01,96.4342,377
hogares_cloaca,aglomerado,31,2021-10-01,94.9164,398
hogares_cloaca,aglomerado,31,2022-01-01,95.3361,395
hogares_cloaca,aglomerado,31,2022-04-01,96.5328,382
hogares_cloaca,aglomerado,31,2022-07-01,94.9486,377
hogares_cloaca,aglomerado,31,2022-10-01,93.1902,370
hogares_cloaca,aglomerado,31,2023-01-01,94.6927,340
hogares_cloaca,aglomerado,31,2023-04-01,94.7957,358
hogares_cloaca,aglomerado,31,2023-07-01,91.9746,364
hogares_cloaca,aglomerado,31,2023-10-01,91.7841,350
hogares_cloaca,aglomerado,31,2024-01-01,93.0844,359
hogares_cloaca,aglomerado,31,2024-04-01,93.7382,390
hogares_cloaca,aglomerado,31,2024-07-01,92.4504,410
hogares_cloaca,aglomerado,31,2024-10-01,93.3008,414
hogares_cloaca,aglomerado,31,2025-01-01,95.3230,399
hogares_cloaca,aglomerado,31,2025-04-01,93.8212,420
hogares_cloaca,aglomerado,31,2025-07-01,93.8581,409
hogares_cloaca,aglomerado,31,2025-10-01,94.6926,396
hogares_cloaca,aglomerado,31,2026-01-01,98.0650,389
hogares_cloaca,aglomerado,32,2017-01-01,99.4527,922
hogares_cloaca,aglomerado,32,2017-04-01,99.4277,934
hogares_cloaca,aglomerado,32,2017-07-01,99.4634,972
hogares_cloaca,aglomerado,32,2017-10-01,99.7749,906
hogares_cloaca,aglomerado,32,2018-01-01,99.4780,882
hogares_cloaca,aglomerado,32,2018-04-01,99.5358,894
hogares_cloaca,aglomerado,32,2018-07-01,99.9194,876
hogares_cloaca,aglomerado,32,2018-10-01,99.8501,894
hogares_cloaca,aglomerado,32,2019-01-01,99.9305,898
hogares_cloaca,aglomerado,32,2019-04-01,99.7191,898
hogares_cloaca,aglomerado,32,2019-07-01,99.7825,863
hogares_cloaca,aglomerado,32,2019-10-01,99.8126,848
hogares_cloaca,aglomerado,32,2020-01-01,99.5657,745
hogares_cloaca,aglomerado,32,2020-04-01,100.0000,379
hogares_cloaca,aglomerado,32,2020-07-01,99.6276,396
hogares_cloaca,aglomerado,32,2020-10-01,99.4668,429
hogares_cloaca,aglomerado,32,2021-01-01,99.7781,430
hogares_cloaca,aglomerado,32,2021-04-01,99.3003,386
hogares_cloaca,aglomerado,32,2021-07-01,99.3123,539
hogares_cloaca,aglomerado,32,2021-10-01,99.7905,741
hogares_cloaca,aglomerado,32,2022-01-01,99.4202,725
hogares_cloaca,aglomerado,32,2022-04-01,99.8092,850
hogares_cloaca,aglomerado,32,2022-07-01,99.5063,812
hogares_cloaca,aglomerado,32,2022-10-01,99.9341,782
hogares_cloaca,aglomerado,32,2023-01-01,99.7118,758
hogares_cloaca,aglomerado,32,2023-04-01,99.7772,723
hogares_cloaca,aglomerado,32,2023-07-01,99.9023,688
hogares_cloaca,aglomerado,32,2023-10-01,99.5146,702
hogares_cloaca,aglomerado,32,2024-01-01,99.5749,664
hogares_cloaca,aglomerado,32,2024-04-01,99.8358,633
hogares_cloaca,aglomerado,32,2024-07-01,99.5568,678
hogares_cloaca,aglomerado,32,2024-10-01,99.0595,703
hogares_cloaca,aglomerado,32,2025-01-01,99.3433,651
hogares_cloaca,aglomerado,32,2025-04-01,99.2202,668
hogares_cloaca,aglomerado,32,2025-07-01,98.7501,619
hogares_cloaca,aglomerado,32,2025-10-01,98.9775,606
hogares_cloaca,aglomerado,32,2026-01-01,99.0655,591
hogares_cloaca,aglomerado,33,2017-01-01,54.4544,2621
hogares_cloaca,aglomerado,33,2017-04-01,54.7288,2705
hogares_cloaca,aglomerado,33,2017-07-01,54.9737,2635
hogares_cloaca,aglomerado,33,2017-10-01,54.8553,2605
hogares_cloaca,aglomerado,33,2018-01-01,56.1601,2547
hogares_cloaca,aglomerado,33,2018-04-01,56.7378,2578
hogares_cloaca,aglomerado,33,2018-07-01,55.1963,2541
hogares_cloaca,aglomerado,33,2018-10-01,55.6317,2574
hogares_cloaca,aglomerado,33,2019-01-01,57.1892,2571
hogares_cloaca,aglomerado,33,2019-04-01,57.8236,2509
hogares_cloaca,aglomerado,33,2019-07-01,57.5916,2524
hogares_cloaca,aglomerado,33,2019-10-01,55.3532,2507
hogares_cloaca,aglomerado,33,2020-01-01,56.5519,2121
hogares_cloaca,aglomerado,33,2020-04-01,55.8583,1009
hogares_cloaca,aglomerado,33,2020-07-01,53.8948,1095
hogares_cloaca,aglomerado,33,2020-10-01,50.6053,1034
hogares_cloaca,aglomerado,33,2021-01-01,59.6922,1044
hogares_cloaca,aglomerado,33,2021-04-01,60.5171,1021
hogares_cloaca,aglomerado,33,2021-07-01,64.1182,1194
hogares_cloaca,aglomerado,33,2021-10-01,64.2070,1632
hogares_cloaca,aglomerado,33,2022-01-01,64.3417,1667
hogares_cloaca,aglomerado,33,2022-04-01,62.9146,1881
hogares_cloaca,aglomerado,33,2022-07-01,61.0977,1930
hogares_cloaca,aglomerado,33,2022-10-01,62.5677,1858
hogares_cloaca,aglomerado,33,2023-01-01,66.2004,1978
hogares_cloaca,aglomerado,33,2023-04-01,64.2807,1930
hogares_cloaca,aglomerado,33,2023-07-01,62.4278,1917
hogares_cloaca,aglomerado,33,2023-10-01,61.3295,1970
hogares_cloaca,aglomerado,33,2024-01-01,66.2106,1881
hogares_cloaca,aglomerado,33,2024-04-01,64.4272,1992
hogares_cloaca,aglomerado,33,2024-07-01,61.4800,2103
hogares_cloaca,aglomerado,33,2024-10-01,62.7595,2051
hogares_cloaca,aglomerado,33,2025-01-01,61.5323,1958
hogares_cloaca,aglomerado,33,2025-04-01,61.7416,1936
hogares_cloaca,aglomerado,33,2025-07-01,60.8305,2065
hogares_cloaca,aglomerado,33,2025-10-01,60.3167,1912
hogares_cloaca,aglomerado,33,2026-01-01,61.8928,1824
hogares_cloaca,aglomerado,34,2017-01-01,86.2743,451
hogares_cloaca,aglomerado,34,2017-04-01,88.1277,424
hogares_cloaca,aglomerado,34,2017-07-01,91.4446,442
hogares_cloaca,aglomerado,34,2017-10-01,88.7998,444
hogares_cloaca,aglomerado,34,2018-01-01,87.2552,450
hogares_cloaca,aglomerado,34,2018-04-01,88.5268,461
hogares_cloaca,aglomerado,34,2018-07-01,91.6425,457
hogares_cloaca,aglomerado,34,2018-10-01,90.0485,461
hogares_cloaca,aglomerado,34,2019-01-01,88.9628,476
hogares_cloaca,aglomerado,34,2019-04-01,89.9571,492
hogares_cloaca,aglomerado,34,2019-07-01,92.7810,452
hogares_cloaca,aglomerado,34,2019-10-01,90.5309,439
hogares_cloaca,aglomerado,34,2020-01-01,90.8204,402
hogares_cloaca,aglomerado,34,2020-04-01,90.7231,241
hogares_cloaca,aglomerado,34,2020-07-01,90.5809,213
hogares_cloaca,aglomerado,34,2020-10-01,89.7167,297
hogares_cloaca,aglomerado,34,2021-01-01,90.8060,346
hogares_cloaca,aglomerado,34,2021-04-01,91.4030,372
hogares_cloaca,aglomerado,34,2021-07-01,90.0807,395
hogares_cloaca,aglomerado,34,2021-10-01,91.6523,384
hogares_cloaca,aglomerado,34,2022-01-01,89.1686,383
hogares_cloaca,aglomerado,34,2022-04-01,90.2297,379
hogares_cloaca,aglomerado,34,2022-07-01,90.4958,387
hogares_cloaca,aglomerado,34,2022-10-01,90.9490,360
hogares_cloaca,aglomerado,34,2023-01-01,90.7071,377
hogares_cloaca,aglomerado,34,2023-04-01,90.6297,368
hogares_cloaca,aglomerado,34,2023-07-01,93.1834,398
hogares_cloaca,aglomerado,34,2023-10-01,93.2806,360
hogares_cloaca,aglomerado,34,2024-01-01,94.3201,363
hogares_cloaca,aglomerado,34,2024-04-01,95.4222,364
hogares_cloaca,aglomerado,34,2024-07-01,95.0068,359
hogares_cloaca,aglomerado,34,2024-10-01,92.4302,352
hogares_cloaca,aglomerado,34,2025-01-01,93.9850,311
hogares_cloaca,aglomerado,34,2025-04-01,94.1408,348
hogares_cloaca,aglomerado,34,2025-07-01,93.6035,332
hogares_cloaca,aglomerado,34,2025-10-01,91.6318,349
hogares_cloaca,aglomerado,34,2026-01-01,94.7207,341
hogares_cloaca,aglomerado,36,2017-01-01,86.4879,504
hogares_cloaca,aglomerado,36,2017-04-01,88.8501,530
hogares_cloaca,aglomerado,36,2017-07-01,87.9083,511
hogares_cloaca,aglomerado,36,2017-10-01,85.5939,501
hogares_cloaca,aglomerado,36,2018-01-01,85.8673,513
hogares_cloaca,aglomerado,36,2018-04-01,87.7617,503
hogares_cloaca,aglomerado,36,2018-07-01,89.7462,511
hogares_cloaca,aglomerado,36,2018-10-01,88.3851,518
hogares_cloaca,aglomerado,36,2019-01-01,85.3804,501
hogares_cloaca,aglomerado,36,2019-04-01,83.3437,513
hogares_cloaca,aglomerado,36,2019-07-01,85.9742,507
hogares_cloaca,aglomerado,36,2019-10-01,88.4711,504
hogares_cloaca,aglomerado,36,2020-01-01,86.2064,471
hogares_cloaca,aglomerado,36,2020-04-01,81.8121,402
hogares_cloaca,aglomerado,36,2020-07-01,82.9675,379
hogares_cloaca,aglomerado,36,2020-10-01,81.9291,337
hogares_cloaca,aglomerado,36,2021-01-01,89.1457,409
hogares_cloaca,aglomerado,36,2021-04-01,86.8947,477
hogares_cloaca,aglomerado,36,2021-07-01,85.3432,500
hogares_cloaca,aglomerado,36,2021-10-01,87.1438,492
hogares_cloaca,aglomerado,36,2022-01-01,90.0073,474
hogares_cloaca,aglomerado,36,2022-04-01,89.0036,485
hogares_cloaca,aglomerado,36,2022-07-01,87.3344,452
hogares_cloaca,aglomerado,36,2022-10-01,86.3686,439
hogares_cloaca,aglomerado,36,2023-01-01,87.5225,447
hogares_cloaca,aglomerado,36,2023-04-01,87.9914,452
hogares_cloaca,aglomerado,36,2023-07-01,83.7003,447
hogares_cloaca,aglomerado,36,2023-10-01,85.6261,460
hogares_cloaca,aglomerado,36,2024-01-01,88.8674,434
hogares_cloaca,aglomerado,36,2024-04-01,87.5238,434
hogares_cloaca,aglomerado,36,2024-07-01,83.5442,440
hogares_cloaca,aglomerado,36,2024-10-01,88.6825,441
hogares_cloaca,aglomerado,36,2025-01-01,91.9984,443
hogares_cloaca,aglomerado,36,2025-04-01,86.3115,445
hogares_cloaca,aglomerado,36,2025-07-01,82.5350,439
hogares_cloaca,aglomerado,36,2025-10-01,83.6185,455
hogares_cloaca,aglomerado,36,2026-01-01,84.2667,436
hogares_cloaca,aglomerado,38,2017-01-01,88.5355,517
hogares_cloaca,aglomerado,38,2017-04-01,88.3784,511
hogares_cloaca,aglomerado,38,2017-07-01,89.4092,508
hogares_cloaca,aglomerado,38,2017-10-01,90.1182,512
hogares_cloaca,aglomerado,38,2018-01-01,88.3882,525
hogares_cloaca,aglomerado,38,2018-04-01,88.6034,511
hogares_cloaca,aglomerado,38,2018-07-01,88.7145,506
hogares_cloaca,aglomerado,38,2018-10-01,89.4283,527
hogares_cloaca,aglomerado,38,2019-01-01,87.8214,563
hogares_cloaca,aglomerado,38,2019-04-01,88.1608,551
hogares_cloaca,aglomerado,38,2019-07-01,89.3926,541
hogares_cloaca,aglomerado,38,2019-10-01,89.0449,547
hogares_cloaca,aglomerado,38,2020-01-01,90.2190,513
hogares_cloaca,aglomerado,38,2020-04-01,92.9350,265
hogares_cloaca,aglomerado,38,2020-07-01,91.7494,351
hogares_cloaca,aglomerado,38,2020-10-01,92.5800,475
hogares_cloaca,aglomerado,38,2021-01-01,91.9885,506
hogares_cloaca,aglomerado,38,2021-04-01,93.2781,490
hogares_cloaca,aglomerado,38,2021-07-01,93.9478,540
hogares_cloaca,aglomerado,38,2021-10-01,92.8062,534
hogares_cloaca,aglomerado,38,2022-01-01,91.0549,523
hogares_cloaca,aglomerado,38,2022-04-01,93.7757,534
hogares_cloaca,aglomerado,38,2022-07-01,93.7813,513
hogares_cloaca,aglomerado,38,2022-10-01,90.2415,498
hogares_cloaca,aglomerado,38,2023-01-01,89.8071,518
hogares_cloaca,aglomerado,38,2023-04-01,91.3263,510
hogares_cloaca,aglomerado,38,2023-07-01,91.8423,533
hogares_cloaca,aglomerado,38,2023-10-01,90.7933,515
hogares_cloaca,aglomerado,38,2024-01-01,90.5242,502
hogares_cloaca,aglomerado,38,2024-04-01,91.3687,502
hogares_cloaca,aglomerado,38,2024-07-01,92.3349,520
hogares_cloaca,aglomerado,38,2024-10-01,94.0410,524
hogares_cloaca,aglomerado,38,2025-01-01,93.7355,520
hogares_cloaca,aglomerado,38,2025-04-01,92.8770,512
hogares_cloaca,aglomerado,38,2025-07-01,92.5437,496
hogares_cloaca,aglomerado,38,2025-10-01,93.4853,481
hogares_cloaca,aglomerado,38,2026-01-01,95.5220,485
hogares_cloaca,aglomerado,91,2017-01-01,91.1268,425
hogares_cloaca,aglomerado,91,2017-04-01,91.0439,453
hogares_cloaca,aglomerado,91,2017-07-01,93.9517,481
hogares_cloaca,aglomerado,91,2017-10-01,91.5507,466
hogares_cloaca,aglomerado,91,2018-01-01,87.6175,437
hogares_cloaca,aglomerado,91,2018-04-01,89.5845,453
hogares_cloaca,aglomerado,91,2018-07-01,92.4454,457
hogares_cloaca,aglomerado,91,2018-10-01,91.7993,433
hogares_cloaca,aglomerado,91,2019-01-01,90.9923,494
hogares_cloaca,aglomerado,91,2019-04-01,89.5663,489
hogares_cloaca,aglomerado,91,2019-07-01,92.2339,454
hogares_cloaca,aglomerado,91,2019-10-01,92.9170,440
hogares_cloaca,aglomerado,91,2020-01-01,93.7432,385
hogares_cloaca,aglomerado,91,2020-04-01,92.9251,226
hogares_cloaca,aglomerado,91,2020-07-01,92.9398,437
hogares_cloaca,aglomerado,91,2020-10-01,93.3507,423
hogares_cloaca,aglomerado,91,2021-01-01,96.7705,443
hogares_cloaca,aglomerado,91,2021-04-01,95.4980,456
hogares_cloaca,aglomerado,91,2021-07-01,93.5439,477
hogares_cloaca,aglomerado,91,2021-10-01,94.7219,496
hogares_cloaca,aglomerado,91,2022-01-01,93.5489,469
hogares_cloaca,aglomerado,91,2022-04-01,90.4820,433
hogares_cloaca,aglomerado,91,2022-07-01,92.5900,415
hogares_cloaca,aglomerado,91,2022-10-01,96.3943,383
hogares_cloaca,aglomerado,91,2023-01-01,94.4165,398
hogares_cloaca,aglomerado,91,2023-04-01,93.8764,413
hogares_cloaca,aglomerado,91,2023-07-01,95.7294,394
hogares_cloaca,aglomerado,91,2023-10-01,97.2450,372
hogares_cloaca,aglomerado,91,2024-01-01,96.8530,386
hogares_cloaca,aglomerado,91,2024-04-01,95.9036,400
hogares_cloaca,aglomerado,91,2024-07-01,94.5849,370
hogares_cloaca,aglomerado,91,2024-10-01,95.4516,368
hogares_cloaca,aglomerado,91,2025-01-01,96.8056,341
hogares_cloaca,aglomerado,91,2025-04-01,96.1804,367
hogares_cloaca,aglomerado,91,2025-07-01,94.1332,353
hogares_cloaca,aglomerado,91,2025-10-01,95.0304,333
hogares_cloaca,aglomerado,91,2026-01-01,95.3606,316
hogares_cloaca,aglomerado,93,2017-01-01,93.4760,407
hogares_cloaca,aglomerado,93,2017-04-01,93.9506,423
hogares_cloaca,aglomerado,93,2017-07-01,92.4472,438
hogares_cloaca,aglomerado,93,2017-10-01,93.2719,458
hogares_cloaca,aglomerado,93,2018-01-01,94.6351,454
hogares_cloaca,aglomerado,93,2018-04-01,93.6560,484
hogares_cloaca,aglomerado,93,2018-07-01,91.0449,515
hogares_cloaca,aglomerado,93,2018-10-01,94.4018,518
hogares_cloaca,aglomerado,93,2019-01-01,97.7175,544
hogares_cloaca,aglomerado,93,2019-04-01,95.8461,541
hogares_cloaca,aglomerado,93,2019-07-01,94.9378,543
hogares_cloaca,aglomerado,93,2019-10-01,95.6773,493
hogares_cloaca,aglomerado,93,2020-01-01,98.0466,399
hogares_cloaca,aglomerado,93,2020-04-01,95.8287,268
hogares_cloaca,aglomerado,93,2020-07-01,97.5093,420
hogares_cloaca,aglomerado,93,2020-10-01,96.8295,414
hogares_cloaca,aglomerado,93,2021-01-01,97.1530,419
hogares_cloaca,aglomerado,93,2021-04-01,97.9199,433
hogares_cloaca,aglomerado,93,2021-07-01,99.3484,412
hogares_cloaca,aglomerado,93,2021-10-01,98.4346,413
hogares_cloaca,aglomerado,93,2022-01-01,97.7740,413
hogares_cloaca,aglomerado,93,2022-04-01,98.7126,417
hogares_cloaca,aglomerado,93,2022-07-01,99.2978,413
hogares_cloaca,aglomerado,93,2022-10-01,99.3435,411
hogares_cloaca,aglomerado,93,2023-01-01,98.8384,404
hogares_cloaca,aglomerado,93,2023-04-01,99.2340,398
hogares_cloaca,aglomerado,93,2023-07-01,97.5622,377
hogares_cloaca,aglomerado,93,2023-10-01,97.9998,391
hogares_cloaca,aglomerado,93,2024-01-01,99.0990,395
hogares_cloaca,aglomerado,93,2024-04-01,97.8746,373
hogares_cloaca,aglomerado,93,2024-07-01,96.2584,344
hogares_cloaca,aglomerado,93,2024-10-01,97.7672,354
hogares_cloaca,aglomerado,93,2025-01-01,97.3659,343
hogares_cloaca,aglomerado,93,2025-04-01,96.3523,327
hogares_cloaca,aglomerado,93,2025-07-01,97.6498,285
hogares_cloaca,aglomerado,93,2025-10-01,98.2865,350
hogares_cloaca,aglomerado,93,2026-01-01,96.9514,364
hogares_cloaca,total,,2017-01-01,69.2423,18477
hogares_cloaca,total,,2017-04-01,69.7132,18871
hogares_cloaca,total,,2017-07-01,69.9731,18806
hogares_cloaca,total,,2017-10-01,70.1372,18793
hogares_cloaca,total,,2018-01-01,70.5789,18624
hogares_cloaca,total,,2018-04-01,70.7367,18586
hogares_cloaca,total,,2018-07-01,69.9540,18364
hogares_cloaca,total,,2018-10-01,70.0901,18616
hogares_cloaca,total,,2019-01-01,71.0124,19338
hogares_cloaca,total,,2019-04-01,71.0544,19251
hogares_cloaca,total,,2019-07-01,71.3589,18610
hogares_cloaca,total,,2019-10-01,70.5546,19035
hogares_cloaca,total,,2020-01-01,70.9395,16845
hogares_cloaca,total,,2020-04-01,70.4341,11976
hogares_cloaca,total,,2020-07-01,69.0864,13503
hogares_cloaca,total,,2020-10-01,68.8012,14442
hogares_cloaca,total,,2021-01-01,72.2665,15423
hogares_cloaca,total,,2021-04-01,72.8195,15620
hogares_cloaca,total,,2021-07-01,74.3610,16285
hogares_cloaca,total,,2021-10-01,73.9742,17037
hogares_cloaca,total,,2022-01-01,74.2022,16898
hogares_cloaca,total,,2022-04-01,73.8748,17367
hogares_cloaca,total,,2022-07-01,73.1375,16886
hogares_cloaca,total,,2022-10-01,73.5118,16740
hogares_cloaca,total,,2023-01-01,74.8205,16815
hogares_cloaca,total,,2023-04-01,74.3783,16990
hogares_cloaca,total,,2023-07-01,73.6363,16656
hogares_cloaca,total,,2023-10-01,72.8713,16462
hogares_cloaca,total,,2024-01-01,75.1169,16104
hogares_cloaca,total,,2024-04-01,74.5605,16453
hogares_cloaca,total,,2024-07-01,73.0256,16650
hogares_cloaca,total,,2024-10-01,73.3604,16511
hogares_cloaca,total,,2025-01-01,72.9235,15984
hogares_cloaca,total,,2025-04-01,73.3323,16169
hogares_cloaca,total,,2025-07-01,73.0678,15860
hogares_cloaca,total,,2025-10-01,72.7225,15534
hogares_cloaca,total,,2026-01-01,73.0256,15447
hogares_gas_red,aglomerado,2,2017-01-01,73.8610,461
hogares_gas_red,aglomerado,2,2017-04-01,71.2620,511
hogares_gas_red,aglomerado,2,2017-07-01,73.6128,489
hogares_gas_red,aglomerado,2,2017-10-01,75.9634,472
hogares_gas_red,aglomerado,2,2018-01-01,74.9979,448
hogares_gas_red,aglomerado,2,2018-04-01,75.6608,452
hogares_gas_red,aglomerado,2,2018-07-01,75.4425,410
hogares_gas_red,aglomerado,2,2018-10-01,77.3445,433
hogares_gas_red,aglomerado,2,2019-01-01,77.5520,498
hogares_gas_red,aglomerado,2,2019-04-01,77.7927,522
hogares_gas_red,aglomerado,2,2019-07-01,73.4881,498
hogares_gas_red,aglomerado,2,2019-10-01,75.9641,510
hogares_gas_red,aglomerado,2,2020-01-01,75.7885,496
hogares_gas_red,aglomerado,2,2020-04-01,75.7689,300
hogares_gas_red,aglomerado,2,2020-07-01,67.1846,205
hogares_gas_red,aglomerado,2,2020-10-01,77.6098,406
hogares_gas_red,aglomerado,2,2021-01-01,77.5307,421
hogares_gas_red,aglomerado,2,2021-04-01,74.7079,432
hogares_gas_red,aglomerado,2,2021-07-01,74.0569,418
hogares_gas_red,aglomerado,2,2021-10-01,77.8502,420
hogares_gas_red,aglomerado,2,2022-01-01,78.0148,429
hogares_gas_red,aglomerado,2,2022-04-01,75.5176,462
hogares_gas_red,aglomerado,2,2022-07-01,71.1279,409
hogares_gas_red,aglomerado,2,2022-10-01,72.1702,437
hogares_gas_red,aglomerado,2,2023-01-01,77.0922,430
hogares_gas_red,aglomerado,2,2023-04-01,76.1494,447
hogares_gas_red,aglomerado,2,2023-07-01,70.2975,464
hogares_gas_red,aglomerado,2,2023-10-01,71.0203,444
hogares_gas_red,aglomerado,2,2024-01-01,75.8827,394
hogares_gas_red,aglomerado,2,2024-04-01,74.7132,428
hogares_gas_red,aglomerado,2,2024-07-01,67.6806,482
hogares_gas_red,aglomerado,2,2024-10-01,69.5688,400
hogares_gas_red,aglomerado,2,2025-01-01,68.6720,368
hogares_gas_red,aglomerado,2,2025-04-01,70.6162,361
hogares_gas_red,aglomerado,2,2025-07-01,68.6390,393
hogares_gas_red,aglomerado,2,2025-10-01,70.0954,393
hogares_gas_red,aglomerado,2,2026-01-01,63.7674,282
hogares_gas_red,aglomerado,3,2017-01-01,85.4360,506
hogares_gas_red,aglomerado,3,2017-04-01,82.8697,500
hogares_gas_red,aglomerado,3,2017-07-01,85.0326,522
hogares_gas_red,aglomerado,3,2017-10-01,86.4486,539
hogares_gas_red,aglomerado,3,2018-01-01,84.8695,474
hogares_gas_red,aglomerado,3,2018-04-01,85.1668,472
hogares_gas_red,aglomerado,3,2018-07-01,85.6069,475
hogares_gas_red,aglomerado,3,2018-10-01,87.5694,492
hogares_gas_red,aglomerado,3,2019-01-01,87.9679,470
hogares_gas_red,aglomerado,3,2019-04-01,86.3205,489
hogares_gas_red,aglomerado,3,2019-07-01,85.4303,480
hogares_gas_red,aglomerado,3,2019-10-01,85.8125,483
hogares_gas_red,aglomerado,3,2020-01-01,85.9773,430
hogares_gas_red,aglomerado,3,2020-04-01,86.2279,263
hogares_gas_red,aglomerado,3,2020-07-01,83.9687,303
hogares_gas_red,aglomerado,3,2020-10-01,80.8322,432
hogares_gas_red,aglomerado,3,2021-01-01,85.5015,434
hogares_gas_red,aglomerado,3,2021-04-01,83.6370,430
hogares_gas_red,aglomerado,3,2021-07-01,85.1947,423
hogares_gas_red,aglomerado,3,2021-10-01,83.6675,413
hogares_gas_red,aglomerado,3,2022-01-01,85.2114,419
hogares_gas_red,aglomerado,3,2022-04-01,83.7558,454
hogares_gas_red,aglomerado,3,2022-07-01,84.7385,434
hogares_gas_red,aglomerado,3,2022-10-01,84.6292,430
hogares_gas_red,aglomerado,3,2023-01-01,81.8664,422
hogares_gas_red,aglomerado,3,2023-04-01,80.7575,444
hogares_gas_red,aglomerado,3,2023-07-01,82.7045,424
hogares_gas_red,aglomerado,3,2023-10-01,83.8791,396
hogares_gas_red,aglomerado,3,2024-01-01,80.2325,408
hogares_gas_red,aglomerado,3,2024-04-01,81.4411,413
hogares_gas_red,aglomerado,3,2024-07-01,80.8550,420
hogares_gas_red,aglomerado,3,2024-10-01,80.9559,412
hogares_gas_red,aglomerado,3,2025-01-01,81.0179,312
hogares_gas_red,aglomerado,3,2025-04-01,84.3213,303
hogares_gas_red,aglomerado,3,2025-07-01,82.9224,390
hogares_gas_red,aglomerado,3,2025-10-01,82.4371,374
hogares_gas_red,aglomerado,3,2026-01-01,79.6614,353
hogares_gas_red,aglomerado,4,2017-01-01,69.3201,691
hogares_gas_red,aglomerado,4,2017-04-01,69.1842,719
hogares_gas_red,aglomerado,4,2017-07-01,74.5271,719
hogares_gas_red,aglomerado,4,2017-10-01,73.2634,669
hogares_gas_red,aglomerado,4,2018-01-01,71.6633,702
hogares_gas_red,aglomerado,4,2018-04-01,71.1289,695
hogares_gas_red,aglomerado,4,2018-07-01,74.2685,660
hogares_gas_red,aglomerado,4,2018-10-01,73.7814,643
hogares_gas_red,aglomerado,4,2019-01-01,73.9294,659
hogares_gas_red,aglomerado,4,2019-04-01,73.0168,649
hogares_gas_red,aglomerado,4,2019-07-01,73.0959,626
hogares_gas_red,aglomerado,4,2019-10-01,72.9276,651
hogares_gas_red,aglomerado,4,2020-01-01,73.4472,619
hogares_gas_red,aglomerado,4,2020-04-01,75.1778,576
hogares_gas_red,aglomerado,4,2020-07-01,72.0602,560
hogares_gas_red,aglomerado,4,2020-10-01,68.4645,594
hogares_gas_red,aglomerado,4,2021-01-01,73.8711,639
hogares_gas_red,aglomerado,4,2021-04-01,71.7926,644
hogares_gas_red,aglomerado,4,2021-07-01,70.0858,671
hogares_gas_red,aglomerado,4,2021-10-01,71.5014,697
hogares_gas_red,aglomerado,4,2022-01-01,70.4447,731
hogares_gas_red,aglomerado,4,2022-04-01,68.6153,754
hogares_gas_red,aglomerado,4,2022-07-01,69.2111,691
hogares_gas_red,aglomerado,4,2022-10-01,68.3563,683
hogares_gas_red,aglomerado,4,2023-01-01,66.2597,702
hogares_gas_red,aglomerado,4,2023-04-01,65.2300,712
hogares_gas_red,aglomerado,4,2023-07-01,66.6221,691
hogares_gas_red,aglomerado,4,2023-10-01,66.0228,657
hogares_gas_red,aglomerado,4,2024-01-01,66.5285,640
hogares_gas_red,aglomerado,4,2024-04-01,68.9580,624
hogares_gas_red,aglomerado,4,2024-07-01,68.1277,630
hogares_gas_red,aglomerado,4,2024-10-01,65.9238,621
hogares_gas_red,aglomerado,4,2025-01-01,68.4213,594
hogares_gas_red,aglomerado,4,2025-04-01,67.3578,651
hogares_gas_red,aglomerado,4,2025-07-01,67.1032,652
hogares_gas_red,aglomerado,4,2025-10-01,67.8671,654
hogares_gas_red,aglomerado,4,2026-01-01,68.9676,641
hogares_gas_red,aglomerado,5,2017-01-01,53.6610,550
hogares_gas_red,aglomerado,5,2017-04-01,56.0118,580
hogares_gas_red,aglomerado,5,2017-07-01,55.2240,572
hogares_gas_red,aglomerado,5,2017-10-01,54.1377,572
hogares_gas_red,aglomerado,5,2018-01-01,55.9165,553
hogares_gas_red,aglomerado,5,2018-04-01,56.2471,543
hogares_gas_red,aglomerado,5,2018-07-01,58.6026,549
hogares_gas_red,aglomerado,5,2018-10-01,57.5968,552
hogares_gas_red,aglomerado,5,2019-01-01,56.8387,541
hogares_gas_red,aglomerado,5,2019-04-01,58.1309,550
hogares_gas_red,aglomerado,5,2019-07-01,58.9364,559
hogares_gas_red,aglomerado,5,2019-10-01,57.4920,549
hogares_gas_red,aglomerado,5,2020-01-01,58.1094,510
hogares_gas_red,aglomerado,5,2020-04-01,50.3050,442
hogares_gas_red,aglomerado,5,2020-07-01,49.4398,506
hogares_gas_red,aglomerado,5,2020-10-01,53.4115,537
hogares_gas_red,aglomerado,5,2021-01-01,52.6819,515
hogares_gas_red,aglomerado,5,2021-04-01,50.7220,500
hogares_gas_red,aglomerado,5,2021-07-01,52.4995,520
hogares_gas_red,aglomerado,5,2021-10-01,57.8205,499
hogares_gas_red,aglomerado,5,2022-01-01,56.3691,509
hogares_gas_red,aglomerado,5,2022-04-01,51.3465,522
hogares_gas_red,aglomerado,5,2022-07-01,53.0452,507
hogares_gas_red,aglomerado,5,2022-10-01,54.4387,518
hogares_gas_red,aglomerado,5,2023-01-01,48.9575,476
hogares_gas_red,aglomerado,5,2023-04-01,48.4645,510
hogares_gas_red,aglomerado,5,2023-07-01,48.7348,505
hogares_gas_red,aglomerado,5,2023-10-01,47.6429,500
hogares_gas_red,aglomerado,5,2024-01-01,45.2183,496
hogares_gas_red,aglomerado,5,2024-04-01,45.4436,509
hogares_gas_red,aglomerado,5,2024-07-01,45.3939,497
hogares_gas_red,aglomerado,5,2024-10-01,47.2085,502
hogares_gas_red,aglomerado,5,2025-01-01,49.3908,504
hogares_gas_red,aglomerado,5,2025-04-01,46.8834,507
hogares_gas_red,aglomerado,5,2025-07-01,48.9818,477
hogares_gas_red,aglomerado,5,2025-10-01,49.9112,497
hogares_gas_red,aglomerado,5,2026-01-01,50.1020,492
hogares_gas_red,aglomerado,6,2017-01-01,58.5597,561
hogares_gas_red,aglomerado,6,2017-04-01,60.2849,579
hogares_gas_red,aglomerado,6,2017-07-01,64.2863,604
hogares_gas_red,aglomerado,6,2017-10-01,61.9858,619
hogares_gas_red,aglomerado,6,2018-01-01,59.2492,610
hogares_gas_red,aglomerado,6,2018-04-01,60.9304,578
hogares_gas_red,aglomerado,6,2018-07-01,63.8446,573
hogares_gas_red,aglomerado,6,2018-10-01,60.8379,593
hogares_gas_red,aglomerado,6,2019-01-01,59.1371,770
hogares_gas_red,aglomerado,6,2019-04-01,58.3730,739
hogares_gas_red,aglomerado,6,2019-07-01,61.7063,717
hogares_gas_red,aglomerado,6,2019-10-01,62.5224,764
hogares_gas_red,aglomerado,6,2020-01-01,60.9056,625
hogares_gas_red,aglomerado,6,2020-04-01,58.3467,353
hogares_gas_red,aglomerado,6,2020-07-01,57.9946,398
hogares_gas_red,aglomerado,6,2020-10-01,60.6905,382
hogares_gas_red,aglomerado,6,2021-01-01,65.4952,579
hogares_gas_red,aglomerado,6,2021-04-01,66.6167,569
hogares_gas_red,aglomerado,6,2021-07-01,71.3027,598
hogares_gas_red,aglomerado,6,2021-10-01,70.5146,621
hogares_gas_red,aglomerado,6,2022-01-01,66.8558,581
hogares_gas_red,aglomerado,6,2022-04-01,70.2962,558
hogares_gas_red,aglomerado,6,2022-07-01,61.0286,429
hogares_gas_red,aglomerado,6,2022-10-01,56.7116,462
hogares_gas_red,aglomerado,6,2023-01-01,64.9544,364
hogares_gas_red,aglomerado,6,2023-04-01,61.9106,489
hogares_gas_red,aglomerado,6,2023-07-01,54.5153,512
hogares_gas_red,aglomerado,6,2023-10-01,54.5052,517
hogares_gas_red,aglomerado,6,2024-01-01,58.5859,506
hogares_gas_red,aglomerado,6,2024-04-01,56.9490,517
hogares_gas_red,aglomerado,6,2024-07-01,54.1357,506
hogares_gas_red,aglomerado,6,2024-10-01,58.4709,508
hogares_gas_red,aglomerado,6,2025-01-01,59.5222,523
hogares_gas_red,aglomerado,6,2025-04-01,57.5218,516
hogares_gas_red,aglomerado,6,2025-07-01,54.6669,503
hogares_gas_red,aglomerado,6,2025-10-01,56.3946,477
hogares_gas_red,aglomerado,6,2026-01-01,56.8653,477
hogares_gas_red,aglomerado,7,2017-01-01,0.4340,459
hogares_gas_red,aglomerado,7,2017-04-01,0.6578,460
hogares_gas_red,aglomerado,7,2017-07-01,0.2545,449
hogares_gas_red,aglomerado,7,2017-10-01,1.0276,464
hogares_gas_red,aglomerado,7,2018-01-01,0.8147,449
hogares_gas_red,aglomerado,7,2018-04-01,0.0000,445
hogares_gas_red,aglomerado,7,2018-07-01,0.6386,458
hogares_gas_red,aglomerado,7,2018-10-01,1.0712,449
hogares_gas_red,aglomerado,7,2019-01-01,0.8797,440
hogares_gas_red,aglomerado,7,2019-04-01,0.2439,444
hogares_gas_red,aglomerado,7,2019-07-01,0.8669,438
hogares_gas_red,aglomerado,7,2019-10-01,0.6242,434
hogares_gas_red,aglomerado,7,2020-01-01,0.5813,373
hogares_gas_red,aglomerado,7,2020-04-01,0.0000,246
hogares_gas_red,aglomerado,7,2020-07-01,0.3782,410
hogares_gas_red,aglomerado,7,2020-10-01,0.6969,428
hogares_gas_red,aglomerado,7,2021-01-01,0.9920,436
hogares_gas_red,aglomerado,7,2021-04-01,1.4620,422
hogares_gas_red,aglomerado,7,2021-07-01,0.9491,412
hogares_gas_red,aglomerado,7,2021-10-01,0.3301,445
hogares_gas_red,aglomerado,7,2022-01-01,0.6749,440
hogares_gas_red,aglomerado,7,2022-04-01,1.0077,445
hogares_gas_red,aglomerado,7,2022-07-01,0.3491,464
hogares_gas_red,aglomerado,7,2022-10-01,0.1224,459
hogares_gas_red,aglomerado,7,2023-01-01,0.3858,455
hogares_gas_red,aglomerado,7,2023-04-01,0.7618,481
hogares_gas_red,aglomerado,7,2023-07-01,0.5509,457
hogares_gas_red,aglomerado,7,2023-10-01,1.1488,454
hogares_gas_red,aglomerado,7,2024-01-01,1.0355,441
hogares_gas_red,aglomerado,7,2024-04-01,1.1447,454
hogares_gas_red,aglomerado,7,2024-07-01,0.7097,439
hogares_gas_red,aglomerado,7,2024-10-01,1.7042,445
hogares_gas_red,aglomerado,7,2025-01-01,1.8417,419
hogares_gas_red,aglomerado,7,2025-04-01,0.9433,424
hogares_gas_red,aglomerado,7,2025-07-01,0.7239,411
hogares_gas_red,aglomerado,7,2025-10-01,0.4782,401
hogares_gas_red,aglomerado,7,2026-01-01,0.7104,408
hogares_gas_red,aglomerado,8,2017-01-01,1.8314,376
hogares_gas_red,aglomerado,8,2017-04-01,1.3814,366
hogares_gas_red,aglomerado,8,2017-07-01,1.7912,369
hogares_gas_red,aglomerado,8,2017-10-01,2.4048,387
hogares_gas_red,aglomerado,8,2018-01-01,1.4453,438
hogares_gas_red,aglomerado,8,2018-04-01,0.4629,422
hogares_gas_red,aglomerado,8,2018-07-01,0.2978,395
hogares_gas_red,aglomerado,8,2018-10-01,0.8835,419
hogares_gas_red,aglomerado,8,2019-01-01,0.6975,474
hogares_gas_red,aglomerado,8,2019-04-01,1.2720,518
hogares_gas_red,aglomerado,8,2019-10-01,8.2543,517
hogares_gas_red,aglomerado,8,2020-01-01,4.0890,337
hogares_gas_red,aglomerado,8,2020-04-01,2.0906,137
hogares_gas_red,aglomerado,8,2020-07-01,6.5064,381
hogares_gas_red,aglomerado,8,2020-10-01,4.7206,400
hogares_gas_red,aglomerado,8,2021-01-01,4.4078,290
hogares_gas_red,aglomerado,8,2021-04-01,2.9550,319
hogares_gas_red,aglomerado,8,2021-07-01,0.4744,373
hogares_gas_red,aglomerado,8,2021-10-01,1.4794,418
hogares_gas_red,aglomerado,8,2022-01-01,2.2220,408
hogares_gas_red,aglomerado,8,2022-04-01,1.5101,428
hogares_gas_red,aglomerado,8,2022-07-01,1.1248,423
hogares_gas_red,aglomerado,8,2022-10-01,1.8262,412
hogares_gas_red,aglomerado,8,2023-01-01,1.1543,442
hogares_gas_red,aglomerado,8,2023-04-01,0.9072,462
hogares_gas_red,aglomerado,8,2023-07-01,1.5738,402
hogares_gas_red,aglomerado,8,2023-10-01,1.6087,411
hogares_gas_red,aglomerado,8,2024-01-01,0.9547,431
hogares_gas_red,aglomerado,8,2024-04-01,0.6217,428
hogares_gas_red,aglomerado,8,2024-07-01,1.6092,416
hogares_gas_red,aglomerado,8,2024-10-01,2.4466,414
hogares_gas_red,aglomerado,8,2025-01-01,1.9060,446
hogares_gas_red,aglomerado,8,2025-04-01,1.2768,431
hogares_gas_red,aglomerado,8,2025-07-01,1.4281,397
hogares_gas_red,aglomerado,8,2025-10-01,2.0075,392
hogares_gas_red,aglomerado,8,2026-01-01,1.4119,414
hogares_gas_red,aglomerado,9,2017-01-01,89.6600,405
hogares_gas_red,aglomerado,9,2017-04-01,86.4679,418
hogares_gas_red,aglomerado,9,2017-07-01,88.1075,421
hogares_gas_red,aglomerado,9,2017-10-01,90.4300,420
hogares_gas_red,aglomerado,9,2018-01-01,91.2213,400
hogares_gas_red,aglomerado,9,2018-04-01,89.1446,397
hogares_gas_red,aglomerado,9,2018-07-01,88.6122,367
hogares_gas_red,aglomerado,9,2018-10-01,90.7880,378
hogares_gas_red,aglomerado,9,2019-01-01,89.1930,394
hogares_gas_red,aglomerado,9,2019-04-01,85.2684,376
hogares_gas_red,aglomerado,9,2019-07-01,87.3971,359
hogares_gas_red,aglomerado,9,2019-10-01,90.9550,386
hogares_gas_red,aglomerado,9,2020-01-01,90.2911,344
hogares_gas_red,aglomerado,9,2020-04-01,80.7658,206
hogares_gas_red,aglomerado,9,2020-07-01,85.6727,339
hogares_gas_red,aglomerado,9,2020-10-01,89.3622,370
hogares_gas_red,aglomerado,9,2021-01-01,94.4319,378
hogares_gas_red,aglomerado,9,2021-04-01,91.3316,354
hogares_gas_red,aglomerado,9,2021-07-01,88.2662,345
hogares_gas_red,aglomerado,9,2021-10-01,90.4758,346
hogares_gas_red,aglomerado,9,2022-01-01,93.3804,344
hogares_gas_red,aglomerado,9,2022-04-01,90.7944,359
hogares_gas_red,aglomerado,9,2022-07-01,89.5247,326
hogares_gas_red,aglomerado,9,2022-10-01,92.4189,321
hogares_gas_red,aglomerado,9,2023-01-01,92.3772,342
hogares_gas_red,aglomerado,9,2023-04-01,87.9887,349
hogares_gas_red,aglomerado,9,2023-07-01,89.0979,326
hogares_gas_red,aglomerado,9,2023-10-01,90.2438,293
hogares_gas_red,aglomerado,9,2024-01-01,90.8662,293
hogares_gas_red,aglomerado,9,2024-04-01,92.5881,328
hogares_gas_red,aglomerado,9,2024-07-01,90.3477,307
hogares_gas_red,aglomerado,9,2024-10-01,92.1768,289
hogares_gas_red,aglomerado,9,2025-01-01,90.8499,299
hogares_gas_red,aglomerado,9,2025-04-01,90.3361,313
hogares_gas_red,aglomerado,9,2025-07-01,89.5843,280
hogares_gas_red,aglomerado,9,2025-10-01,91.1253,251
hogares_gas_red,aglomerado,9,2026-01-01,88.7052,261
hogares_gas_red,aglomerado,10,2017-01-01,87.9836,678
hogares_gas_red,aglomerado,10,2017-04-01,88.3934,686
hogares_gas_red,aglomerado,10,2017-07-01,89.6638,666
hogares_gas_red,aglomerado,10,2017-10-01,89.2270,678
hogares_gas_red,aglomerado,10,2018-01-01,88.2305,679
hogares_gas_red,aglomerado,10,2018-04-01,87.3737,669
hogares_gas_red,aglomerado,10,2018-07-01,88.1457,666
hogares_gas_red,aglomerado,10,2018-10-01,88.6400,660
hogares_gas_red,aglomerado,10,2019-01-01,87.6738,727
hogares_gas_red,aglomerado,10,2019-04-01,86.1556,689
hogares_gas_red,aglomerado,10,2019-07-01,85.5983,750
hogares_gas_red,aglomerado,10,2019-10-01,84.6664,736
hogares_gas_red,aglomerado,10,2020-01-01,87.1958,695
hogares_gas_red,aglomerado,10,2020-04-01,85.7822,658
hogares_gas_red,aglomerado,10,2020-07-01,85.3958,708
hogares_gas_red,aglomerado,10,2020-10-01,83.3214,716
hogares_gas_red,aglomerado,10,2021-01-01,83.9678,763
hogares_gas_red,aglomerado,10,2021-04-01,87.5781,749
hogares_gas_red,aglomerado,10,2021-07-01,87.3512,727
hogares_gas_red,aglomerado,10,2021-10-01,84.3716,736
hogares_gas_red,aglomerado,10,2022-01-01,84.9919,730
hogares_gas_red,aglomerado,10,2022-04-01,85.1166,736
hogares_gas_red,aglomerado,10,2022-07-01,83.3119,700
hogares_gas_red,aglomerado,10,2022-10-01,81.8278,676
hogares_gas_red,aglomerado,10,2023-01-01,84.2753,696
hogares_gas_red,aglomerado,10,2023-04-01,83.1780,708
hogares_gas_red,aglomerado,10,2023-07-01,82.0380,670
hogares_gas_red,aglomerado,10,2023-10-01,81.9328,650
hogares_gas_red,aglomerado,10,2024-01-01,83.6796,623
hogares_gas_red,aglomerado,10,2024-04-01,85.4481,644
hogares_gas_red,aglomerado,10,2024-07-01,85.0903,673
hogares_gas_red,aglomerado,10,2024-10-01,85.8643,637
hogares_gas_red,aglomerado,10,2025-01-01,83.9469,632
hogares_gas_red,aglomerado,10,2025-04-01,85.9311,665
hogares_gas_red,aglomerado,10,2025-07-01,86.5936,636
hogares_gas_red,aglomerado,10,2025-10-01,82.7323,610
hogares_gas_red,aglomerado,10,2026-01-01,82.2375,608
hogares_gas_red,aglomerado,12,2017-01-01,0.6065,482
hogares_gas_red,aglomerado,12,2017-04-01,1.3287,455
hogares_gas_red,aglomerado,12,2017-07-01,0.6734,444
hogares_gas_red,aglomerado,12,2017-10-01,0.2212,475
hogares_gas_red,aglomerado,12,2018-01-01,0.4873,418
hogares_gas_red,aglomerado,12,2018-04-01,1.3291,440
hogares_gas_red,aglomerado,12,2018-07-01,1.5121,455
hogares_gas_red,aglomerado,12,2018-10-01,1.4561,459
hogares_gas_red,aglomerado,12,2019-01-01,2.3919,422
hogares_gas_red,aglomerado,12,2019-04-01,3.4023,424
hogares_gas_red,aglomerado,12,2019-07-01,6.6934,439
hogares_gas_red,aglomerado,12,2019-10-01,4.2463,438
hogares_gas_red,aglomerado,12,2020-01-01,1.7900,382
hogares_gas_red,aglomerado,12,2020-04-01,1.0384,351
hogares_gas_red,aglomerado,12,2020-07-01,4.1833,442
hogares_gas_red,aglomerado,12,2020-10-01,2.5814,414
hogares_gas_red,aglomerado,12,2021-01-01,1.6555,387
hogares_gas_red,aglomerado,12,2021-04-01,3.1223,406
hogares_gas_red,aglomerado,12,2021-07-01,1.6984,381
hogares_gas_red,aglomerado,12,2021-10-01,0.6966,375
hogares_gas_red,aglomerado,12,2022-01-01,1.6430,336
hogares_gas_red,aglomerado,12,2022-04-01,1.8651,362
hogares_gas_red,aglomerado,12,2022-07-01,0.4790,398
hogares_gas_red,aglomerado,12,2022-10-01,0.4057,362
hogares_gas_red,aglomerado,12,2023-01-01,1.9644,363
hogares_gas_red,aglomerado,12,2023-04-01,1.1855,367
hogares_gas_red,aglomerado,12,2023-07-01,0.7259,344
hogares_gas_red,aglomerado,12,2023-10-01,0.5010,329
hogares_gas_red,aglomerado,12,2024-01-01,1.4570,335
hogares_gas_red,aglomerado,12,2024-04-01,1.4242,351
hogares_gas_red,aglomerado,12,2024-07-01,0.8695,353
hogares_gas_red,aglomerado,12,2024-10-01,1.4304,346
hogares_gas_red,aglomerado,12,2025-01-01,0.8193,344
hogares_gas_red,aglomerado,12,2025-04-01,0.7986,329
hogares_gas_red,aglomerado,12,2025-07-01,0.2578,302
hogares_gas_red,aglomerado,12,2025-10-01,0.4717,320
hogares_gas_red,aglomerado,12,2026-01-01,1.4396,330
hogares_gas_red,aglomerado,13,2017-01-01,67.3476,745
hogares_gas_red,aglomerado,13,2017-04-01,66.8171,800
hogares_gas_red,aglomerado,13,2017-07-01,65.9487,787
hogares_gas_red,aglomerado,13,2017-10-01,64.5921,779
hogares_gas_red,aglomerado,13,2018-01-01,66.4736,787
hogares_gas_red,aglomerado,13,2018-04-01,65.3080,812
hogares_gas_red,aglomerado,13,2018-07-01,63.6559,812
hogares_gas_red,aglomerado,13,2018-10-01,66.2618,819
hogares_gas_red,aglomerado,13,2019-01-01,66.7751,824
hogares_gas_red,aglomerado,13,2019-04-01,66.3198,809
hogares_gas_red,aglomerado,13,2019-07-01,65.7748,827
hogares_gas_red,aglomerado,13,2019-10-01,67.4035,794
hogares_gas_red,aglomerado,13,2020-01-01,64.9724,733
hogares_gas_red,aglomerado,13,2020-04-01,62.0329,571
hogares_gas_red,aglomerado,13,2020-07-01,57.4419,488
hogares_gas_red,aglomerado,13,2020-10-01,66.4925,405
hogares_gas_red,aglomerado,13,2021-01-01,65.2943,556
hogares_gas_red,aglomerado,13,2021-04-01,62.4833,709
hogares_gas_red,aglomerado,13,2021-07-01,63.8903,743
hogares_gas_red,aglomerado,13,2021-10-01,63.0452,770
hogares_gas_red,aglomerado,13,2022-01-01,63.5418,752
hogares_gas_red,aglomerado,13,2022-04-01,66.6642,763
hogares_gas_red,aglomerado,13,2022-07-01,65.8073,761
hogares_gas_red,aglomerado,13,2022-10-01,63.8840,788
hogares_gas_red,aglomerado,13,2023-01-01,65.5417,796
hogares_gas_red,aglomerado,13,2023-04-01,68.8495,779
hogares_gas_red,aglomerado,13,2023-07-01,65.4088,766
hogares_gas_red,aglomerado,13,2023-10-01,65.9770,771
hogares_gas_red,aglomerado,13,2024-01-01,63.6960,778
hogares_gas_red,aglomerado,13,2024-04-01,66.5121,765
hogares_gas_red,aglomerado,13,2024-07-01,65.1847,753
hogares_gas_red,aglomerado,13,2024-10-01,62.2172,805
hogares_gas_red,aglomerado,13,2025-01-01,58.7850,778
hogares_gas_red,aglomerado,13,2025-04-01,63.5401,751
hogares_gas_red,aglomerado,13,2025-07-01,66.1317,741
hogares_gas_red,aglomerado,13,2025-10-01,60.1418,737
hogares_gas_red,aglomerado,13,2026-01-01,59.9554,732
hogares_gas_red,aglomerado,14,2017-01-01,24.8630,442
hogares_gas_red,aglomerado,14,2017-04-01,23.4341,447
hogares_gas_red,aglomerado,14,2017-07-01,24.6526,451
hogares_gas_red,aglomerado,14,2017-10-01,27.7908,445
hogares_gas_red,aglomerado,14,2018-01-01,28.9278,447
hogares_gas_red,aglomerado,14,2018-04-01,28.9185,442
hogares_gas_red,aglomerado,14,2018-07-01,27.4058,440
hogares_gas_red,aglomerado,14,2018-10-01,27.3149,441
hogares_gas_red,aglomerado,14,2019-01-01,22.7792,602
hogares_gas_red,aglomerado,14,2019-04-01,21.7015,604
hogares_gas_red,aglomerado,14,2019-07-01,20.8723,608
hogares_gas_red,aglomerado,14,2019-10-01,21.5549,594
hogares_gas_red,aglomerado,14,2020-01-01,23.0897,480
hogares_gas_red,aglomerado,14,2020-04-01,22.2732,356
hogares_gas_red,aglomerado,14,2020-07-01,20.2191,500
hogares_gas_red,aglomerado,14,2020-10-01,21.8369,513
hogares_gas_red,aglomerado,14,2021-01-01,25.7779,540
hogares_gas_red,aglomerado,14,2021-04-01,22.6958,424
hogares_gas_red,aglomerado,14,2021-07-01,23.0208,509
hogares_gas_red,aglomerado,14,2021-10-01,25.3236,504
hogares_gas_red,aglomerado,14,2022-01-01,26.4033,511
hogares_gas_red,aglomerado,14,2022-04-01,23.0744,512
hogares_gas_red,aglomerado,14,2022-07-01,22.5528,501
hogares_gas_red,aglomerado,14,2022-10-01,26.0194,453
hogares_gas_red,aglomerado,14,2023-01-01,24.6486,458
hogares_gas_red,aglomerado,14,2023-04-01,22.2920,476
hogares_gas_red,aglomerado,14,2023-07-01,17.5947,433
hogares_gas_red,aglomerado,14,2023-10-01,16.4037,437
hogares_gas_red,aglomerado,14,2024-01-01,20.7366,434
hogares_gas_red,aglomerado,14,2024-04-01,19.2964,428
hogares_gas_red,aglomerado,14,2024-07-01,19.5631,431
hogares_gas_red,aglomerado,14,2024-10-01,20.0231,433
hogares_gas_red,aglomerado,14,2025-01-01,20.0979,458
hogares_gas_red,aglomerado,14,2025-04-01,22.3587,503
hogares_gas_red,aglomerado,14,2025-07-01,23.0956,483
hogares_gas_red,aglomerado,14,2025-10-01,23.1639,474
hogares_gas_red,aglomerado,14,2026-01-01,21.9859,473
hogares_gas_red,aglomerado,15,2017-01-01,0.2714,438
hogares_gas_red,aglomerado,15,2017-04-01,0.2324,410
hogares_gas_red,aglomerado,15,2017-07-01,0.4825,410
hogares_gas_red,aglomerado,15,2017-10-01,0.2339,440
hogares_gas_red,aglomerado,15,2018-01-01,1.0124,457
hogares_gas_red,aglomerado,15,2018-04-01,1.0635,426
hogares_gas_red,aglomerado,15,2018-07-01,0.8846,410
hogares_gas_red,aglomerado,15,2018-10-01,1.0889,445
hogares_gas_red,aglomerado,15,2019-01-01,0.9186,403
hogares_gas_red,aglomerado,15,2019-04-01,0.8756,409
hogares_gas_red,aglomerado,15,2019-07-01,0.9044,412
hogares_gas_red,aglomerado,15,2019-10-01,1.0819,435
hogares_gas_red,aglomerado,15,2020-01-01,0.4436,411
hogares_gas_red,aglomerado,15,2020-04-01,0.3029,430
hogares_gas_red,aglomerado,15,2020-07-01,0.1841,436
hogares_gas_red,aglomerado,15,2020-10-01,0.1937,455
hogares_gas_red,aglomerado,15,2021-01-01,0.2519,432
hogares_gas_red,aglomerado,15,2021-04-01,0.4157,404
hogares_gas_red,aglomerado,15,2021-07-01,1.3264,404
hogares_gas_red,aglomerado,15,2021-10-01,0.5102,428
hogares_gas_red,aglomerado,15,2022-01-01,0.8764,433
hogares_gas_red,aglomerado,15,2022-04-01,0.6753,425
hogares_gas_red,aglomerado,15,2022-07-01,1.0127,403
hogares_gas_red,aglomerado,15,2022-10-01,1.0594,428
hogares_gas_red,aglomerado,15,2023-01-01,0.6308,437
hogares_gas_red,aglomerado,15,2023-04-01,0.4993,424
hogares_gas_red,aglomerado,15,2023-07-01,0.5115,421
hogares_gas_red,aglomerado,15,2023-10-01,2.6840,362
hogares_gas_red,aglomerado,15,2024-01-01,3.4462,431
hogares_gas_red,aglomerado,15,2024-04-01,2.5871,449
hogares_gas_red,aglomerado,15,2024-07-01,2.0338,445
hogares_gas_red,aglomerado,15,2024-10-01,1.8148,418
hogares_gas_red,aglomerado,15,2025-01-01,2.6852,345
hogares_gas_red,aglomerado,15,2025-04-01,3.8485,374
hogares_gas_red,aglomerado,15,2025-07-01,2.6483,316
hogares_gas_red,aglomerado,15,2025-10-01,2.0379,273
hogares_gas_red,aglomerado,15,2026-01-01,4.0673,356
hogares_gas_red,aglomerado,17,2017-01-01,93.8098,350
hogares_gas_red,aglomerado,17,2017-04-01,94.3769,390
hogares_gas_red,aglomerado,17,2017-07-01,95.1309,366
hogares_gas_red,aglomerado,17,2017-10-01,95.7178,357
hogares_gas_red,aglomerado,17,2018-01-01,95.7217,360
hogares_gas_red,aglomerado,17,2018-04-01,97.5386,364
hogares_gas_red,aglomerado,17,2018-07-01,95.1349,377
hogares_gas_red,aglomerado,17,2018-10-01,98.1292,391
hogares_gas_red,aglomerado,17,2019-01-01,96.8712,380
hogares_gas_red,aglomerado,17,2019-04-01,94.8092,400
hogares_gas_red,aglomerado,17,2019-07-01,94.6099,403
hogares_gas_red,aglomerado,17,2019-10-01,96.1910,390
hogares_gas_red,aglomerado,17,2020-01-01,94.9663,351
hogares_gas_red,aglomerado,17,2020-04-01,98.6260,198
hogares_gas_red,aglomerado,17,2020-07-01,95.1893,304
hogares_gas_red,aglomerado,17,2020-10-01,92.1378,280
hogares_gas_red,aglomerado,17,2021-01-01,95.8413,365
hogares_gas_red,aglomerado,17,2021-04-01,96.0760,407
hogares_gas_red,aglomerado,17,2021-07-01,96.8641,382
hogares_gas_red,aglomerado,17,2021-10-01,95.7984,416
hogares_gas_red,aglomerado,17,2022-01-01,92.6451,403
hogares_gas_red,aglomerado,17,2022-04-01,94.0621,385
hogares_gas_red,aglomerado,17,2022-07-01,96.0131,363
hogares_gas_red,aglomerado,17,2022-10-01,96.1770,407
hogares_gas_red,aglomerado,17,2023-01-01,93.0193,451
hogares_gas_red,aglomerado,17,2023-04-01,92.1694,462
hogares_gas_red,aglomerado,17,2023-07-01,93.5665,462
hogares_gas_red,aglomerado,17,2023-10-01,93.8935,449
hogares_gas_red,aglomerado,17,2024-01-01,92.9300,441
hogares_gas_red,aglomerado,17,2024-04-01,91.8078,444
hogares_gas_red,aglomerado,17,2024-07-01,91.6142,434
hogares_gas_red,aglomerado,17,2024-10-01,94.7804,452
hogares_gas_red,aglomerado,17,2025-01-01,92.9589,445
hogares_gas_red,aglomerado,17,2025-04-01,89.1764,411
hogares_gas_red,aglomerado,17,2025-07-01,91.1829,407
hogares_gas_red,aglomerado,17,2025-10-01,94.4155,392
hogares_gas_red,aglomerado,17,2026-01-01,94.0616,427
hogares_gas_red,aglomerado,18,2017-01-01,39.2977,449
hogares_gas_red,aglomerado,18,2017-04-01,47.8703,459
hogares_gas_red,aglomerado,18,2017-07-01,49.7487,425
hogares_gas_red,aglomerado,18,2017-10-01,52.9842,425
hogares_gas_red,aglomerado,18,2018-01-01,49.8602,452
hogares_gas_red,aglomerado,18,2018-04-01,47.4323,472
hogares_gas_red,aglomerado,18,2018-07-01,50.1066,452
hogares_gas_red,aglomerado,18,2018-10-01,51.3704,456
hogares_gas_red,aglomerado,18,2019-01-01,46.7071,500
hogares_gas_red,aglomerado,18,2019-04-01,51.0047,512
hogares_gas_red,aglomerado,18,2019-07-01,50.9375,501
hogares_gas_red,aglomerado,18,2019-10-01,46.5454,497
hogares_gas_red,aglomerado,18,2020-01-01,46.1639,456
hogares_gas_red,aglomerado,18,2020-04-01,49.7741,356
hogares_gas_red,aglomerado,18,2020-07-01,51.9828,451
hogares_gas_red,aglomerado,18,2020-10-01,50.4098,428
hogares_gas_red,aglomerado,18,2021-01-01,45.7802,457
hogares_gas_red,aglomerado,18,2021-04-01,51.3479,459
hogares_gas_red,aglomerado,18,2021-07-01,52.1649,481
hogares_gas_red,aglomerado,18,2021-10-01,50.7360,491
hogares_gas_red,aglomerado,18,2022-01-01,49.1798,468
hogares_gas_red,aglomerado,18,2022-04-01,52.0575,464
hogares_gas_red,aglomerado,18,2022-07-01,51.8757,462
hogares_gas_red,aglomerado,18,2022-10-01,51.7770,460
hogares_gas_red,aglomerado,18,2023-01-01,52.9347,426
hogares_gas_red,aglomerado,18,2023-04-01,53.3287,447
hogares_gas_red,aglomerado,18,2023-07-01,52.4842,458
hogares_gas_red,aglomerado,18,2023-10-01,51.3657,420
hogares_gas_red,aglomerado,18,2024-01-01,52.5297,399
hogares_gas_red,aglomerado,18,2024-04-01,54.4049,406
hogares_gas_red,aglomerado,18,2024-07-01,53.1509,423
hogares_gas_red,aglomerado,18,2024-10-01,47.8830,428
hogares_gas_red,aglomerado,18,2025-01-01,48.8896,403
hogares_gas_red,aglomerado,18,2025-04-01,54.2950,400
hogares_gas_red,aglomerado,18,2025-07-01,53.6288,422
hogares_gas_red,aglomerado,18,2025-10-01,53.9341,415
hogares_gas_red,aglomerado,18,2026-01-01,53.5754,401
hogares_gas_red,aglomerado,19,2017-01-01,59.2567,495
hogares_gas_red,aglomerado,19,2017-04-01,58.6869,505
hogares_gas_red,aglomerado,19,2017-07-01,55.1891,500
hogares_gas_red,aglomerado,19,2017-10-01,56.6209,523
hogares_gas_red,aglomerado,19,2018-01-01,59.4925,545
hogares_gas_red,aglomerado,19,2018-04-01,58.0656,523
hogares_gas_red,aglomerado,19,2018-07-01,59.2005,510
hogares_gas_red,aglomerado,19,2018-10-01,58.4490,535
hogares_gas_red,aglomerado,19,2019-01-01,56.3642,543
hogares_gas_red,aglomerado,19,2019-04-01,56.6736,513
hogares_gas_red,aglomerado,19,2019-07-01,60.0622,515
hogares_gas_red,aglomerado,19,2019-10-01,51.4867,518
hogares_gas_red,aglomerado,19,2020-01-01,50.6879,515
hogares_gas_red,aglomerado,19,2020-04-01,50.6957,499
hogares_gas_red,aglomerado,19,2020-07-01,45.9614,506
hogares_gas_red,aglomerado,19,2020-10-01,44.2302,511
hogares_gas_red,aglomerado,19,2021-01-01,49.9842,532
hogares_gas_red,aglomerado,19,2021-04-01,57.6094,545
hogares_gas_red,aglomerado,19,2021-07-01,55.8050,537
hogares_gas_red,aglomerado,19,2021-10-01,48.6020,528
hogares_gas_red,aglomerado,19,2022-01-01,50.9784,517
hogares_gas_red,aglomerado,19,2022-04-01,57.6418,520
hogares_gas_red,aglomerado,19,2022-07-01,58.8802,505
hogares_gas_red,aglomerado,19,2022-10-01,50.4353,483
hogares_gas_red,aglomerado,19,2023-01-01,48.3639,502
hogares_gas_red,aglomerado,19,2023-04-01,45.9279,503
hogares_gas_red,aglomerado,19,2023-07-01,47.8872,507
hogares_gas_red,aglomerado,19,2023-10-01,56.1163,483
hogares_gas_red,aglomerado,19,2024-01-01,51.0396,461
hogares_gas_red,aglomerado,19,2024-04-01,45.5087,471
hogares_gas_red,aglomerado,19,2024-07-01,48.7145,488
hogares_gas_red,aglomerado,19,2024-10-01,53.7902,484
hogares_gas_red,aglomerado,19,2025-01-01,52.7816,471
hogares_gas_red,aglomerado,19,2025-04-01,48.6844,467
hogares_gas_red,aglomerado,19,2025-07-01,51.0985,486
hogares_gas_red,aglomerado,19,2025-10-01,48.1387,474
hogares_gas_red,aglomerado,19,2026-01-01,50.4467,450
hogares_gas_red,aglomerado,20,2017-01-01,100.0000,328
hogares_gas_red,aglomerado,20,2017-04-01,99.4551,320
hogares_gas_red,aglomerado,20,2017-07-01,99.4821,325
hogares_gas_red,aglomerado,20,2017-10-01,100.0000,332
hogares_gas_red,aglomerado,20,2018-01-01,100.0000,325
hogares_gas_red,aglomerado,20,2018-04-01,98.8834,309
hogares_gas_red,aglomerado,20,2018-07-01,99.4781,293
hogares_gas_red,aglomerado,20,2018-10-01,100.0000,324
hogares_gas_red,aglomerado,20,2019-01-01,99.7439,330
hogares_gas_red,aglomerado,20,2019-04-01,97.5023,316
hogares_gas_red,aglomerado,20,2019-07-01,97.8578,299
hogares_gas_red,aglomerado,20,2019-10-01,99.7009,346
hogares_gas_red,aglomerado,20,2020-01-01,99.6525,306
hogares_gas_red,aglomerado,20,2020-04-01,99.5550,277
hogares_gas_red,aglomerado,20,2020-07-01,100.0000,189
hogares_gas_red,aglomerado,20,2020-10-01,99.7597,259
hogares_gas_red,aglomerado,20,2021-01-01,99.3546,334
hogares_gas_red,aglomerado,20,2021-04-01,98.4490,313
hogares_gas_red,aglomerado,20,2021-07-01,98.5269,308
hogares_gas_red,aglomerado,20,2021-10-01,99.7065,304
hogares_gas_red,aglomerado,20,2022-01-01,98.9839,299
hogares_gas_red,aglomerado,20,2022-04-01,98.4130,301
hogares_gas_red,aglomerado,20,2022-07-01,99.3568,271
hogares_gas_red,aglomerado,20,2022-10-01,99.3902,248
hogares_gas_red,aglomerado,20,2023-01-01,97.5356,266
hogares_gas_red,aglomerado,20,2023-04-01,98.2459,272
hogares_gas_red,aglomerado,20,2023-07-01,99.7139,252
hogares_gas_red,aglomerado,20,2023-10-01,100.0000,285
hogares_gas_red,aglomerado,20,2024-01-01,98.7729,258
hogares_gas_red,aglomerado,20,2024-04-01,99.5135,253
hogares_gas_red,aglomerado,20,2024-07-01,100.0000,277
hogares_gas_red,aglomerado,20,2024-10-01,99.7752,286
hogares_gas_red,aglomerado,20,2025-01-01,99.7238,259
hogares_gas_red,aglomerado,20,2025-04-01,100.0000,276
hogares_gas_red,aglomerado,20,2025-07-01,99.4774,268
hogares_gas_red,aglomerado,20,2025-10-01,98.7660,279
hogares_gas_red,aglomerado,20,2026-01-01,99.6798,285
hogares_gas_red,aglomerado,22,2017-01-01,36.9601,526
hogares_gas_red,aglomerado,22,2017-04-01,39.3079,541
hogares_gas_red,aglomerado,22,2017-07-01,36.3345,523
hogares_gas_red,aglomerado,22,2017-10-01,36.1064,514
hogares_gas_red,aglomerado,22,2018-01-01,37.1544,517
hogares_gas_red,aglomerado,22,2018-04-01,37.2638,530
hogares_gas_red,aglomerado,22,2018-07-01,35.8701,521
hogares_gas_red,aglomerado,22,2018-10-01,35.3791,498
hogares_gas_red,aglomerado,22,2019-01-01,35.7158,510
hogares_gas_red,aglomerado,22,2019-04-01,35.9503,519
hogares_gas_red,aglomerado,22,2019-07-01,35.4487,506
hogares_gas_red,aglomerado,22,2019-10-01,34.1131,485
hogares_gas_red,aglomerado,22,2020-01-01,34.5336,476
hogares_gas_red,aglomerado,22,2020-04-01,32.6575,438
hogares_gas_red,aglomerado,22,2020-07-01,31.8277,441
hogares_gas_red,aglomerado,22,2020-10-01,27.6483,436
hogares_gas_red,aglomerado,22,2021-01-01,34.0791,446
hogares_gas_red,aglomerado,22,2021-04-01,35.6962,448
hogares_gas_red,aglomerado,22,2021-07-01,33.7139,442
hogares_gas_red,aglomerado,22,2021-10-01,31.9016,427
hogares_gas_red,aglomerado,22,2022-01-01,29.9177,445
hogares_gas_red,aglomerado,22,2022-04-01,31.1505,445
hogares_gas_red,aglomerado,22,2022-07-01,35.3088,443
hogares_gas_red,aglomerado,22,2022-10-01,31.1379,456
hogares_gas_red,aglomerado,22,2023-01-01,23.9016,441
hogares_gas_red,aglomerado,22,2023-04-01,30.1162,450
hogares_gas_red,aglomerado,22,2023-07-01,35.2860,444
hogares_gas_red,aglomerado,22,2023-10-01,27.8413,446
hogares_gas_red,aglomerado,22,2024-01-01,25.2779,428
hogares_gas_red,aglomerado,22,2024-04-01,29.6517,464
hogares_gas_red,aglomerado,22,2024-07-01,31.1580,471
hogares_gas_red,aglomerado,22,2024-10-01,29.1825,461
hogares_gas_red,aglomerado,22,2025-01-01,28.2312,452
hogares_gas_red,aglomerado,22,2025-04-01,29.3150,456
hogares_gas_red,aglomerado,22,2025-07-01,29.3502,458
hogares_gas_red,aglomerado,22,2025-10-01,30.6072,427
hogares_gas_red,aglomerado,22,2026-01-01,29.3757,429
hogares_gas_red,aglomerado,23,2017-01-01,74.6100,734
hogares_gas_red,aglomerado,23,2017-04-01,74.7239,723
hogares_gas_red,aglomerado,23,2017-07-01,73.6496,750
hogares_gas_red,aglomerado,23,2017-10-01,71.4457,767
hogares_gas_red,aglomerado,23,2018-01-01,69.5895,792
hogares_gas_red,aglomerado,23,2018-04-01,69.5797,760
hogares_gas_red,aglomerado,23,2018-07-01,71.1567,747
hogares_gas_red,aglomerado,23,2018-10-01,70.2560,769
hogares_gas_red,aglomerado,23,2019-01-01,70.6369,749
hogares_gas_red,aglomerado,23,2019-04-01,71.2253,725
hogares_gas_red,aglomerado,23,2019-07-01,72.6792,751
hogares_gas_red,aglomerado,23,2019-10-01,74.9147,762
hogares_gas_red,aglomerado,23,2020-01-01,72.6016,684
hogares_gas_red,aglomerado,23,2020-04-01,72.6088,541
hogares_gas_red,aglomerado,23,2020-07-01,74.4429,628
hogares_gas_red,aglomerado,23,2020-10-01,76.4409,615
hogares_gas_red,aglomerado,23,2021-01-01,72.2570,717
hogares_gas_red,aglomerado,23,2021-04-01,73.4224,713
hogares_gas_red,aglomerado,23,2021-07-01,74.8151,712
hogares_gas_red,aglomerado,23,2021-10-01,76.2715,673
hogares_gas_red,aglomerado,23,2022-01-01,74.3460,659
hogares_gas_red,aglomerado,23,2022-04-01,73.1643,666
hogares_gas_red,aglomerado,23,2022-07-01,72.7817,646
hogares_gas_red,aglomerado,23,2022-10-01,71.4038,661
hogares_gas_red,aglomerado,23,2023-01-01,69.1352,632
hogares_gas_red,aglomerado,23,2023-04-01,71.6173,618
hogares_gas_red,aglomerado,23,2023-07-01,70.6004,586
hogares_gas_red,aglomerado,23,2023-10-01,70.7411,632
hogares_gas_red,aglomerado,23,2024-01-01,69.7809,595
hogares_gas_red,aglomerado,23,2024-04-01,70.2368,577
hogares_gas_red,aglomerado,23,2024-07-01,71.2300,580
hogares_gas_red,aglomerado,23,2024-10-01,71.1637,600
hogares_gas_red,aglomerado,23,2025-01-01,73.9563,592
hogares_gas_red,aglomerado,23,2025-04-01,71.4439,595
hogares_gas_red,aglomerado,23,2025-07-01,70.4112,550
hogares_gas_red,aglomerado,23,2025-10-01,72.2494,573
hogares_gas_red,aglomerado,23,2026-01-01,76.4803,604
hogares_gas_red,aglomerado,25,2017-01-01,29.3058,490
hogares_gas_red,aglomerado,25,2017-04-01,28.7748,480
hogares_gas_red,aglomerado,25,2017-07-01,28.0681,480
hogares_gas_red,aglomerado,25,2017-10-01,27.1601,490
hogares_gas_red,aglomerado,25,2018-01-01,30.3926,499
hogares_gas_red,aglomerado,25,2018-04-01,27.4483,491
hogares_gas_red,aglomerado,25,2018-07-01,26.1613,479
hogares_gas_red,aglomerado,25,2018-10-01,29.3361,482
hogares_gas_red,aglomerado,25,2019-01-01,28.4091,505
hogares_gas_red,aglomerado,25,2019-04-01,26.2473,520
hogares_gas_red,aglomerado,25,2019-07-01,25.3043,507
hogares_gas_red,aglomerado,25,2019-10-01,27.6342,493
hogares_gas_red,aglomerado,25,2020-01-01,29.7748,418
hogares_gas_red,aglomerado,25,2020-04-01,18.2364,380
hogares_gas_red,aglomerado,25,2020-07-01,21.6427,466
hogares_gas_red,aglomerado,25,2020-10-01,27.9239,485
hogares_gas_red,aglomerado,25,2021-01-01,26.8439,473
hogares_gas_red,aglomerado,25,2021-04-01,24.5323,475
hogares_gas_red,aglomerado,25,2021-07-01,26.5955,481
hogares_gas_red,aglomerado,25,2021-10-01,28.0645,452
hogares_gas_red,aglomerado,25,2022-01-01,26.9047,458
hogares_gas_red,aglomerado,25,2022-04-01,28.1436,457
hogares_gas_red,aglomerado,25,2022-07-01,27.5545,452
hogares_gas_red,aglomerado,25,2022-10-01,24.9021,491
hogares_gas_red,aglomerado,25,2023-01-01,24.2546,480
hogares_gas_red,aglomerado,25,2023-04-01,23.4916,467
hogares_gas_red,aglomerado,25,2023-07-01,22.2807,451
hogares_gas_red,aglomerado,25,2023-10-01,23.5449,447
hogares_gas_red,aglomerado,25,2024-01-01,23.0489,433
hogares_gas_red,aglomerado,25,2024-04-01,22.6764,437
hogares_gas_red,aglomerado,25,2024-07-01,22.5238,426
hogares_gas_red,aglomerado,25,2024-10-01,23.7162,435
hogares_gas_red,aglomerado,25,2025-01-01,19.6167,446
hogares_gas_red,aglomerado,25,2025-04-01,20.0768,429
hogares_gas_red,aglomerado,25,2025-07-01,24.1813,429
hogares_gas_red,aglomerado,25,2025-10-01,21.7954,420
hogares_gas_red,aglomerado,25,2026-01-01,16.2957,428
hogares_gas_red,aglomerado,26,2017-01-01,83.1305,494
hogares_gas_red,aglomerado,26,2017-04-01,82.4036,491
hogares_gas_red,aglomerado,26,2017-07-01,80.9006,488
hogares_gas_red,aglomerado,26,2017-10-01,79.1110,504
hogares_gas_red,aglomerado,26,2018-01-01,79.4044,506
hogares_gas_red,aglomerado,26,2018-04-01,77.5290,501
hogares_gas_red,aglomerado,26,2018-07-01,77.9656,501
hogares_gas_red,aglomerado,26,2018-10-01,79.9679,496
hogares_gas_red,aglomerado,26,2019-01-01,79.0027,510
hogares_gas_red,aglomerado,26,2019-04-01,78.8893,516
hogares_gas_red,aglomerado,26,2019-07-01,80.0530,511
hogares_gas_red,aglomerado,26,2019-10-01,80.0772,500
hogares_gas_red,aglomerado,26,2020-01-01,80.6412,384
hogares_gas_red,aglomerado,26,2020-04-01,76.2035,373
hogares_gas_red,aglomerado,26,2020-07-01,77.8187,472
hogares_gas_red,aglomerado,26,2020-10-01,78.2116,455
hogares_gas_red,aglomerado,26,2021-01-01,80.8451,462
hogares_gas_red,aglomerado,26,2021-04-01,79.2974,444
hogares_gas_red,aglomerado,26,2021-07-01,81.2062,472
hogares_gas_red,aglomerado,26,2021-10-01,79.6319,471
hogares_gas_red,aglomerado,26,2022-01-01,78.7258,476
hogares_gas_red,aglomerado,26,2022-04-01,76.7315,461
hogares_gas_red,aglomerado,26,2022-07-01,76.4120,466
hogares_gas_red,aglomerado,26,2022-10-01,77.7922,475
hogares_gas_red,aglomerado,26,2023-01-01,73.2587,460
hogares_gas_red,aglomerado,26,2023-04-01,75.4377,448
hogares_gas_red,aglomerado,26,2023-07-01,76.7204,456
hogares_gas_red,aglomerado,26,2023-10-01,74.2010,457
hogares_gas_red,aglomerado,26,2024-01-01,74.7841,441
hogares_gas_red,aglomerado,26,2024-04-01,77.1484,432
hogares_gas_red,aglomerado,26,2024-07-01,79.3916,454
hogares_gas_red,aglomerado,26,2024-10-01,78.5429,425
hogares_gas_red,aglomerado,26,2025-01-01,77.3412,437
hogares_gas_red,aglomerado,26,2025-04-01,75.2034,448
hogares_gas_red,aglomerado,26,2025-07-01,75.9021,412
hogares_gas_red,aglomerado,26,2025-10-01,79.1946,420
hogares_gas_red,aglomerado,26,2026-01-01,77.3371,430
hogares_gas_red,aglomerado,27,2017-01-01,72.9301,509
hogares_gas_red,aglomerado,27,2017-04-01,77.0972,562
hogares_gas_red,aglomerado,27,2017-07-01,75.5761,584
hogares_gas_red,aglomerado,27,2017-10-01,72.8681,566
hogares_gas_red,aglomerado,27,2018-01-01,71.4168,514
hogares_gas_red,aglomerado,27,2018-04-01,73.1658,499
hogares_gas_red,aglomerado,27,2018-07-01,76.6883,537
hogares_gas_red,aglomerado,27,2018-10-01,74.8611,512
hogares_gas_red,aglomerado,27,2019-01-01,73.7101,597
hogares_gas_red,aglomerado,27,2019-04-01,70.8689,562
hogares_gas_red,aglomerado,27,2019-07-01,71.4661,576
hogares_gas_red,aglomerado,27,2019-10-01,74.7296,605
hogares_gas_red,aglomerado,27,2020-01-01,74.2638,548
hogares_gas_red,aglomerado,27,2020-04-01,69.5727,580
hogares_gas_red,aglomerado,27,2020-07-01,68.9981,549
hogares_gas_red,aglomerado,27,2020-10-01,73.4740,539
hogares_gas_red,aglomerado,27,2021-01-01,71.7408,547
hogares_gas_red,aglomerado,27,2021-04-01,71.9411,553
hogares_gas_red,aglomerado,27,2021-07-01,72.8976,581
hogares_gas_red,aglomerado,27,2021-10-01,72.1640,583
hogares_gas_red,aglomerado,27,2022-01-01,71.7333,558
hogares_gas_red,aglomerado,27,2022-04-01,71.2583,545
hogares_gas_red,aglomerado,27,2022-07-01,70.8879,530
hogares_gas_red,aglomerado,27,2022-10-01,69.3350,546
hogares_gas_red,aglomerado,27,2023-01-01,65.5927,532
hogares_gas_red,aglomerado,27,2023-04-01,67.0335,520
hogares_gas_red,aglomerado,27,2023-07-01,67.6701,500
hogares_gas_red,aglomerado,27,2023-10-01,66.9732,469
hogares_gas_red,aglomerado,27,2024-01-01,61.7095,445
hogares_gas_red,aglomerado,27,2024-04-01,60.0150,508
hogares_gas_red,aglomerado,27,2024-07-01,63.4251,472
hogares_gas_red,aglomerado,27,2024-10-01,66.1688,469
hogares_gas_red,aglomerado,27,2025-01-01,65.7612,443
hogares_gas_red,aglomerado,27,2025-04-01,65.0974,467
hogares_gas_red,aglomerado,27,2025-07-01,63.5570,453
hogares_gas_red,aglomerado,27,2025-10-01,66.3262,423
hogares_gas_red,aglomerado,27,2026-01-01,71.8255,374
hogares_gas_red,aglomerado,29,2017-01-01,64.3042,688
hogares_gas_red,aglomerado,29,2017-04-01,66.2447,690
hogares_gas_red,aglomerado,29,2017-07-01,62.8577,674
hogares_gas_red,aglomerado,29,2017-10-01,62.8343,665
hogares_gas_red,aglomerado,29,2018-01-01,63.3773,710
hogares_gas_red,aglomerado,29,2018-04-01,62.5201,711
hogares_gas_red,aglomerado,29,2018-07-01,63.5099,683
hogares_gas_red,aglomerado,29,2018-10-01,64.1855,695
hogares_gas_red,aglomerado,29,2019-01-01,59.6618,697
hogares_gas_red,aglomerado,29,2019-04-01,57.2890,704
hogares_gas_red,aglomerado,29,2019-07-01,63.4041,691
hogares_gas_red,aglomerado,29,2019-10-01,65.9004,686
hogares_gas_red,aglomerado,29,2020-01-01,59.9141,593
hogares_gas_red,aglomerado,29,2020-04-01,60.0240,257
hogares_gas_red,aglomerado,29,2020-07-01,56.5661,222
hogares_gas_red,aglomerado,29,2020-10-01,63.1387,490
hogares_gas_red,aglomerado,29,2021-01-01,58.3872,591
hogares_gas_red,aglomerado,29,2021-04-01,59.4603,612
hogares_gas_red,aglomerado,29,2021-07-01,61.0534,614
hogares_gas_red,aglomerado,29,2021-10-01,58.8297,607
hogares_gas_red,aglomerado,29,2022-01-01,60.2573,626
hogares_gas_red,aglomerado,29,2022-04-01,62.2981,657
hogares_gas_red,aglomerado,29,2022-07-01,60.0134,653
hogares_gas_red,aglomerado,29,2022-10-01,58.7591,636
hogares_gas_red,aglomerado,29,2023-01-01,59.8312,633
hogares_gas_red,aglomerado,29,2023-04-01,61.2141,627
hogares_gas_red,aglomerado,29,2023-07-01,59.0434,656
hogares_gas_red,aglomerado,29,2023-10-01,56.2180,686
hogares_gas_red,aglomerado,29,2024-01-01,55.6515,639
hogares_gas_red,aglomerado,29,2024-04-01,61.6835,654
hogares_gas_red,aglomerado,29,2024-07-01,61.4567,677
hogares_gas_red,aglomerado,29,2024-10-01,59.6690,702
hogares_gas_red,aglomerado,29,2025-01-01,60.1705,688
hogares_gas_red,aglomerado,29,2025-04-01,61.8471,659
hogares_gas_red,aglomerado,29,2025-07-01,60.3138,628
hogares_gas_red,aglomerado,29,2025-10-01,58.2527,644
hogares_gas_red,aglomerado,29,2026-01-01,60.8258,674
hogares_gas_red,aglomerado,30,2017-01-01,97.5268,386
hogares_gas_red,aglomerado,30,2017-04-01,97.4048,365
hogares_gas_red,aglomerado,30,2017-07-01,95.8571,393
hogares_gas_red,aglomerado,30,2017-10-01,95.6380,408
hogares_gas_red,aglomerado,30,2018-01-01,96.3289,396
hogares_gas_red,aglomerado,30,2018-04-01,96.8415,350
hogares_gas_red,aglomerado,30,2018-07-01,95.2844,324
hogares_gas_red,aglomerado,30,2018-10-01,96.1298,352
hogares_gas_red,aglomerado,30,2019-01-01,96.5141,372
hogares_gas_red,aglomerado,30,2019-04-01,95.1701,353
hogares_gas_red,aglomerado,30,2019-07-01,96.0675,358
hogares_gas_red,aglomerado,30,2019-10-01,96.2089,321
hogares_gas_red,aglomerado,30,2020-01-01,94.9375,328
hogares_gas_red,aglomerado,30,2020-04-01,96.5535,201
hogares_gas_red,aglomerado,30,2020-07-01,94.5489,308
hogares_gas_red,aglomerado,30,2020-10-01,95.1853,308
hogares_gas_red,aglomerado,30,2021-01-01,97.5843,190
hogares_gas_red,aglomerado,30,2021-04-01,96.1722,270
hogares_gas_red,aglomerado,30,2021-07-01,93.6603,317
hogares_gas_red,aglomerado,30,2021-10-01,93.9432,323
hogares_gas_red,aglomerado,30,2022-01-01,96.3179,317
hogares_gas_red,aglomerado,30,2022-04-01,94.9899,325
hogares_gas_red,aglomerado,30,2022-07-01,94.9592,350
hogares_gas_red,aglomerado,30,2022-10-01,94.1757,347
hogares_gas_red,aglomerado,30,2023-01-01,96.9689,389
hogares_gas_red,aglomerado,30,2023-04-01,96.7266,376
hogares_gas_red,aglomerado,30,2023-07-01,95.2118,351
hogares_gas_red,aglomerado,30,2023-10-01,94.0879,347
hogares_gas_red,aglomerado,30,2024-01-01,95.1576,370
hogares_gas_red,aglomerado,30,2024-04-01,96.6034,381
hogares_gas_red,aglomerado,30,2024-07-01,96.2955,372
hogares_gas_red,aglomerado,30,2024-10-01,92.5354,332
hogares_gas_red,aglomerado,30,2025-01-01,94.7844,360
hogares_gas_red,aglomerado,30,2025-04-01,96.8605,410
hogares_gas_red,aglomerado,30,2025-07-01,95.7713,368
hogares_gas_red,aglomerado,30,2025-10-01,95.9219,332
hogares_gas_red,aglomerado,30,2026-01-01,94.2086,372
hogares_gas_red,aglomerado,31,2017-01-01,91.9215,387
hogares_gas_red,aglomerado,31,2017-04-01,94.8663,434
hogares_gas_red,aglomerado,31,2017-07-01,92.7786,408
hogares_gas_red,aglomerado,31,2017-10-01,93.0587,391
hogares_gas_red,aglomerado,31,2018-01-01,94.0728,338
hogares_gas_red,aglomerado,31,2018-04-01,93.8127,399
hogares_gas_red,aglomerado,31,2018-07-01,93.5232,407
hogares_gas_red,aglomerado,31,2018-10-01,92.8151,398
hogares_gas_red,aglomerado,31,2019-01-01,93.8765,374
hogares_gas_red,aglomerado,31,2019-04-01,94.5526,396
hogares_gas_red,aglomerado,31,2019-07-01,94.6576,395
hogares_gas_red,aglomerado,31,2019-10-01,93.0285,363
hogares_gas_red,aglomerado,31,2020-01-01,93.7033,315
hogares_gas_red,aglomerado,31,2020-04-01,93.8334,197
hogares_gas_red,aglomerado,31,2020-10-01,87.6298,175
hogares_gas_red,aglomerado,31,2021-01-01,92.8602,342
hogares_gas_red,aglomerado,31,2021-04-01,96.2942,384
hogares_gas_red,aglomerado,31,2021-07-01,97.5472,377
hogares_gas_red,aglomerado,31,2021-10-01,95.4201,398
hogares_gas_red,aglomerado,31,2022-01-01,93.9224,395
hogares_gas_red,aglomerado,31,2022-04-01,94.8641,382
hogares_gas_red,aglomerado,31,2022-07-01,96.8163,377
hogares_gas_red,aglomerado,31,2022-10-01,93.5134,370
hogares_gas_red,aglomerado,31,2023-01-01,87.4907,340
hogares_gas_red,aglomerado,31,2023-04-01,91.6439,358
hogares_gas_red,aglomerado,31,2023-07-01,94.9037,364
hogares_gas_red,aglomerado,31,2023-10-01,92.4909,350
hogares_gas_red,aglomerado,31,2024-01-01,91.3811,359
hogares_gas_red,aglomerado,31,2024-04-01,92.5287,390
hogares_gas_red,aglomerado,31,2024-07-01,93.8994,410
hogares_gas_red,aglomerado,31,2024-10-01,94.5826,414
hogares_gas_red,aglomerado,31,2025-01-01,97.2738,399
hogares_gas_red,aglomerado,31,2025-04-01,97.1879,420
hogares_gas_red,aglomerado,31,2025-07-01,93.4462,409
hogares_gas_red,aglomerado,31,2025-10-01,96.0778,396
hogares_gas_red,aglomerado,31,2026-01-01,95.9834,389
hogares_gas_red,aglomerado,32,2017-01-01,92.9594,922
hogares_gas_red,aglomerado,32,2017-04-01,92.2555,934
hogares_gas_red,aglomerado,32,2017-07-01,92.3652,972
hogares_gas_red,aglomerado,32,2017-10-01,93.5760,906
hogares_gas_red,aglomerado,32,2018-01-01,93.5093,882
hogares_gas_red,aglomerado,32,2018-04-01,91.4387,894
hogares_gas_red,aglomerado,32,2018-07-01,92.3737,876
hogares_gas_red,aglomerado,32,2018-10-01,90.8918,894
hogares_gas_red,aglomerado,32,2019-01-01,91.2690,898
hogares_gas_red,aglomerado,32,2019-04-01,92.1760,898
hogares_gas_red,aglomerado,32,2019-07-01,91.7131,863
hogares_gas_red,aglomerado,32,2019-10-01,90.5279,848
hogares_gas_red,aglomerado,32,2020-01-01,91.3393,745
hogares_gas_red,aglomerado,32,2020-04-01,90.2765,379
hogares_gas_red,aglomerado,32,2020-07-01,90.9121,396
hogares_gas_red,aglomerado,32,2020-10-01,90.6993,429
hogares_gas_red,aglomerado,32,2021-01-01,92.6025,430
hogares_gas_red,aglomerado,32,2021-04-01,89.9179,386
hogares_gas_red,aglomerado,32,2021-07-01,90.5540,539
hogares_gas_red,aglomerado,32,2021-10-01,93.5747,741
hogares_gas_red,aglomerado,32,2022-01-01,92.1775,725
hogares_gas_red,aglomerado,32,2022-04-01,90.6053,850
hogares_gas_red,aglomerado,32,2022-07-01,93.2240,812
hogares_gas_red,aglomerado,32,2022-10-01,90.8502,782
hogares_gas_red,aglomerado,32,2023-01-01,87.9205,758
hogares_gas_red,aglomerado,32,2023-04-01,87.5547,723
hogares_gas_red,aglomerado,32,2023-07-01,90.0727,688
hogares_gas_red,aglomerado,32,2023-10-01,89.5768,702
hogares_gas_red,aglomerado,32,2024-01-01,89.3558,664
hogares_gas_red,aglomerado,32,2024-04-01,87.1934,633
hogares_gas_red,aglomerado,32,2024-07-01,92.4266,678
hogares_gas_red,aglomerado,32,2024-10-01,90.4571,703
hogares_gas_red,aglomerado,32,2025-01-01,89.3176,651
hogares_gas_red,aglomerado,32,2025-04-01,89.7866,668
hogares_gas_red,aglomerado,32,2025-07-01,87.5423,619
hogares_gas_red,aglomerado,32,2025-10-01,85.9432,606
hogares_gas_red,aglomerado,32,2026-01-01,86.3439,591
hogares_gas_red,aglomerado,33,2017-01-01,68.3895,2621
hogares_gas_red,aglomerado,33,2017-04-01,67.8322,2705
hogares_gas_red,aglomerado,33,2017-07-01,69.4833,2635
hogares_gas_red,aglomerado,33,2017-10-01,70.5545,2605
hogares_gas_red,aglomerado,33,2018-01-01,70.7148,2547
hogares_gas_red,aglomerado,33,2018-04-01,69.3325,2578
hogares_gas_red,aglomerado,33,2018-07-01,67.6266,2541
hogares_gas_red,aglomerado,33,2018-10-01,69.1063,2574
hogares_gas_red,aglomerado,33,2019-01-01,68.5927,2571
hogares_gas_red,aglomerado,33,2019-04-01,67.8830,2509
hogares_gas_red,aglomerado,33,2019-07-01,67.1359,2524
hogares_gas_red,aglomerado,33,2019-10-01,66.4497,2507
hogares_gas_red,aglomerado,33,2020-01-01,66.6459,2121
hogares_gas_red,aglomerado,33,2020-04-01,63.8807,1009
hogares_gas_red,aglomerado,33,2020-07-01,62.7418,1095
hogares_gas_red,aglomerado,33,2020-10-01,61.2303,1034
hogares_gas_red,aglomerado,33,2021-01-01,69.4361,1044
hogares_gas_red,aglomerado,33,2021-04-01,70.9120,1021
hogares_gas_red,aglomerado,33,2021-07-01,70.0681,1194
hogares_gas_red,aglomerado,33,2021-10-01,69.8036,1632
hogares_gas_red,aglomerado,33,2022-01-01,68.0716,1667
hogares_gas_red,aglomerado,33,2022-04-01,67.5127,1881
hogares_gas_red,aglomerado,33,2022-07-01,65.1189,1930
hogares_gas_red,aglomerado,33,2022-10-01,69.3111,1858
hogares_gas_red,aglomerado,33,2023-01-01,65.9562,1978
hogares_gas_red,aglomerado,33,2023-04-01,65.8806,1930
hogares_gas_red,aglomerado,33,2023-07-01,65.9691,1917
hogares_gas_red,aglomerado,33,2023-10-01,64.5038,1970
hogares_gas_red,aglomerado,33,2024-01-01,64.4690,1881
hogares_gas_red,aglomerado,33,2024-04-01,62.7207,1992
hogares_gas_red,aglomerado,33,2024-07-01,63.7086,2103
hogares_gas_red,aglomerado,33,2024-10-01,66.3810,2051
hogares_gas_red,aglomerado,33,2025-01-01,63.9563,1958
hogares_gas_red,aglomerado,33,2025-04-01,62.4133,1936
hogares_gas_red,aglomerado,33,2025-07-01,62.7981,2065
hogares_gas_red,aglomerado,33,2025-10-01,61.6032,1912
hogares_gas_red,aglomerado,33,2026-01-01,62.2121,1824
hogares_gas_red,aglomerado,34,2017-01-01,82.9835,451
hogares_gas_red,aglomerado,34,2017-04-01,84.2611,424
hogares_gas_red,aglomerado,34,2017-07-01,85.4647,442
hogares_gas_red,aglomerado,34,2017-10-01,88.2620,444
hogares_gas_red,aglomerado,34,2018-01-01,84.5709,450
hogares_gas_red,aglomerado,34,2018-04-01,83.5240,461
hogares_gas_red,aglomerado,34,2018-07-01,84.8070,457
hogares_gas_red,aglomerado,34,2018-10-01,84.1717,461
hogares_gas_red,aglomerado,34,2019-01-01,84.1620,476
hogares_gas_red,aglomerado,34,2019-04-01,85.8537,492
hogares_gas_red,aglomerado,34,2019-07-01,87.5092,452
hogares_gas_red,aglomerado,34,2019-10-01,84.4005,439
hogares_gas_red,aglomerado,34,2020-01-01,84.5733,402
hogares_gas_red,aglomerado,34,2020-04-01,83.6814,241
hogares_gas_red,aglomerado,34,2020-07-01,83.9207,213
hogares_gas_red,aglomerado,34,2020-10-01,84.0461,297
hogares_gas_red,aglomerado,34,2021-01-01,82.0954,346
hogares_gas_red,aglomerado,34,2021-04-01,83.8645,372
hogares_gas_red,aglomerado,34,2021-07-01,82.8016,395
hogares_gas_red,aglomerado,34,2021-10-01,86.6154,384
hogares_gas_red,aglomerado,34,2022-01-01,87.5199,383
hogares_gas_red,aglomerado,34,2022-04-01,84.1109,379
hogares_gas_red,aglomerado,34,2022-07-01,84.4268,387
hogares_gas_red,aglomerado,34,2022-10-01,85.4247,360
hogares_gas_red,aglomerado,34,2023-01-01,84.6259,377
hogares_gas_red,aglomerado,34,2023-04-01,82.3210,368
hogares_gas_red,aglomerado,34,2023-07-01,82.6765,398
hogares_gas_red,aglomerado,34,2023-10-01,79.6314,360
hogares_gas_red,aglomerado,34,2024-01-01,82.6218,363
hogares_gas_red,aglomerado,34,2024-04-01,83.3059,364
hogares_gas_red,aglomerado,34,2024-07-01,83.5864,359
hogares_gas_red,aglomerado,34,2024-10-01,79.2452,352
hogares_gas_red,aglomerado,34,2025-01-01,80.8264,311
hogares_gas_red,aglomerado,34,2025-04-01,78.2161,348
hogares_gas_red,aglomerado,34,2025-07-01,78.1100,332
hogares_gas_red,aglomerado,34,2025-10-01,79.2194,349
hogares_gas_red,aglomerado,34,2026-01-01,79.1044,341
hogares_gas_red,aglomerado,36,2017-01-01,74.9758,504
hogares_gas_red,aglomerado,36,2017-04-01,76.9825,530
hogares_gas_red,aglomerado,36,2017-07-01,77.5703,511
hogares_gas_red,aglomerado,36,2017-10-01,75.1679,501
hogares_gas_red,aglomerado,36,2018-01-01,74.1868,513
hogares_gas_red,aglomerado,36,2018-04-01,75.4629,503
hogares_gas_red,aglomerado,36,2018-07-01,76.6790,511
hogares_gas_red,aglomerado,36,2018-10-01,75.6398,518
hogares_gas_red,aglomerado,36,2019-01-01,74.1632,501
hogares_gas_red,aglomerado,36,2019-04-01,73.7530,513
hogares_gas_red,aglomerado,36,2019-07-01,72.0058,507
hogares_gas_red,aglomerado,36,2019-10-01,75.8192,504
hogares_gas_red,aglomerado,36,2020-01-01,79.3383,471
hogares_gas_red,aglomerado,36,2020-04-01,72.4866,402
hogares_gas_red,aglomerado,36,2020-07-01,73.4806,379
hogares_gas_red,aglomerado,36,2020-10-01,71.5104,337
hogares_gas_red,aglomerado,36,2021-01-01,74.3388,409
hogares_gas_red,aglomerado,36,2021-04-01,75.0457,477
hogares_gas_red,aglomerado,36,2021-07-01,72.5934,500
hogares_gas_red,aglomerado,36,2021-10-01,68.8439,492
hogares_gas_red,aglomerado,36,2022-01-01,72.0105,474
hogares_gas_red,aglomerado,36,2022-04-01,74.5332,485
hogares_gas_red,aglomerado,36,2022-07-01,74.7160,452
hogares_gas_red,aglomerado,36,2022-10-01,70.3661,439
hogares_gas_red,aglomerado,36,2023-01-01,69.8834,447
hogares_gas_red,aglomerado,36,2023-04-01,74.8988,452
hogares_gas_red,aglomerado,36,2023-07-01,70.4557,447
hogares_gas_red,aglomerado,36,2023-10-01,72.2544,460
hogares_gas_red,aglomerado,36,2024-01-01,74.9639,434
hogares_gas_red,aglomerado,36,2024-04-01,72.9913,434
hogares_gas_red,aglomerado,36,2024-07-01,67.7266,440
hogares_gas_red,aglomerado,36,2024-10-01,68.9132,441
hogares_gas_red,aglomerado,36,2025-01-01,75.5784,443
hogares_gas_red,aglomerado,36,2025-04-01,71.6993,445
hogares_gas_red,aglomerado,36,2025-07-01,65.2525,439
hogares_gas_red,aglomerado,36,2025-10-01,65.9557,455
hogares_gas_red,aglomerado,36,2026-01-01,67.9753,436
hogares_gas_red,aglomerado,38,2017-01-01,78.9374,517
hogares_gas_red,aglomerado,38,2017-04-01,75.6083,511
hogares_gas_red,aglomerado,38,2017-07-01,77.9564,508
hogares_gas_red,aglomerado,38,2017-10-01,80.2333,512
hogares_gas_red,aglomerado,38,2018-01-01,79.5225,525
hogares_gas_red,aglomerado,38,2018-04-01,80.7132,511
hogares_gas_red,aglomerado,38,2018-07-01,79.2346,506
hogares_gas_red,aglomerado,38,2018-10-01,79.6827,527
hogares_gas_red,aglomerado,38,2019-01-01,76.2339,563
hogares_gas_red,aglomerado,38,2019-04-01,76.1630,551
hogares_gas_red,aglomerado,38,2019-07-01,75.2290,541
hogares_gas_red,aglomerado,38,2019-10-01,75.7067,547
hogares_gas_red,aglomerado,38,2020-01-01,75.1239,513
hogares_gas_red,aglomerado,38,2020-04-01,67.7591,265
hogares_gas_red,aglomerado,38,2020-07-01,74.5302,351
hogares_gas_red,aglomerado,38,2020-10-01,75.9011,475
hogares_gas_red,aglomerado,38,2021-01-01,71.8043,506
hogares_gas_red,aglomerado,38,2021-04-01,73.5230,490
hogares_gas_red,aglomerado,38,2021-07-01,78.0400,540
hogares_gas_red,aglomerado,38,2021-10-01,72.9545,534
hogares_gas_red,aglomerado,38,2022-01-01,70.6853,523
hogares_gas_red,aglomerado,38,2022-04-01,73.3885,534
hogares_gas_red,aglomerado,38,2022-07-01,75.5831,513
hogares_gas_red,aglomerado,38,2022-10-01,74.5171,498
hogares_gas_red,aglomerado,38,2023-01-01,71.9357,518
hogares_gas_red,aglomerado,38,2023-04-01,72.5604,510
hogares_gas_red,aglomerado,38,2023-07-01,74.1407,533
hogares_gas_red,aglomerado,38,2023-10-01,76.6579,515
hogares_gas_red,aglomerado,38,2024-01-01,72.0995,502
hogares_gas_red,aglomerado,38,2024-04-01,71.9193,502
hogares_gas_red,aglomerado,38,2024-07-01,72.7655,520
hogares_gas_red,aglomerado,38,2024-10-01,74.1796,524
hogares_gas_red,aglomerado,38,2025-01-01,71.7792,520
hogares_gas_red,aglomerado,38,2025-04-01,71.2699,512
hogares_gas_red,aglomerado,38,2025-07-01,71.5216,496
hogares_gas_red,aglomerado,38,2025-10-01,70.6253,481
hogares_gas_red,aglomerado,38,2026-01-01,70.5673,485
hogares_gas_red,aglomerado,91,2017-01-01,97.3028,425
hogares_gas_red,aglomerado,91,2017-04-01,97.7523,453
hogares_gas_red,aglomerado,91,2017-07-01,97.7348,481
hogares_gas_red,aglomerado,91,2017-10-01,96.8991,466
hogares_gas_red,aglomerado,91,2018-01-01,96.6402,437
hogares_gas_red,aglomerado,91,2018-04-01,97.4587,453
hogares_gas_red,aglomerado,91,2018-07-01,98.2074,457
hogares_gas_red,aglomerado,91,2018-10-01,97.4076,433
hogares_gas_red,aglomerado,91,2019-01-01,97.4783,494
hogares_gas_red,aglomerado,91,2019-04-01,96.6560,489
hogares_gas_red,aglomerado,91,2019-07-01,96.8401,454
hogares_gas_red,aglomerado,91,2019-10-01,97.7666,440
hogares_gas_red,aglomerado,91,2020-01-01,97.8054,385
hogares_gas_red,aglomerado,91,2020-04-01,97.3104,226
hogares_gas_red,aglomerado,91,2020-07-01,97.3427,437
hogares_gas_red,aglomerado,91,2020-10-01,98.8234,423
hogares_gas_red,aglomerado,91,2021-01-01,98.5668,443
hogares_gas_red,aglomerado,91,2021-04-01,98.6829,456
hogares_gas_red,aglomerado,91,2021-07-01,99.0265,477
hogares_gas_red,aglomerado,91,2021-10-01,96.1137,496
hogares_gas_red,aglomerado,91,2022-01-01,94.5301,469
hogares_gas_red,aglomerado,91,2022-04-01,96.7748,433
hogares_gas_red,aglomerado,91,2022-07-01,97.4331,415
hogares_gas_red,aglomerado,91,2022-10-01,94.7921,383
hogares_gas_red,aglomerado,91,2023-01-01,93.9108,398
hogares_gas_red,aglomerado,91,2023-04-01,96.5351,413
hogares_gas_red,aglomerado,91,2023-07-01,96.5617,394
hogares_gas_red,aglomerado,91,2023-10-01,97.8203,372
hogares_gas_red,aglomerado,91,2024-01-01,96.2724,386
hogares_gas_red,aglomerado,91,2024-04-01,94.6963,400
hogares_gas_red,aglomerado,91,2024-07-01,96.3110,370
hogares_gas_red,aglomerado,91,2024-10-01,96.4659,368
hogares_gas_red,aglomerado,91,2025-01-01,95.8042,341
hogares_gas_red,aglomerado,91,2025-04-01,93.6723,367
hogares_gas_red,aglomerado,91,2025-07-01,93.6620,353
hogares_gas_red,aglomerado,91,2025-10-01,94.0435,333
hogares_gas_red,aglomerado,91,2026-01-01,94.2767,316
hogares_gas_red,aglomerado,93,2017-01-01,94.8570,407
hogares_gas_red,aglomerado,93,2017-04-01,95.8781,423
hogares_gas_red,aglomerado,93,2017-07-01,95.5138,438
hogares_gas_red,aglomerado,93,2017-10-01,95.7053,458
hogares_gas_red,aglomerado,93,2018-01-01,96.5935,454
hogares_gas_red,aglomerado,93,2018-04-01,97.7650,484
hogares_gas_red,aglomerado,93,2018-07-01,96.7640,515
hogares_gas_red,aglomerado,93,2018-10-01,95.8481,518
hogares_gas_red,aglomerado,93,2019-01-01,96.9577,544
hogares_gas_red,aglomerado,93,2019-04-01,98.3759,541
hogares_gas_red,aglomerado,93,2019-07-01,98.0662,543
hogares_gas_red,aglomerado,93,2019-10-01,95.4722,493
hogares_gas_red,aglomerado,93,2020-01-01,95.8353,399
hogares_gas_red,aglomerado,93,2020-04-01,97.4317,268
hogares_gas_red,aglomerado,93,2020-07-01,96.5252,420
hogares_gas_red,aglomerado,93,2020-10-01,96.3294,414
hogares_gas_red,aglomerado,93,2021-01-01,96.2148,419
hogares_gas_red,aglomerado,93,2021-04-01,98.0349,433
hogares_gas_red,aglomerado,93,2021-07-01,97.5351,412
hogares_gas_red,aglomerado,93,2021-10-01,98.3254,413
hogares_gas_red,aglomerado,93,2022-01-01,98.1593,413
hogares_gas_red,aglomerado,93,2022-04-01,98.1412,417
hogares_gas_red,aglomerado,93,2022-07-01,98.2902,413
hogares_gas_red,aglomerado,93,2022-10-01,97.4179,411
hogares_gas_red,aglomerado,93,2023-01-01,97.7627,404
hogares_gas_red,aglomerado,93,2023-04-01,99.1880,398
hogares_gas_red,aglomerado,93,2023-07-01,97.2530,377
hogares_gas_red,aglomerado,93,2023-10-01,96.1234,391
hogares_gas_red,aglomerado,93,2024-01-01,98.5801,395
hogares_gas_red,aglomerado,93,2024-04-01,99.0540,373
hogares_gas_red,aglomerado,93,2024-07-01,98.2779,344
hogares_gas_red,aglomerado,93,2024-10-01,99.4048,354
hogares_gas_red,aglomerado,93,2025-01-01,99.2080,343
hogares_gas_red,aglomerado,93,2025-04-01,99.2978,327
hogares_gas_red,aglomerado,93,2025-07-01,99.7347,285
hogares_gas_red,aglomerado,93,2025-10-01,100.0000,350
hogares_gas_red,aglomerado,93,2026-01-01,98.8506,364
hogares_gas_red,total,,2017-01-01,70.0150,18477
hogares_gas_red,total,,2017-04-01,69.8773,18871
hogares_gas_red,total,,2017-07-01,70.7877,18806
hogares_gas_red,total,,2017-10-01,71.3865,18793
hogares_gas_red,total,,2018-01-01,71.2476,18624
hogares_gas_red,total,,2018-04-01,70.1695,18586
hogares_gas_red,total,,2018-07-01,69.8606,18364
hogares_gas_red,total,,2018-10-01,70.7033,18616
hogares_gas_red,total,,2019-01-01,70.0962,19338
hogares_gas_red,total,,2019-04-01,69.6949,19251
hogares_gas_red,total,,2019-07-01,70.4153,18610
hogares_gas_red,total,,2019-10-01,69.3485,19035
hogares_gas_red,total,,2020-01-01,69.3223,16845
hogares_gas_red,total,,2020-04-01,67.0232,11976
hogares_gas_red,total,,2020-07-01,65.8833,13503
hogares_gas_red,total,,2020-10-01,66.4422,14442
hogares_gas_red,total,,2021-01-01,70.1161,15423
hogares_gas_red,total,,2021-04-01,70.2621,15620
hogares_gas_red,total,,2021-07-01,70.1177,16285
hogares_gas_red,total,,2021-10-01,70.2564,17037
hogares_gas_red,total,,2022-01-01,69.3547,16898
hogares_gas_red,total,,2022-04-01,68.9874,17367
hogares_gas_red,total,,2022-07-01,67.9683,16886
hogares_gas_red,total,,2022-10-01,68.9900,16740
hogares_gas_red,total,,2023-01-01,67.0826,16815
hogares_gas_red,total,,2023-04-01,67.0984,16990
hogares_gas_red,total,,2023-07-01,67.0199,16656
hogares_gas_red,total,,2023-10-01,66.2434,16462
hogares_gas_red,total,,2024-01-01,66.1904,16104
hogares_gas_red,total,,2024-04-01,65.6580,16453
hogares_gas_red,total,,2024-07-01,66.3600,16650
hogares_gas_red,total,,2024-10-01,66.9770,16511
hogares_gas_red,total,,2025-01-01,65.8269,15984
hogares_gas_red,total,,2025-04-01,65.5721,16169
hogares_gas_red,total,,2025-07-01,65.4599,15860
hogares_gas_red,total,,2025-10-01,64.4470,15534
hogares_gas_red,total,,2026-01-01,64.6559,15447
