codigo,iso3,pais,anio,valor
acceso_electricidad,ARG,Argentina,2000,95.7
acceso_electricidad,ARG,Argentina,2001,95.5
acceso_electricidad,ARG,Argentina,2002,96.1
acceso_electricidad,ARG,Argentina,2003,96.3
acceso_electricidad,ARG,Argentina,2004,96.5
acceso_electricidad,ARG,Argentina,2005,96.7
acceso_electricidad,ARG,Argentina,2006,97
acceso_electricidad,ARG,Argentina,2007,97.2
acceso_electricidad,ARG,Argentina,2008,97.5
acceso_electricidad,ARG,Argentina,2009,97.8
acceso_electricidad,ARG,Argentina,2010,98.8
acceso_electricidad,ARG,Argentina,2011,99
acceso_electricidad,ARG,Argentina,2012,99.1
acceso_electricidad,ARG,Argentina,2013,99.3
acceso_electricidad,ARG,Argentina,2014,100
acceso_electricidad,ARG,Argentina,2015,99.7
acceso_electricidad,ARG,Argentina,2016,99.9
acceso_electricidad,ARG,Argentina,2017,100
acceso_electricidad,ARG,Argentina,2018,100
acceso_electricidad,ARG,Argentina,2019,100
acceso_electricidad,ARG,Argentina,2020,100
acceso_electricidad,ARG,Argentina,2021,100
acceso_electricidad,ARG,Argentina,2022,100
acceso_electricidad,ARG,Argentina,2023,100
acceso_electricidad,ARG,Argentina,2024,98.4
acceso_electricidad,AUS,Australia,2000,100
acceso_electricidad,AUS,Australia,2001,100
acceso_electricidad,AUS,Australia,2002,100
acceso_electricidad,AUS,Australia,2003,100
acceso_electricidad,AUS,Australia,2004,100
acceso_electricidad,AUS,Australia,2005,100
acceso_electricidad,AUS,Australia,2006,100
acceso_electricidad,AUS,Australia,2007,100
acceso_electricidad,AUS,Australia,2008,100
acceso_electricidad,AUS,Australia,2009,100
acceso_electricidad,AUS,Australia,2010,100
acceso_electricidad,AUS,Australia,2011,100
acceso_electricidad,AUS,Australia,2012,100
acceso_electricidad,AUS,Australia,2013,100
acceso_electricidad,AUS,Australia,2014,100
acceso_electricidad,AUS,Australia,2015,100
acceso_electricidad,AUS,Australia,2016,100
acceso_electricidad,AUS,Australia,2017,100
acceso_electricidad,AUS,Australia,2018,100
acceso_electricidad,AUS,Australia,2019,100
acceso_electricidad,AUS,Australia,2020,100
acceso_electricidad,AUS,Australia,2021,100
acceso_electricidad,AUS,Australia,2022,100
acceso_electricidad,AUS,Australia,2023,100
acceso_electricidad,AUS,Australia,2024,100
acceso_electricidad,BRA,Brasil,2000,94.4
acceso_electricidad,BRA,Brasil,2001,96
acceso_electricidad,BRA,Brasil,2002,96.7
acceso_electricidad,BRA,Brasil,2003,97
acceso_electricidad,BRA,Brasil,2004,96.8
acceso_electricidad,BRA,Brasil,2005,97.1
acceso_electricidad,BRA,Brasil,2006,97.6
acceso_electricidad,BRA,Brasil,2007,98.1
acceso_electricidad,BRA,Brasil,2008,98.5
acceso_electricidad,BRA,Brasil,2009,98.9
acceso_electricidad,BRA,Brasil,2010,98.6
acceso_electricidad,BRA,Brasil,2011,99.3
acceso_electricidad,BRA,Brasil,2012,99.5
acceso_electricidad,BRA,Brasil,2013,99.6
acceso_electricidad,BRA,Brasil,2014,99.7
acceso_electricidad,BRA,Brasil,2015,99.7
acceso_electricidad,BRA,Brasil,2016,99.7
acceso_electricidad,BRA,Brasil,2017,99.8
acceso_electricidad,BRA,Brasil,2018,99.7
acceso_electricidad,BRA,Brasil,2019,99.8
acceso_electricidad,BRA,Brasil,2020,99.7
acceso_electricidad,BRA,Brasil,2021,99.5
acceso_electricidad,BRA,Brasil,2022,100
acceso_electricidad,BRA,Brasil,2023,99.8
acceso_electricidad,BRA,Brasil,2024,99.8
acceso_electricidad,CAN,Canada,2000,100
acceso_electricidad,CAN,Canada,2001,100
acceso_electricidad,CAN,Canada,2002,100
acceso_electricidad,CAN,Canada,2003,100
acceso_electricidad,CAN,Canada,2004,100
acceso_electricidad,CAN,Canada,2005,100
acceso_electricidad,CAN,Canada,2006,100
acceso_electricidad,CAN,Canada,2007,100
acceso_electricidad,CAN,Canada,2008,100
acceso_electricidad,CAN,Canada,2009,100
acceso_electricidad,CAN,Canada,2010,100
acceso_electricidad,CAN,Canada,2011,100
acceso_electricidad,CAN,Canada,2012,100
acceso_electricidad,CAN,Canada,2013,100
acceso_electricidad,CAN,Canada,2014,100
acceso_electricidad,CAN,Canada,2015,100
acceso_electricidad,CAN,Canada,2016,100
acceso_electricidad,CAN,Canada,2017,100
acceso_electricidad,CAN,Canada,2018,100
acceso_electricidad,CAN,Canada,2019,100
acceso_electricidad,CAN,Canada,2020,100
acceso_electricidad,CAN,Canada,2021,100
acceso_electricidad,CAN,Canada,2022,100
acceso_electricidad,CAN,Canada,2023,100
acceso_electricidad,CAN,Canada,2024,100
acceso_electricidad,CHL,Chile,2000,97.9
acceso_electricidad,CHL,Chile,2001,97.1
acceso_electricidad,CHL,Chile,2002,97.3
acceso_electricidad,CHL,Chile,2003,98.8
acceso_electricidad,CHL,Chile,2004,97.5
acceso_electricidad,CHL,Chile,2005,97.7
acceso_electricidad,CHL,Chile,2006,99.4
acceso_electricidad,CHL,Chile,2007,98
acceso_electricidad,CHL,Chile,2008,98.2
acceso_electricidad,CHL,Chile,2009,99.6
acceso_electricidad,CHL,Chile,2010,99.5
acceso_electricidad,CHL,Chile,2011,99.6
acceso_electricidad,CHL,Chile,2012,100
acceso_electricidad,CHL,Chile,2013,99.6
acceso_electricidad,CHL,Chile,2014,100
acceso_electricidad,CHL,Chile,2015,99.7
acceso_electricidad,CHL,Chile,2016,100
acceso_electricidad,CHL,Chile,2017,99.7
acceso_electricidad,CHL,Chile,2018,100
acceso_electricidad,CHL,Chile,2019,100
acceso_electricidad,CHL,Chile,2020,100
acceso_electricidad,CHL,Chile,2021,100
acceso_electricidad,CHL,Chile,2022,100
acceso_electricidad,CHL,Chile,2023,100
acceso_electricidad,CHL,Chile,2024,99
acceso_electricidad,COL,Colombia,2000,95.2
acceso_electricidad,COL,Colombia,2001,98.5
acceso_electricidad,COL,Colombia,2002,94.9
acceso_electricidad,COL,Colombia,2003,95.1
acceso_electricidad,COL,Colombia,2004,95.3
acceso_electricidad,COL,Colombia,2005,96.8
acceso_electricidad,COL,Colombia,2006,95.7
acceso_electricidad,COL,Colombia,2007,96
acceso_electricidad,COL,Colombia,2008,96.8
acceso_electricidad,COL,Colombia,2009,96.1
acceso_electricidad,COL,Colombia,2010,96.8
acceso_electricidad,COL,Colombia,2011,96.7
acceso_electricidad,COL,Colombia,2012,97
acceso_electricidad,COL,Colombia,2013,97.8
acceso_electricidad,COL,Colombia,2014,97.8
acceso_electricidad,COL,Colombia,2015,98.2
acceso_electricidad,COL,Colombia,2016,98.4
acceso_electricidad,COL,Colombia,2017,98.5
acceso_electricidad,COL,Colombia,2018,98.5
acceso_electricidad,COL,Colombia,2019,99.4
acceso_electricidad,COL,Colombia,2020,99.7
acceso_electricidad,COL,Colombia,2021,100
acceso_electricidad,COL,Colombia,2022,100
acceso_electricidad,COL,Colombia,2023,98.7
acceso_electricidad,COL,Colombia,2024,98.9
acceso_electricidad,ESP,Espana,2000,100
acceso_electricidad,ESP,Espana,2001,100
acceso_electricidad,ESP,Espana,2002,100
acceso_electricidad,ESP,Espana,2003,100
acceso_electricidad,ESP,Espana,2004,100
acceso_electricidad,ESP,Espana,2005,100
acceso_electricidad,ESP,Espana,2006,100
acceso_electricidad,ESP,Espana,2007,100
acceso_electricidad,ESP,Espana,2008,100
acceso_electricidad,ESP,Espana,2009,100
acceso_electricidad,ESP,Espana,2010,100
acceso_electricidad,ESP,Espana,2011,100
acceso_electricidad,ESP,Espana,2012,100
acceso_electricidad,ESP,Espana,2013,100
acceso_electricidad,ESP,Espana,2014,100
acceso_electricidad,ESP,Espana,2015,100
acceso_electricidad,ESP,Espana,2016,100
acceso_electricidad,ESP,Espana,2017,100
acceso_electricidad,ESP,Espana,2018,100
acceso_electricidad,ESP,Espana,2019,100
acceso_electricidad,ESP,Espana,2020,100
acceso_electricidad,ESP,Espana,2021,100
acceso_electricidad,ESP,Espana,2022,100
acceso_electricidad,ESP,Espana,2023,100
acceso_electricidad,ESP,Espana,2024,100
acceso_electricidad,LCN,America Latina y el Caribe,2000,91.73608643
acceso_electricidad,LCN,America Latina y el Caribe,2001,92.33255077
acceso_electricidad,LCN,America Latina y el Caribe,2002,92.65544612
acceso_electricidad,LCN,America Latina y el Caribe,2003,92.73840883
acceso_electricidad,LCN,America Latina y el Caribe,2004,93.21914101
acceso_electricidad,LCN,America Latina y el Caribe,2005,93.52274424
acceso_electricidad,LCN,America Latina y el Caribe,2006,94.25933462
acceso_electricidad,LCN,America Latina y el Caribe,2007,94.4765422
acceso_electricidad,LCN,America Latina y el Caribe,2008,95.22308083
acceso_electricidad,LCN,America Latina y el Caribe,2009,95.4266624
acceso_electricidad,LCN,America Latina y el Caribe,2010,95.87838755
acceso_electricidad,LCN,America Latina y el Caribe,2011,96.18410312
acceso_electricidad,LCN,America Latina y el Caribe,2012,96.56923455
acceso_electricidad,LCN,America Latina y el Caribe,2013,96.86468223
acceso_electricidad,LCN,America Latina y el Caribe,2014,97.05402542
acceso_electricidad,LCN,America Latina y el Caribe,2015,97.28472761
acceso_electricidad,LCN,America Latina y el Caribe,2016,97.47838213
acceso_electricidad,LCN,America Latina y el Caribe,2017,97.71059922
acceso_electricidad,LCN,America Latina y el Caribe,2018,97.75671521
acceso_electricidad,LCN,America Latina y el Caribe,2019,97.99821139
acceso_electricidad,LCN,America Latina y el Caribe,2020,98.14727607
acceso_electricidad,LCN,America Latina y el Caribe,2021,98.27563061
acceso_electricidad,LCN,America Latina y el Caribe,2022,98.57887862
acceso_electricidad,LCN,America Latina y el Caribe,2023,98.42261773
acceso_electricidad,LCN,America Latina y el Caribe,2024,98.04591116
acceso_electricidad,MEX,Mexico,2000,98
acceso_electricidad,MEX,Mexico,2001,97.1
acceso_electricidad,MEX,Mexico,2002,97.9
acceso_electricidad,MEX,Mexico,2003,97.4
acceso_electricidad,MEX,Mexico,2004,98.6
acceso_electricidad,MEX,Mexico,2005,98.9
acceso_electricidad,MEX,Mexico,2006,99.1
acceso_electricidad,MEX,Mexico,2007,97.9
acceso_electricidad,MEX,Mexico,2008,98.9
acceso_electricidad,MEX,Mexico,2009,98.3
acceso_electricidad,MEX,Mexico,2010,99.2
acceso_electricidad,MEX,Mexico,2011,99
acceso_electricidad,MEX,Mexico,2012,99.1
acceso_electricidad,MEX,Mexico,2013,99.1
acceso_electricidad,MEX,Mexico,2014,99.2
acceso_electricidad,MEX,Mexico,2015,99
acceso_electricidad,MEX,Mexico,2016,99.5
acceso_electricidad,MEX,Mexico,2017,100
acceso_electricidad,MEX,Mexico,2018,99.5
acceso_electricidad,MEX,Mexico,2019,99.6
acceso_electricidad,MEX,Mexico,2020,99.4
acceso_electricidad,MEX,Mexico,2021,100
acceso_electricidad,MEX,Mexico,2022,100
acceso_electricidad,MEX,Mexico,2023,99.7
acceso_electricidad,MEX,Mexico,2024,99.8
acceso_electricidad,OED,Miembros OCDE,2000,99.63552913
acceso_electricidad,OED,Miembros OCDE,2001,99.66052259
acceso_electricidad,OED,Miembros OCDE,2002,99.60349559
acceso_electricidad,OED,Miembros OCDE,2003,99.58272084
acceso_electricidad,OED,Miembros OCDE,2004,99.66622877
acceso_electricidad,OED,Miembros OCDE,2005,99.73907344
acceso_electricidad,OED,Miembros OCDE,2006,99.73965268
acceso_electricidad,OED,Miembros OCDE,2007,99.62878553
acceso_electricidad,OED,Miembros OCDE,2008,99.74396479
acceso_electricidad,OED,Miembros OCDE,2009,99.69177276
acceso_electricidad,OED,Miembros OCDE,2010,99.80762621
acceso_electricidad,OED,Miembros OCDE,2011,99.78721169
acceso_electricidad,OED,Miembros OCDE,2012,99.81294677
acceso_electricidad,OED,Miembros OCDE,2013,99.83503154
acceso_electricidad,OED,Miembros OCDE,2014,99.84802577
acceso_electricidad,OED,Miembros OCDE,2015,99.83935762
acceso_electricidad,OED,Miembros OCDE,2016,99.89593693
acceso_electricidad,OED,Miembros OCDE,2017,99.94085895
acceso_electricidad,OED,Miembros OCDE,2018,99.89875302
acceso_electricidad,OED,Miembros OCDE,2019,99.94007238
acceso_electricidad,OED,Miembros OCDE,2020,99.93297932
acceso_electricidad,OED,Miembros OCDE,2021,100
acceso_electricidad,OED,Miembros OCDE,2022,100
acceso_electricidad,OED,Miembros OCDE,2023,99.92294576
acceso_electricidad,OED,Miembros OCDE,2024,99.92473086
acceso_electricidad,PER,Peru,2000,72.5
acceso_electricidad,PER,Peru,2001,72.1
acceso_electricidad,PER,Peru,2002,74.4
acceso_electricidad,PER,Peru,2003,74.4
acceso_electricidad,PER,Peru,2004,75.7
acceso_electricidad,PER,Peru,2005,77.2
acceso_electricidad,PER,Peru,2006,80.2
acceso_electricidad,PER,Peru,2007,82
acceso_electricidad,PER,Peru,2008,84.7
acceso_electricidad,PER,Peru,2009,86.4
acceso_electricidad,PER,Peru,2010,88.1
acceso_electricidad,PER,Peru,2011,89.7
acceso_electricidad,PER,Peru,2012,91.1
acceso_electricidad,PER,Peru,2013,92.1
acceso_electricidad,PER,Peru,2014,92.9
acceso_electricidad,PER,Peru,2015,93.9
acceso_electricidad,PER,Peru,2016,94.2
acceso_electricidad,PER,Peru,2017,94.8
acceso_electricidad,PER,Peru,2018,95.2
acceso_electricidad,PER,Peru,2019,95.6
acceso_electricidad,PER,Peru,2020,96.2
acceso_electricidad,PER,Peru,2021,95.6
acceso_electricidad,PER,Peru,2022,96.2
acceso_electricidad,PER,Peru,2023,96.2
acceso_electricidad,PER,Peru,2024,96.5
acceso_electricidad,URY,Uruguay,2000,97.6
acceso_electricidad,URY,Uruguay,2001,97.7
acceso_electricidad,URY,Uruguay,2002,97.8
acceso_electricidad,URY,Uruguay,2003,97.9
acceso_electricidad,URY,Uruguay,2004,98
acceso_electricidad,URY,Uruguay,2005,98
acceso_electricidad,URY,Uruguay,2006,98.5
acceso_electricidad,URY,Uruguay,2007,98.7
acceso_electricidad,URY,Uruguay,2008,98.8
acceso_electricidad,URY,Uruguay,2009,99.1
acceso_electricidad,URY,Uruguay,2010,99.3
acceso_electricidad,URY,Uruguay,2011,99.2
acceso_electricidad,URY,Uruguay,2012,99.6
acceso_electricidad,URY,Uruguay,2013,99.6
acceso_electricidad,URY,Uruguay,2014,99.7
acceso_electricidad,URY,Uruguay,2015,99.7
acceso_electricidad,URY,Uruguay,2016,99.7
acceso_electricidad,URY,Uruguay,2017,99.8
acceso_electricidad,URY,Uruguay,2018,99.8
acceso_electricidad,URY,Uruguay,2019,99.9
acceso_electricidad,URY,Uruguay,2020,100
acceso_electricidad,URY,Uruguay,2021,100
acceso_electricidad,URY,Uruguay,2022,100
acceso_electricidad,URY,Uruguay,2023,100
acceso_electricidad,URY,Uruguay,2024,100
acceso_electricidad,USA,Estados Unidos,2000,100
acceso_electricidad,USA,Estados Unidos,2001,100
acceso_electricidad,USA,Estados Unidos,2002,100
acceso_electricidad,USA,Estados Unidos,2003,100
acceso_electricidad,USA,Estados Unidos,2004,100
acceso_electricidad,USA,Estados Unidos,2005,100
acceso_electricidad,USA,Estados Unidos,2006,100
acceso_electricidad,USA,Estados Unidos,2007,100
acceso_electricidad,USA,Estados Unidos,2008,100
acceso_electricidad,USA,Estados Unidos,2009,100
acceso_electricidad,USA,Estados Unidos,2010,100
acceso_electricidad,USA,Estados Unidos,2011,100
acceso_electricidad,USA,Estados Unidos,2012,100
acceso_electricidad,USA,Estados Unidos,2013,100
acceso_electricidad,USA,Estados Unidos,2014,100
acceso_electricidad,USA,Estados Unidos,2015,100
acceso_electricidad,USA,Estados Unidos,2016,100
acceso_electricidad,USA,Estados Unidos,2017,100
acceso_electricidad,USA,Estados Unidos,2018,100
acceso_electricidad,USA,Estados Unidos,2019,100
acceso_electricidad,USA,Estados Unidos,2020,100
acceso_electricidad,USA,Estados Unidos,2021,100
acceso_electricidad,USA,Estados Unidos,2022,100
acceso_electricidad,USA,Estados Unidos,2023,100
acceso_electricidad,USA,Estados Unidos,2024,100
agua_basica,ARG,Argentina,2000,96.28402561
agua_basica,ARG,Argentina,2001,96.52281856
agua_basica,ARG,Argentina,2002,96.75547393
agua_basica,ARG,Argentina,2003,96.98241516
agua_basica,ARG,Argentina,2004,97.20433893
agua_basica,ARG,Argentina,2005,97.42118481
agua_basica,ARG,Argentina,2006,97.63321214
agua_basica,ARG,Argentina,2007,97.84036032
agua_basica,ARG,Argentina,2008,98.04287487
agua_basica,ARG,Argentina,2009,98.24073667
agua_basica,ARG,Argentina,2010,98.43405153
agua_basica,ARG,Argentina,2011,98.62185734
agua_basica,ARG,Argentina,2012,98.80529929
agua_basica,ARG,Argentina,2013,98.86420476
agua_basica,ARG,Argentina,2014,98.92324819
agua_basica,ARG,Argentina,2015,98.98230767
agua_basica,ARG,Argentina,2016,99.04137385
agua_basica,AUS,Australia,2000,99.71229676
agua_basica,AUS,Australia,2001,99.71124304
agua_basica,AUS,Australia,2002,99.71219199
agua_basica,AUS,Australia,2003,99.73436016
agua_basica,AUS,Australia,2004,99.7563425
agua_basica,AUS,Australia,2005,99.77814763
agua_basica,AUS,Australia,2006,99.79977303
agua_basica,AUS,Australia,2007,99.82124808
agua_basica,AUS,Australia,2008,99.84255312
agua_basica,AUS,Australia,2009,99.86367871
agua_basica,AUS,Australia,2010,99.88314268
agua_basica,AUS,Australia,2011,99.89196712
agua_basica,AUS,Australia,2012,99.90077173
agua_basica,AUS,Australia,2013,99.90958746
agua_basica,AUS,Australia,2014,99.96148252
agua_basica,AUS,Australia,2015,99.97000649
agua_basica,AUS,Australia,2016,99.96996855
agua_basica,AUS,Australia,2017,99.96993296
agua_basica,AUS,Australia,2018,99.96989407
agua_basica,AUS,Australia,2019,99.9698532
agua_basica,AUS,Australia,2020,99.96981571
agua_basica,AUS,Australia,2021,99.96977327
agua_basica,AUS,Australia,2022,99.9697269
agua_basica,AUS,Australia,2023,99.96968414
agua_basica,AUS,Australia,2024,99.96963596
agua_basica,BRA,Brasil,2000,93.54166897
agua_basica,BRA,Brasil,2001,93.87117719
agua_basica,BRA,Brasil,2002,94.18642781
agua_basica,BRA,Brasil,2003,94.4949101
agua_basica,BRA,Brasil,2004,94.79651037
agua_basica,BRA,Brasil,2005,95.09137722
agua_basica,BRA,Brasil,2006,95.37982102
agua_basica,BRA,Brasil,2007,95.66195565
agua_basica,BRA,Brasil,2008,95.93789409
agua_basica,BRA,Brasil,2009,96.20741143
agua_basica,BRA,Brasil,2010,96.47098009
agua_basica,BRA,Brasil,2011,96.73003073
agua_basica,BRA,Brasil,2012,96.98318949
agua_basica,BRA,Brasil,2013,97.23031035
agua_basica,BRA,Brasil,2014,97.4719067
agua_basica,BRA,Brasil,2015,97.70784921
agua_basica,BRA,Brasil,2016,97.92176055
agua_basica,BRA,Brasil,2017,98.19788083
agua_basica,BRA,Brasil,2018,98.55801205
agua_basica,BRA,Brasil,2019,98.77313415
agua_basica,BRA,Brasil,2020,99.07206777
agua_basica,BRA,Brasil,2021,99.42726488
agua_basica,BRA,Brasil,2022,99.6149419
agua_basica,BRA,Brasil,2023,99.89805951
agua_basica,BRA,Brasil,2024,99.99999873
agua_basica,CAN,Canada,2000,99.55480669
agua_basica,CAN,Canada,2001,99.55944039
agua_basica,CAN,Canada,2002,99.56053101
agua_basica,CAN,Canada,2003,99.56163798
agua_basica,CAN,Canada,2004,99.56272646
agua_basica,CAN,Canada,2005,99.4969698
agua_basica,CAN,Canada,2006,99.43126102
agua_basica,CAN,Canada,2007,99.36645059
agua_basica,CAN,Canada,2008,99.30131821
agua_basica,CAN,Canada,2009,99.23586127
agua_basica,CAN,Canada,2010,99.17009092
agua_basica,CAN,Canada,2011,99.1038602
agua_basica,CAN,Canada,2012,99.03650466
agua_basica,CAN,Canada,2013,98.96908285
agua_basica,CAN,Canada,2014,98.90158657
agua_basica,CAN,Canada,2015,98.83403069
agua_basica,CAN,Canada,2016,98.76640205
agua_basica,CAN,Canada,2017,98.69872718
agua_basica,CAN,Canada,2018,98.63099967
agua_basica,CAN,Canada,2019,98.56317826
agua_basica,CAN,Canada,2020,98.49524424
agua_basica,CAN,Canada,2021,98.42716624
agua_basica,CAN,Canada,2022,98.35892859
agua_basica,CAN,Canada,2023,98.29050397
agua_basica,CAN,Canada,2024,98.29026086
agua_basica,CHL,Chile,2000,96.3391511
agua_basica,CHL,Chile,2001,96.5072403
agua_basica,CHL,Chile,2002,96.66258595
agua_basica,CHL,Chile,2003,96.7800042
agua_basica,CHL,Chile,2004,96.89688969
agua_basica,CHL,Chile,2005,97.01269053
agua_basica,CHL,Chile,2006,97.1279538
agua_basica,CHL,Chile,2007,97.24233874
agua_basica,CHL,Chile,2008,97.3561722
agua_basica,CHL,Chile,2009,97.46913785
agua_basica,CHL,Chile,2010,97.58124579
agua_basica,CHL,Chile,2011,97.6928032
agua_basica,CHL,Chile,2012,97.80352154
agua_basica,CHL,Chile,2013,97.91354211
agua_basica,CHL,Chile,2014,98.02287242
agua_basica,CHL,Chile,2015,98.13151042
agua_basica,CHL,Chile,2016,98.24000684
agua_basica,CHL,Chile,2017,98.34837842
agua_basica,CHL,Chile,2018,98.45651552
agua_basica,CHL,Chile,2019,98.56421512
agua_basica,CHL,Chile,2020,98.67139119
agua_basica,CHL,Chile,2021,98.77802121
agua_basica,CHL,Chile,2022,98.88392741
agua_basica,CHL,Chile,2023,98.98902509
agua_basica,CHL,Chile,2024,99.08116122
agua_basica,COL,Colombia,2000,90.91903004
agua_basica,COL,Colombia,2001,91.2370228
agua_basica,COL,Colombia,2002,91.54972291
agua_basica,COL,Colombia,2003,91.85719244
agua_basica,COL,Colombia,2004,92.15922961
agua_basica,COL,Colombia,2005,92.45590193
agua_basica,COL,Colombia,2006,92.74728929
agua_basica,COL,Colombia,2007,93.03321134
agua_basica,COL,Colombia,2008,93.3140147
agua_basica,COL,Colombia,2009,93.58975875
agua_basica,COL,Colombia,2010,93.86029941
agua_basica,COL,Colombia,2011,94.12570821
agua_basica,COL,Colombia,2012,94.38631667
agua_basica,COL,Colombia,2013,94.64197211
agua_basica,COL,Colombia,2014,94.89275425
agua_basica,COL,Colombia,2015,95.13898462
agua_basica,COL,Colombia,2016,95.3807153
agua_basica,COL,Colombia,2017,95.6178346
agua_basica,COL,Colombia,2018,95.85042841
agua_basica,COL,Colombia,2019,96.07858307
agua_basica,COL,Colombia,2020,96.30258369
agua_basica,COL,Colombia,2021,96.52230814
agua_basica,COL,Colombia,2022,96.73803532
agua_basica,COL,Colombia,2023,96.94965897
agua_basica,COL,Colombia,2024,97.09657111
agua_basica,ESP,Espana,2000,99.99999863
agua_basica,ESP,Espana,2001,99.99999911
agua_basica,ESP,Espana,2002,100
agua_basica,ESP,Espana,2003,99.99999993
agua_basica,ESP,Espana,2004,99.99999642
agua_basica,ESP,Espana,2005,100
agua_basica,ESP,Espana,2006,100
agua_basica,ESP,Espana,2007,100
agua_basica,ESP,Espana,2008,100
agua_basica,ESP,Espana,2009,99.99999933
agua_basica,ESP,Espana,2010,99.99999728
agua_basica,ESP,Espana,2011,99.99999993
agua_basica,ESP,Espana,2012,99.98616772
agua_basica,ESP,Espana,2013,99.95664084
agua_basica,ESP,Espana,2014,99.9269429
agua_basica,ESP,Espana,2015,99.92671949
agua_basica,ESP,Espana,2016,99.92650658
agua_basica,ESP,Espana,2017,99.92627772
agua_basica,ESP,Espana,2018,99.92606128
agua_basica,ESP,Espana,2019,99.92583224
agua_basica,ESP,Espana,2020,99.92560697
agua_basica,ESP,Espana,2021,99.92538829
agua_basica,ESP,Espana,2022,99.92515135
agua_basica,ESP,Espana,2023,99.92492972
agua_basica,ESP,Espana,2024,99.92470014
agua_basica,LCN,America Latina y el Caribe,2000,91.1362207
agua_basica,LCN,America Latina y el Caribe,2001,91.50199754
agua_basica,LCN,America Latina y el Caribe,2002,91.86591905
agua_basica,LCN,America Latina y el Caribe,2003,92.22185782
agua_basica,LCN,America Latina y el Caribe,2004,92.56027447
agua_basica,LCN,America Latina y el Caribe,2005,92.89361962
agua_basica,LCN,America Latina y el Caribe,2006,93.20843847
agua_basica,LCN,America Latina y el Caribe,2007,93.49712231
agua_basica,LCN,America Latina y el Caribe,2008,93.77724733
agua_basica,LCN,America Latina y el Caribe,2009,94.04662986
agua_basica,LCN,America Latina y el Caribe,2010,94.31542791
agua_basica,LCN,America Latina y el Caribe,2011,94.58946371
agua_basica,LCN,America Latina y el Caribe,2012,94.85600214
agua_basica,LCN,America Latina y el Caribe,2013,95.10873266
agua_basica,LCN,America Latina y el Caribe,2014,95.35715799
agua_basica,LCN,America Latina y el Caribe,2015,95.60097146
agua_basica,LCN,America Latina y el Caribe,2016,95.83577971
agua_basica,LCN,America Latina y el Caribe,2017,95.85919118
agua_basica,LCN,America Latina y el Caribe,2018,96.15646859
agua_basica,LCN,America Latina y el Caribe,2019,96.40294918
agua_basica,LCN,America Latina y el Caribe,2020,96.67814652
agua_basica,LCN,America Latina y el Caribe,2021,96.96796713
agua_basica,LCN,America Latina y el Caribe,2022,97.17829876
agua_basica,LCN,America Latina y el Caribe,2023,97.40093707
agua_basica,LCN,America Latina y el Caribe,2024,97.55458406
agua_basica,MEX,Mexico,2000,91.56233229
agua_basica,MEX,Mexico,2001,92.04474453
agua_basica,MEX,Mexico,2002,92.52265727
agua_basica,MEX,Mexico,2003,92.99606348
agua_basica,MEX,Mexico,2004,93.46513234
agua_basica,MEX,Mexico,2005,93.9295704
agua_basica,MEX,Mexico,2006,94.38954942
agua_basica,MEX,Mexico,2007,94.84496646
agua_basica,MEX,Mexico,2008,95.27917867
agua_basica,MEX,Mexico,2009,95.58504992
agua_basica,MEX,Mexico,2010,95.88749786
agua_basica,MEX,Mexico,2011,96.18696014
agua_basica,MEX,Mexico,2012,96.48314726
agua_basica,MEX,Mexico,2013,96.77626371
agua_basica,MEX,Mexico,2014,97.0663144
agua_basica,MEX,Mexico,2015,97.35313856
agua_basica,MEX,Mexico,2016,97.63690854
agua_basica,MEX,Mexico,2017,97.91750376
agua_basica,MEX,Mexico,2018,98.19500891
agua_basica,MEX,Mexico,2019,98.46943437
agua_basica,MEX,Mexico,2020,98.74080727
agua_basica,MEX,Mexico,2021,99.00909349
agua_basica,MEX,Mexico,2022,99.27379861
agua_basica,MEX,Mexico,2023,99.40951961
agua_basica,MEX,Mexico,2024,99.54136763
agua_basica,OED,Miembros OCDE,2000,97.4202591
agua_basica,OED,Miembros OCDE,2001,97.49959077
agua_basica,OED,Miembros OCDE,2002,97.65372634
agua_basica,OED,Miembros OCDE,2003,97.740779
agua_basica,OED,Miembros OCDE,2004,97.82798035
agua_basica,OED,Miembros OCDE,2005,98.15982346
agua_basica,OED,Miembros OCDE,2006,98.22764233
agua_basica,OED,Miembros OCDE,2007,98.30023752
agua_basica,OED,Miembros OCDE,2008,98.36826119
agua_basica,OED,Miembros OCDE,2009,98.42554313
agua_basica,OED,Miembros OCDE,2010,98.48550905
agua_basica,OED,Miembros OCDE,2011,98.54353735
agua_basica,OED,Miembros OCDE,2012,98.60302354
agua_basica,OED,Miembros OCDE,2013,98.66131574
agua_basica,OED,Miembros OCDE,2014,98.72119922
agua_basica,OED,Miembros OCDE,2015,98.77766985
agua_basica,OED,Miembros OCDE,2016,98.8334589
agua_basica,OED,Miembros OCDE,2017,98.88753823
agua_basica,OED,Miembros OCDE,2018,98.94034495
agua_basica,OED,Miembros OCDE,2019,98.992397
agua_basica,OED,Miembros OCDE,2020,99.04634463
agua_basica,OED,Miembros OCDE,2021,99.09196255
agua_basica,OED,Miembros OCDE,2022,99.13421581
agua_basica,OED,Miembros OCDE,2023,99.15373878
agua_basica,OED,Miembros OCDE,2024,99.16310491
agua_basica,PER,Peru,2000,80.407706
agua_basica,PER,Peru,2001,81.16520056
agua_basica,PER,Peru,2002,81.91208985
agua_basica,PER,Peru,2003,82.64886736
agua_basica,PER,Peru,2004,83.3752477
agua_basica,PER,Peru,2005,84.09101407
agua_basica,PER,Peru,2006,84.796972
agua_basica,PER,Peru,2007,85.49257876
agua_basica,PER,Peru,2008,86.13887309
agua_basica,PER,Peru,2009,86.76216283
agua_basica,PER,Peru,2010,87.38150931
agua_basica,PER,Peru,2011,87.99636402
agua_basica,PER,Peru,2012,88.60729522
agua_basica,PER,Peru,2013,89.21380174
agua_basica,PER,Peru,2014,89.81618344
agua_basica,PER,Peru,2015,90.41467207
agua_basica,PER,Peru,2016,91.0088509
agua_basica,PER,Peru,2017,91.59896727
agua_basica,PER,Peru,2018,92.18631716
agua_basica,PER,Peru,2019,92.77049249
agua_basica,PER,Peru,2020,93.35144085
agua_basica,PER,Peru,2021,93.92878085
agua_basica,PER,Peru,2022,94.50230377
agua_basica,PER,Peru,2023,95.07192332
agua_basica,PER,Peru,2024,95.63708238
agua_basica,URY,Uruguay,2000,97.06156291
agua_basica,URY,Uruguay,2001,97.12423762
agua_basica,URY,Uruguay,2002,97.19621113
agua_basica,URY,Uruguay,2003,97.26665565
agua_basica,URY,Uruguay,2004,97.33510387
agua_basica,URY,Uruguay,2005,97.53285525
agua_basica,URY,Uruguay,2006,97.72303758
agua_basica,URY,Uruguay,2007,97.90571498
agua_basica,URY,Uruguay,2008,98.08138813
agua_basica,URY,Uruguay,2009,98.25015375
agua_basica,URY,Uruguay,2010,98.41261954
agua_basica,URY,Uruguay,2011,98.56888278
agua_basica,URY,Uruguay,2012,98.71114855
agua_basica,URY,Uruguay,2013,98.84757293
agua_basica,URY,Uruguay,2014,98.98115123
agua_basica,URY,Uruguay,2015,99.11195363
agua_basica,URY,Uruguay,2016,99.24013342
agua_basica,URY,Uruguay,2017,99.36560025
agua_basica,URY,Uruguay,2018,99.48852726
agua_basica,URY,Uruguay,2019,99.55454659
agua_basica,URY,Uruguay,2020,99.57030383
agua_basica,URY,Uruguay,2021,99.58603355
agua_basica,URY,Uruguay,2022,99.60165798
agua_basica,URY,Uruguay,2023,99.61720685
agua_basica,URY,Uruguay,2024,99.63269139
agua_basica,USA,Estados Unidos,2005,98.89697235
agua_basica,USA,Estados Unidos,2006,98.9038126
agua_basica,USA,Estados Unidos,2007,98.91060809
agua_basica,USA,Estados Unidos,2008,98.91736711
agua_basica,USA,Estados Unidos,2009,98.92408685
agua_basica,USA,Estados Unidos,2010,99.01064744
agua_basica,USA,Estados Unidos,2011,99.09636998
agua_basica,USA,Estados Unidos,2012,99.18111059
agua_basica,USA,Estados Unidos,2013,99.26488959
agua_basica,USA,Estados Unidos,2014,99.34764151
agua_basica,USA,Estados Unidos,2015,99.4293351
agua_basica,USA,Estados Unidos,2016,99.50989818
agua_basica,USA,Estados Unidos,2017,99.58934291
agua_basica,USA,Estados Unidos,2018,99.66758226
agua_basica,USA,Estados Unidos,2019,99.74463168
agua_basica,USA,Estados Unidos,2020,99.82042046
agua_basica,USA,Estados Unidos,2021,99.894944
agua_basica,USA,Estados Unidos,2022,99.96411467
agua_basica,USA,Estados Unidos,2023,99.9804979
agua_basica,USA,Estados Unidos,2024,99.98044435
banda_ancha_fija,ARG,Argentina,2001,0.2498350491
banda_ancha_fija,ARG,Argentina,2002,0.3891731094
banda_ancha_fija,ARG,Argentina,2003,0.6736599528
banda_ancha_fija,ARG,Argentina,2004,1.398598966
banda_ancha_fija,ARG,Argentina,2005,2.363074652
banda_ancha_fija,ARG,Argentina,2006,3.997043065
banda_ancha_fija,ARG,Argentina,2007,6.497277154
banda_ancha_fija,ARG,Argentina,2008,7.705149407
banda_ancha_fija,ARG,Argentina,2009,8.593906557
banda_ancha_fija,ARG,Argentina,2010,9.756273715
banda_ancha_fija,ARG,Argentina,2011,10.95602849
banda_ancha_fija,ARG,Argentina,2012,12.21151053
banda_ancha_fija,ARG,Argentina,2013,14.67980181
banda_ancha_fija,ARG,Argentina,2014,15.1530477
banda_ancha_fija,ARG,Argentina,2015,15.76887805
banda_ancha_fija,ARG,Argentina,2016,16.51849954
banda_ancha_fija,ARG,Argentina,2017,17.70822726
banda_ancha_fija,ARG,Argentina,2018,18.97587592
banda_ancha_fija,ARG,Argentina,2019,19.55193134
banda_ancha_fija,ARG,Argentina,2020,21.17978716
banda_ancha_fija,ARG,Argentina,2021,23.15000209
banda_ancha_fija,ARG,Argentina,2022,24.68317851
banda_ancha_fija,ARG,Argentina,2023,25.35807307
banda_ancha_fija,ARG,Argentina,2024,26.09764204
banda_ancha_fija,AUS,Australia,2001,0.6341195676
banda_ancha_fija,AUS,Australia,2002,1.317148886
banda_ancha_fija,AUS,Australia,2003,2.607539037
banda_ancha_fija,AUS,Australia,2004,5.048218216
banda_ancha_fija,AUS,Australia,2005,9.933730781
banda_ancha_fija,AUS,Australia,2006,18.94071939
banda_ancha_fija,AUS,Australia,2008,24.87062944
banda_ancha_fija,AUS,Australia,2009,23.96822
banda_ancha_fija,AUS,Australia,2010,24.88530516
banda_ancha_fija,AUS,Australia,2011,24.69775609
banda_ancha_fija,AUS,Australia,2012,25.09556443
banda_ancha_fija,AUS,Australia,2013,25.73993158
banda_ancha_fija,AUS,Australia,2014,27.7000785
banda_ancha_fija,AUS,Australia,2015,28.51177313
banda_ancha_fija,AUS,Australia,2016,30.3083075
banda_ancha_fija,AUS,Australia,2017,32.03262233
banda_ancha_fija,AUS,Australia,2018,33.54862513
banda_ancha_fija,AUS,Australia,2019,34.54341637
banda_ancha_fija,AUS,Australia,2020,35.34684927
banda_ancha_fija,AUS,Australia,2021,35.83598615
banda_ancha_fija,AUS,Australia,2022,36.39332019
banda_ancha_fija,AUS,Australia,2023,36.62742649
banda_ancha_fija,AUS,Australia,2024,36.47882761
banda_ancha_fija,BRA,Brasil,2000,0.05746522656
banda_ancha_fija,BRA,Brasil,2001,0.1877468754
banda_ancha_fija,BRA,Brasil,2002,0.4095158165
banda_ancha_fija,BRA,Brasil,2003,0.5349560516
banda_ancha_fija,BRA,Brasil,2004,1.728459575
banda_ancha_fija,BRA,Brasil,2005,1.750952001
banda_ancha_fija,BRA,Brasil,2006,2.553939285
banda_ancha_fija,BRA,Brasil,2007,4.035724408
banda_ancha_fija,BRA,Brasil,2008,5.261887885
banda_ancha_fija,BRA,Brasil,2009,6.106829442
banda_ancha_fija,BRA,Brasil,2010,7.279684861
banda_ancha_fija,BRA,Brasil,2011,9.131820309
banda_ancha_fija,BRA,Brasil,2012,9.711511418
banda_ancha_fija,BRA,Brasil,2013,10.76220177
banda_ancha_fija,BRA,Brasil,2014,11.97907729
banda_ancha_fija,BRA,Brasil,2015,12.63538405
banda_ancha_fija,BRA,Brasil,2016,13.21770903
banda_ancha_fija,BRA,Brasil,2017,14.12182731
banda_ancha_fija,BRA,Brasil,2018,15.1537621
banda_ancha_fija,BRA,Brasil,2019,15.86219912
banda_ancha_fija,BRA,Brasil,2020,17.41805969
banda_ancha_fija,BRA,Brasil,2021,19.83631624
banda_ancha_fija,BRA,Brasil,2022,20.9534469
banda_ancha_fija,BRA,Brasil,2023,22.41923016
banda_ancha_fija,BRA,Brasil,2024,24.07919934
banda_ancha_fija,CAN,Canada,2000,4.567334577
banda_ancha_fija,CAN,Canada,2001,9.085789815
banda_ancha_fija,CAN,Canada,2002,11.14614139
banda_ancha_fija,CAN,Canada,2003,14.17556123
banda_ancha_fija,CAN,Canada,2004,16.85511553
banda_ancha_fija,CAN,Canada,2005,21.59051371
banda_ancha_fija,CAN,Canada,2006,24.55495592
banda_ancha_fija,CAN,Canada,2007,27.42437781
banda_ancha_fija,CAN,Canada,2008,29.42473015
banda_ancha_fija,CAN,Canada,2009,30.42005394
banda_ancha_fija,CAN,Canada,2010,31.63182428
banda_ancha_fija,CAN,Canada,2011,32.65064801
banda_ancha_fija,CAN,Canada,2012,33.47385967
banda_ancha_fija,CAN,Canada,2013,34.26830425
banda_ancha_fija,CAN,Canada,2014,35.26942496
banda_ancha_fija,CAN,Canada,2015,36.46985891
banda_ancha_fija,CAN,Canada,2016,36.82328748
banda_ancha_fija,CAN,Canada,2017,37.82769234
banda_ancha_fija,CAN,Canada,2018,38.73335317
banda_ancha_fija,CAN,Canada,2019,40.07675687
banda_ancha_fija,CAN,Canada,2020,40.79498056
banda_ancha_fija,CAN,Canada,2021,41.69309626
banda_ancha_fija,CAN,Canada,2022,42.17921165
banda_ancha_fija,CAN,Canada,2023,42.52417708
banda_ancha_fija,CAN,Canada,2024,42.52382152
banda_ancha_fija,CHL,Chile,2000,0.04953676993
banda_ancha_fija,CHL,Chile,2001,0.4254249069
banda_ancha_fija,CHL,Chile,2002,1.188390032
banda_ancha_fija,CHL,Chile,2003,2.198062098
banda_ancha_fija,CHL,Chile,2004,2.95838311
banda_ancha_fija,CHL,Chile,2005,4.334048698
banda_ancha_fija,CHL,Chile,2006,6.127773038
banda_ancha_fija,CHL,Chile,2007,7.811556684
banda_ancha_fija,CHL,Chile,2008,8.475438073
banda_ancha_fija,CHL,Chile,2009,9.727819917
banda_ancha_fija,CHL,Chile,2010,10.41445013
banda_ancha_fija,CHL,Chile,2011,11.59097123
banda_ancha_fija,CHL,Chile,2012,12.36551907
banda_ancha_fija,CHL,Chile,2013,12.97658292
banda_ancha_fija,CHL,Chile,2014,13.93691124
banda_ancha_fija,CHL,Chile,2015,15.06812669
banda_ancha_fija,CHL,Chile,2016,15.90050287
banda_ancha_fija,CHL,Chile,2017,16.50096331
banda_ancha_fija,CHL,Chile,2018,17.20666456
banda_ancha_fija,CHL,Chile,2019,17.8649533
banda_ancha_fija,CHL,Chile,2020,19.43058726
banda_ancha_fija,CHL,Chile,2021,22.01404437
banda_ancha_fija,CHL,Chile,2022,22.79018972
banda_ancha_fija,CHL,Chile,2023,22.99541656
banda_ancha_fija,CHL,Chile,2024,23.73140574
banda_ancha_fija,COL,Colombia,2000,0.0226963801
banda_ancha_fija,COL,Colombia,2001,0.03482814664
banda_ancha_fija,COL,Colombia,2002,0.08651773554
banda_ancha_fija,COL,Colombia,2003,0.157401189
banda_ancha_fija,COL,Colombia,2004,0.3059780872
banda_ancha_fija,COL,Colombia,2005,0.7564460917
banda_ancha_fija,COL,Colombia,2006,1.471213521
banda_ancha_fija,COL,Colombia,2007,2.791903685
banda_ancha_fija,COL,Colombia,2008,4.049671554
banda_ancha_fija,COL,Colombia,2009,4.776842984
banda_ancha_fija,COL,Colombia,2010,5.902615563
banda_ancha_fija,COL,Colombia,2011,7.397637108
banda_ancha_fija,COL,Colombia,2012,8.615524914
banda_ancha_fija,COL,Colombia,2013,9.831994065
banda_ancha_fija,COL,Colombia,2014,10.79898781
banda_ancha_fija,COL,Colombia,2015,11.76446681
banda_ancha_fija,COL,Colombia,2016,12.46475152
banda_ancha_fija,COL,Colombia,2017,13.1537299
banda_ancha_fija,COL,Colombia,2018,13.62287788
banda_ancha_fija,COL,Colombia,2019,13.92533079
banda_ancha_fija,COL,Colombia,2020,15.33630745
banda_ancha_fija,COL,Colombia,2021,16.47679045
banda_ancha_fija,COL,Colombia,2022,17.00746555
banda_ancha_fija,COL,Colombia,2023,17.03698153
banda_ancha_fija,COL,Colombia,2024,17.22441568
banda_ancha_fija,ESP,Espana,2000,0.186149246
banda_ancha_fija,ESP,Espana,2001,1.131272212
banda_ancha_fija,ESP,Espana,2002,2.987606196
banda_ancha_fija,ESP,Espana,2003,4.992007936
banda_ancha_fija,ESP,Espana,2004,7.867341608
banda_ancha_fija,ESP,Espana,2005,11.45434649
banda_ancha_fija,ESP,Espana,2006,15.07784417
banda_ancha_fija,ESP,Espana,2007,17.6985901
banda_ancha_fija,ESP,Espana,2008,19.75981038
banda_ancha_fija,ESP,Espana,2009,21.01545872
banda_ancha_fija,ESP,Espana,2010,22.74181231
banda_ancha_fija,ESP,Espana,2011,23.76228517
banda_ancha_fija,ESP,Espana,2012,24.51074871
banda_ancha_fija,ESP,Espana,2013,26.14587984
banda_ancha_fija,ESP,Espana,2014,27.83586616
banda_ancha_fija,ESP,Espana,2015,29.00993293
banda_ancha_fija,ESP,Espana,2016,30.19863085
banda_ancha_fija,ESP,Espana,2017,31.29646128
banda_ancha_fija,ESP,Espana,2018,32.22774444
banda_ancha_fija,ESP,Espana,2019,32.92200237
banda_ancha_fija,ESP,Espana,2020,33.95275902
banda_ancha_fija,ESP,Espana,2021,34.93024209
banda_ancha_fija,ESP,Espana,2022,35.78464143
banda_ancha_fija,ESP,Espana,2023,37.21481815
banda_ancha_fija,ESP,Espana,2024,39.23375419
banda_ancha_fija,LCN,America Latina y el Caribe,2000,0.03541926426
banda_ancha_fija,LCN,America Latina y el Caribe,2001,0.1433811902
banda_ancha_fija,LCN,America Latina y el Caribe,2002,0.3202756974
banda_ancha_fija,LCN,America Latina y el Caribe,2003,0.4963634867
banda_ancha_fija,LCN,America Latina y el Caribe,2004,1.210185303
banda_ancha_fija,LCN,America Latina y el Caribe,2005,1.586630615
banda_ancha_fija,LCN,America Latina y el Caribe,2006,2.429763198
banda_ancha_fija,LCN,America Latina y el Caribe,2007,3.621887758
banda_ancha_fija,LCN,America Latina y el Caribe,2008,4.977581581
banda_ancha_fija,LCN,America Latina y el Caribe,2009,5.967519374
banda_ancha_fija,LCN,America Latina y el Caribe,2010,6.761862771
banda_ancha_fija,LCN,America Latina y el Caribe,2011,8.104485169
banda_ancha_fija,LCN,America Latina y el Caribe,2012,8.596391551
banda_ancha_fija,LCN,America Latina y el Caribe,2013,9.304196786
banda_ancha_fija,LCN,America Latina y el Caribe,2014,10.01410961
banda_ancha_fija,LCN,America Latina y el Caribe,2015,10.8
banda_ancha_fija,LCN,America Latina y el Caribe,2016,11.5
banda_ancha_fija,LCN,America Latina y el Caribe,2017,12.2
banda_ancha_fija,LCN,America Latina y el Caribe,2018,13
banda_ancha_fija,LCN,America Latina y el Caribe,2019,13.5
banda_ancha_fija,LCN,America Latina y el Caribe,2020,15.03
banda_ancha_fija,LCN,America Latina y el Caribe,2021,16.59
banda_ancha_fija,LCN,America Latina y el Caribe,2022,17.57
banda_ancha_fija,LCN,America Latina y el Caribe,2023,18.32
banda_ancha_fija,LCN,America Latina y el Caribe,2024,19.39
banda_ancha_fija,LCN,America Latina y el Caribe,2025,20.54
banda_ancha_fija,MEX,Mexico,2000,0.01520904035
banda_ancha_fija,MEX,Mexico,2001,0.04995049955
banda_ancha_fija,MEX,Mexico,2002,0.2279558214
banda_ancha_fija,MEX,Mexico,2003,0.4159809452
banda_ancha_fija,MEX,Mexico,2004,1.012779157
banda_ancha_fija,MEX,Mexico,2005,1.81677032
banda_ancha_fija,MEX,Mexico,2006,2.815754568
banda_ancha_fija,MEX,Mexico,2007,4.141069642
banda_ancha_fija,MEX,Mexico,2008,6.824626583
banda_ancha_fija,MEX,Mexico,2009,8.608207158
banda_ancha_fija,MEX,Mexico,2010,9.313943163
banda_ancha_fija,MEX,Mexico,2011,10.03620039
banda_ancha_fija,MEX,Mexico,2012,11.19455282
banda_ancha_fija,MEX,Mexico,2013,10.7719183
banda_ancha_fija,MEX,Mexico,2014,10.87999282
banda_ancha_fija,MEX,Mexico,2015,12.18915084
banda_ancha_fija,MEX,Mexico,2016,13.0255992
banda_ancha_fija,MEX,Mexico,2017,13.77672135
banda_ancha_fija,MEX,Mexico,2018,14.73739512
banda_ancha_fija,MEX,Mexico,2019,15.38851552
banda_ancha_fija,MEX,Mexico,2020,17.75205594
banda_ancha_fija,MEX,Mexico,2021,19.27967259
banda_ancha_fija,MEX,Mexico,2022,20.60702564
banda_ancha_fija,MEX,Mexico,2023,20.75291738
banda_ancha_fija,MEX,Mexico,2024,21.73672254
banda_ancha_fija,OED,Miembros OCDE,2000,1.445181512
banda_ancha_fija,OED,Miembros OCDE,2001,2.885728486
banda_ancha_fija,OED,Miembros OCDE,2002,4.805458384
banda_ancha_fija,OED,Miembros OCDE,2003,6.928770833
banda_ancha_fija,OED,Miembros OCDE,2004,9.765750929
banda_ancha_fija,OED,Miembros OCDE,2005,13.17217867
banda_ancha_fija,OED,Miembros OCDE,2006,16.38632747
banda_ancha_fija,OED,Miembros OCDE,2007,19.33789132
banda_ancha_fija,OED,Miembros OCDE,2008,21.31853379
banda_ancha_fija,OED,Miembros OCDE,2009,22.75618987
banda_ancha_fija,OED,Miembros OCDE,2010,24.01488547
banda_ancha_fija,OED,Miembros OCDE,2011,25.1492065
banda_ancha_fija,OED,Miembros OCDE,2012,25.99960398
banda_ancha_fija,OED,Miembros OCDE,2013,26.82292478
banda_ancha_fija,OED,Miembros OCDE,2014,27.4725983
banda_ancha_fija,OED,Miembros OCDE,2015,28.50982066
banda_ancha_fija,OED,Miembros OCDE,2016,29.40767087
banda_ancha_fija,OED,Miembros OCDE,2017,30.27624665
banda_ancha_fija,OED,Miembros OCDE,2018,31.04796492
banda_ancha_fija,OED,Miembros OCDE,2019,31.82426817
banda_ancha_fija,OED,Miembros OCDE,2020,33.32320413
banda_ancha_fija,OED,Miembros OCDE,2021,34.31851694
banda_ancha_fija,OED,Miembros OCDE,2022,34.87993509
banda_ancha_fija,PER,Peru,2000,0.004052885875
banda_ancha_fija,PER,Peru,2002,0.1370591563
banda_ancha_fija,PER,Peru,2003,0.3404870617
banda_ancha_fija,PER,Peru,2004,0.8172068336
banda_ancha_fija,PER,Peru,2005,1.254829868
banda_ancha_fija,PER,Peru,2006,1.711942502
banda_ancha_fija,PER,Peru,2007,1.998612091
banda_ancha_fija,PER,Peru,2008,2.526417926
banda_ancha_fija,PER,Peru,2009,2.864201866
banda_ancha_fija,PER,Peru,2010,3.206017984
banda_ancha_fija,PER,Peru,2011,4.135146887
banda_ancha_fija,PER,Peru,2012,4.882457293
banda_ancha_fija,PER,Peru,2013,5.408868406
banda_ancha_fija,PER,Peru,2014,5.867536225
banda_ancha_fija,PER,Peru,2015,6.564729329
banda_ancha_fija,PER,Peru,2016,6.870757657
banda_ancha_fija,PER,Peru,2017,7.375079877
banda_ancha_fija,PER,Peru,2018,8.095108394
banda_ancha_fija,PER,Peru,2019,7.387785802
banda_ancha_fija,PER,Peru,2020,8.411865203
banda_ancha_fija,PER,Peru,2021,9.057714103
banda_ancha_fija,PER,Peru,2022,9.45023632
banda_ancha_fija,PER,Peru,2023,10.43642667
banda_ancha_fija,PER,Peru,2024,11.67886712
banda_ancha_fija,URY,Uruguay,2004,0.8223814461
banda_ancha_fija,URY,Uruguay,2005,1.477248414
banda_ancha_fija,URY,Uruguay,2006,3.24006097
banda_ancha_fija,URY,Uruguay,2007,5.007900999
banda_ancha_fija,URY,Uruguay,2008,7.405145151
banda_ancha_fija,URY,Uruguay,2009,9.59139794
banda_ancha_fija,URY,Uruguay,2010,11.55762404
banda_ancha_fija,URY,Uruguay,2011,14.2140329
banda_ancha_fija,URY,Uruguay,2012,17.40927103
banda_ancha_fija,URY,Uruguay,2013,22.03299697
banda_ancha_fija,URY,Uruguay,2014,25.03508292
banda_ancha_fija,URY,Uruguay,2015,26.74965714
banda_ancha_fija,URY,Uruguay,2016,27.27433601
banda_ancha_fija,URY,Uruguay,2017,28.1333464
banda_ancha_fija,URY,Uruguay,2018,28.79305377
banda_ancha_fija,URY,Uruguay,2019,29.80125432
banda_ancha_fija,URY,Uruguay,2020,31.29482243
banda_ancha_fija,URY,Uruguay,2021,32.54510635
banda_ancha_fija,URY,Uruguay,2022,33.48655657
banda_ancha_fija,URY,Uruguay,2023,32.40320996
banda_ancha_fija,URY,Uruguay,2024,33.04402543
banda_ancha_fija,USA,Estados Unidos,2000,2.511642122
banda_ancha_fija,USA,Estados Unidos,2001,4.500080289
banda_ancha_fija,USA,Estados Unidos,2002,6.925333907
banda_ancha_fija,USA,Estados Unidos,2003,9.570047198
banda_ancha_fija,USA,Estados Unidos,2004,12.75760717
banda_ancha_fija,USA,Estados Unidos,2005,17.29910966
banda_ancha_fija,USA,Estados Unidos,2006,20.16458302
banda_ancha_fija,USA,Estados Unidos,2007,23.75529953
banda_ancha_fija,USA,Estados Unidos,2008,25.29098462
banda_ancha_fija,USA,Estados Unidos,2009,25.96945101
banda_ancha_fija,USA,Estados Unidos,2010,27.17200601
banda_ancha_fija,USA,Estados Unidos,2011,28.11702395
banda_ancha_fija,USA,Estados Unidos,2012,29.17361097
banda_ancha_fija,USA,Estados Unidos,2013,29.99961648
banda_ancha_fija,USA,Estados Unidos,2014,30.27092084
banda_ancha_fija,USA,Estados Unidos,2015,31.34121298
banda_ancha_fija,USA,Estados Unidos,2016,32.11440064
banda_ancha_fija,USA,Estados Unidos,2017,32.57028363
banda_ancha_fija,USA,Estados Unidos,2018,33.05591773
banda_ancha_fija,USA,Estados Unidos,2019,33.83521636
banda_ancha_fija,USA,Estados Unidos,2020,35.71569993
banda_ancha_fija,USA,Estados Unidos,2021,37.00742789
banda_ancha_fija,USA,Estados Unidos,2022,37.48879548
banda_ancha_fija,USA,Estados Unidos,2023,38.09392547
banda_ancha_fija,USA,Estados Unidos,2024,38.85717292
carga_aerea_tkm,ARG,Argentina,2000,296.646
carga_aerea_tkm,ARG,Argentina,2001,124.402
carga_aerea_tkm,ARG,Argentina,2002,76.419
carga_aerea_tkm,ARG,Argentina,2003,111.811
carga_aerea_tkm,ARG,Argentina,2004,123.637
carga_aerea_tkm,ARG,Argentina,2005,132.558
carga_aerea_tkm,ARG,Argentina,2006,124.583
carga_aerea_tkm,ARG,Argentina,2007,132.675
carga_aerea_tkm,ARG,Argentina,2008,131.685
carga_aerea_tkm,ARG,Argentina,2009,111.663
carga_aerea_tkm,ARG,Argentina,2010,193.3012538
carga_aerea_tkm,ARG,Argentina,2011,192.20126
carga_aerea_tkm,ARG,Argentina,2012,180.1204601
carga_aerea_tkm,ARG,Argentina,2013,268.7107679
carga_aerea_tkm,ARG,Argentina,2014,261.60894
carga_aerea_tkm,ARG,Argentina,2015,243.7725665
carga_aerea_tkm,ARG,Argentina,2016,254.1814135
carga_aerea_tkm,ARG,Argentina,2017,305.102
carga_aerea_tkm,ARG,Argentina,2018,311.720805
carga_aerea_tkm,ARG,Argentina,2019,280.283172
carga_aerea_tkm,ARG,Argentina,2020,81.12423
carga_aerea_tkm,ARG,Argentina,2021,88.267613
carga_aerea_tkm,ARG,Argentina,2022,130.623464
carga_aerea_tkm,ARG,Argentina,2023,136.4759
carga_aerea_tkm,AUS,Australia,2000,1730.735
carga_aerea_tkm,AUS,Australia,2001,1678.089
carga_aerea_tkm,AUS,Australia,2002,1544.717
carga_aerea_tkm,AUS,Australia,2003,1355.351
carga_aerea_tkm,AUS,Australia,2004,1898.071
carga_aerea_tkm,AUS,Australia,2005,2444.586
carga_aerea_tkm,AUS,Australia,2006,2569.506
carga_aerea_tkm,AUS,Australia,2007,2348.084
carga_aerea_tkm,AUS,Australia,2008,2212.439
carga_aerea_tkm,AUS,Australia,2009,2769.286
carga_aerea_tkm,AUS,Australia,2010,2938.314378
carga_aerea_tkm,AUS,Australia,2011,2846.598798
carga_aerea_tkm,AUS,Australia,2012,2731.69798
carga_aerea_tkm,AUS,Australia,2013,1984.693734
carga_aerea_tkm,AUS,Australia,2014,1925.772009
carga_aerea_tkm,AUS,Australia,2015,1907.051909
carga_aerea_tkm,AUS,Australia,2016,1868.732628
carga_aerea_tkm,AUS,Australia,2017,1982.586171
carga_aerea_tkm,AUS,Australia,2018,2027.63711
carga_aerea_tkm,AUS,Australia,2019,1931.15553
carga_aerea_tkm,AUS,Australia,2020,1316.50942
carga_aerea_tkm,AUS,Australia,2021,1244.7647
carga_aerea_tkm,AUS,Australia,2022,1196.585062
carga_aerea_tkm,AUS,Australia,2023,1188.146859
carga_aerea_tkm,BRA,Brasil,2000,1727.901
carga_aerea_tkm,BRA,Brasil,2001,1467.445
carga_aerea_tkm,BRA,Brasil,2002,1539.738
carga_aerea_tkm,BRA,Brasil,2003,1478.37
carga_aerea_tkm,BRA,Brasil,2004,1499.485
carga_aerea_tkm,BRA,Brasil,2005,1530.675
carga_aerea_tkm,BRA,Brasil,2006,1412.26
carga_aerea_tkm,BRA,Brasil,2007,1477.828
carga_aerea_tkm,BRA,Brasil,2008,1807.062
carga_aerea_tkm,BRA,Brasil,2009,1782.3
carga_aerea_tkm,BRA,Brasil,2010,1302.474648
carga_aerea_tkm,BRA,Brasil,2011,1294.49545
carga_aerea_tkm,BRA,Brasil,2012,1363.447091
carga_aerea_tkm,BRA,Brasil,2013,1637.382
carga_aerea_tkm,BRA,Brasil,2014,1596.774
carga_aerea_tkm,BRA,Brasil,2015,1493.939
carga_aerea_tkm,BRA,Brasil,2016,1513.832873
carga_aerea_tkm,BRA,Brasil,2017,1736.549227
carga_aerea_tkm,BRA,Brasil,2018,1845.64776
carga_aerea_tkm,BRA,Brasil,2019,1521.14944
carga_aerea_tkm,BRA,Brasil,2020,1209.70683
carga_aerea_tkm,BRA,Brasil,2021,1294.48671
carga_aerea_tkm,BRA,Brasil,2022,1433.9491
carga_aerea_tkm,BRA,Brasil,2023,1387.08273
carga_aerea_tkm,CAN,Canada,2000,1896.114
carga_aerea_tkm,CAN,Canada,2001,1709.813
carga_aerea_tkm,CAN,Canada,2002,1578.027
carga_aerea_tkm,CAN,Canada,2003,1496.297
carga_aerea_tkm,CAN,Canada,2004,1656.579
carga_aerea_tkm,CAN,Canada,2005,1526.819
carga_aerea_tkm,CAN,Canada,2006,1503.185
carga_aerea_tkm,CAN,Canada,2007,1429.845
carga_aerea_tkm,CAN,Canada,2008,1388.665
carga_aerea_tkm,CAN,Canada,2009,1346.938
carga_aerea_tkm,CAN,Canada,2010,1957.328536
carga_aerea_tkm,CAN,Canada,2011,1980
carga_aerea_tkm,CAN,Canada,2012,1960
carga_aerea_tkm,CAN,Canada,2013,1946.305597
carga_aerea_tkm,CAN,Canada,2014,2084.318163
carga_aerea_tkm,CAN,Canada,2015,2074.830881
carga_aerea_tkm,CAN,Canada,2016,2246.227096
carga_aerea_tkm,CAN,Canada,2017,2840.985135
carga_aerea_tkm,CAN,Canada,2018,2482
carga_aerea_tkm,CAN,Canada,2019,3109.043058
carga_aerea_tkm,CAN,Canada,2020,2306.166349
carga_aerea_tkm,CAN,Canada,2021,3240
carga_aerea_tkm,CAN,Canada,2022,3097.628821
carga_aerea_tkm,CAN,Canada,2023,2036.406681
carga_aerea_tkm,CHL,Chile,2000,1312.011
carga_aerea_tkm,CHL,Chile,2001,1277.282
carga_aerea_tkm,CHL,Chile,2002,1098.015
carga_aerea_tkm,CHL,Chile,2003,1130.19
carga_aerea_tkm,CHL,Chile,2004,1094.133
carga_aerea_tkm,CHL,Chile,2005,1053.819
carga_aerea_tkm,CHL,Chile,2006,1027.669
carga_aerea_tkm,CHL,Chile,2007,1294.967
carga_aerea_tkm,CHL,Chile,2008,1307.721
carga_aerea_tkm,CHL,Chile,2009,1179.048
carga_aerea_tkm,CHL,Chile,2010,1399.549392
carga_aerea_tkm,CHL,Chile,2011,1422.29934
carga_aerea_tkm,CHL,Chile,2012,1527.067
carga_aerea_tkm,CHL,Chile,2013,1512.319
carga_aerea_tkm,CHL,Chile,2014,1553.479
carga_aerea_tkm,CHL,Chile,2015,1392.236
carga_aerea_tkm,CHL,Chile,2016,1441.23
carga_aerea_tkm,CHL,Chile,2017,1237.960141
carga_aerea_tkm,CHL,Chile,2018,1226.44199
carga_aerea_tkm,CHL,Chile,2019,1232.41109
carga_aerea_tkm,CHL,Chile,2020,1458.39578
carga_aerea_tkm,CHL,Chile,2021,1283.99841
carga_aerea_tkm,CHL,Chile,2022,2017.92232
carga_aerea_tkm,CHL,Chile,2023,1499.03535
carga_aerea_tkm,COL,Colombia,2000,600.616
carga_aerea_tkm,COL,Colombia,2001,610.878
carga_aerea_tkm,COL,Colombia,2002,538.757
carga_aerea_tkm,COL,Colombia,2003,645.778
carga_aerea_tkm,COL,Colombia,2004,1113.899
carga_aerea_tkm,COL,Colombia,2005,1092.492
carga_aerea_tkm,COL,Colombia,2006,1051.293
carga_aerea_tkm,COL,Colombia,2007,1070.449
carga_aerea_tkm,COL,Colombia,2008,1099.545
carga_aerea_tkm,COL,Colombia,2009,2419.933
carga_aerea_tkm,COL,Colombia,2010,954.6601389
carga_aerea_tkm,COL,Colombia,2011,968.1603585
carga_aerea_tkm,COL,Colombia,2012,918.3240916
carga_aerea_tkm,COL,Colombia,2013,1222.156867
carga_aerea_tkm,COL,Colombia,2014,1315.403956
carga_aerea_tkm,COL,Colombia,2015,1316.795809
carga_aerea_tkm,COL,Colombia,2016,1142.854709
carga_aerea_tkm,COL,Colombia,2017,1273.568638
carga_aerea_tkm,COL,Colombia,2018,1350.008974
carga_aerea_tkm,COL,Colombia,2019,1547.674684
carga_aerea_tkm,COL,Colombia,2020,1496.604491
carga_aerea_tkm,COL,Colombia,2021,1605.222381
carga_aerea_tkm,COL,Colombia,2022,1730.409
carga_aerea_tkm,COL,Colombia,2023,1936.477467
carga_aerea_tkm,ESP,Espana,2000,879.499
carga_aerea_tkm,ESP,Espana,2001,878.871
carga_aerea_tkm,ESP,Espana,2002,807.417
carga_aerea_tkm,ESP,Espana,2003,872.739
carga_aerea_tkm,ESP,Espana,2004,1043.562
carga_aerea_tkm,ESP,Espana,2005,1021.743
carga_aerea_tkm,ESP,Espana,2006,1100.205
carga_aerea_tkm,ESP,Espana,2007,1203.877
carga_aerea_tkm,ESP,Espana,2008,1306.438
carga_aerea_tkm,ESP,Espana,2009,1079.589
carga_aerea_tkm,ESP,Espana,2010,1235.864885
carga_aerea_tkm,ESP,Espana,2011,1313.293168
carga_aerea_tkm,ESP,Espana,2012,1131.85052
carga_aerea_tkm,ESP,Espana,2013,957.9977542
carga_aerea_tkm,ESP,Espana,2014,962.636446
carga_aerea_tkm,ESP,Espana,2015,1035.487113
carga_aerea_tkm,ESP,Espana,2016,1068.160641
carga_aerea_tkm,ESP,Espana,2017,1078.63356
carga_aerea_tkm,ESP,Espana,2018,1118.73285
carga_aerea_tkm,ESP,Espana,2019,1191.466578
carga_aerea_tkm,ESP,Espana,2020,494.2605878
carga_aerea_tkm,ESP,Espana,2021,850.819356
carga_aerea_tkm,ESP,Espana,2022,956.252026
carga_aerea_tkm,ESP,Espana,2023,1130.882599
carga_aerea_tkm,LCN,America Latina y el Caribe,2000,4669.84
carga_aerea_tkm,LCN,America Latina y el Caribe,2001,4226.78
carga_aerea_tkm,LCN,America Latina y el Caribe,2002,3967.612
carga_aerea_tkm,LCN,America Latina y el Caribe,2003,4070.987
carga_aerea_tkm,LCN,America Latina y el Caribe,2004,4690.433
carga_aerea_tkm,LCN,America Latina y el Caribe,2005,4566.581
carga_aerea_tkm,LCN,America Latina y el Caribe,2006,4392.843
carga_aerea_tkm,LCN,America Latina y el Caribe,2007,4829.109
carga_aerea_tkm,LCN,America Latina y el Caribe,2008,5272.132
carga_aerea_tkm,LCN,America Latina y el Caribe,2009,6647.06
carga_aerea_tkm,LCN,America Latina y el Caribe,2010,5132.962958
carga_aerea_tkm,LCN,America Latina y el Caribe,2011,5076.12989
carga_aerea_tkm,LCN,America Latina y el Caribe,2012,5194.27565
carga_aerea_tkm,LCN,America Latina y el Caribe,2013,6050.697426
carga_aerea_tkm,LCN,America Latina y el Caribe,2014,5994.188982
carga_aerea_tkm,LCN,America Latina y el Caribe,2015,5806.759989
carga_aerea_tkm,LCN,America Latina y el Caribe,2016,5688.795699
carga_aerea_tkm,LCN,America Latina y el Caribe,2017,6056.981489
carga_aerea_tkm,LCN,America Latina y el Caribe,2018,6374.187705
carga_aerea_tkm,LCN,America Latina y el Caribe,2019,6283.616012
carga_aerea_tkm,LCN,America Latina y el Caribe,2020,5262.002893
carga_aerea_tkm,LCN,America Latina y el Caribe,2021,5783.075543
carga_aerea_tkm,LCN,America Latina y el Caribe,2022,7029.368038
carga_aerea_tkm,LCN,America Latina y el Caribe,2023,6767.731219
carga_aerea_tkm,MEX,Mexico,2000,309.858
carga_aerea_tkm,MEX,Mexico,2001,295.884
carga_aerea_tkm,MEX,Mexico,2002,341.598
carga_aerea_tkm,MEX,Mexico,2003,350.089
carga_aerea_tkm,MEX,Mexico,2004,394.925
carga_aerea_tkm,MEX,Mexico,2005,390.425
carga_aerea_tkm,MEX,Mexico,2006,456.958
carga_aerea_tkm,MEX,Mexico,2007,482.34
carga_aerea_tkm,MEX,Mexico,2008,482.785
carga_aerea_tkm,MEX,Mexico,2009,714.057
carga_aerea_tkm,MEX,Mexico,2010,908.9481708
carga_aerea_tkm,MEX,Mexico,2011,774.6035196
carga_aerea_tkm,MEX,Mexico,2012,763.8862606
carga_aerea_tkm,MEX,Mexico,2013,677.1399889
carga_aerea_tkm,MEX,Mexico,2014,617.5295527
carga_aerea_tkm,MEX,Mexico,2015,714.003211
carga_aerea_tkm,MEX,Mexico,2016,760.849242
carga_aerea_tkm,MEX,Mexico,2017,928.8355098
carga_aerea_tkm,MEX,Mexico,2018,1062.987599
carga_aerea_tkm,MEX,Mexico,2019,1072.52473
carga_aerea_tkm,MEX,Mexico,2020,732.796479
carga_aerea_tkm,MEX,Mexico,2021,962.569234
carga_aerea_tkm,MEX,Mexico,2022,1076.254915
carga_aerea_tkm,MEX,Mexico,2023,1091.480464
carga_aerea_tkm,OED,Miembros OCDE,2000,87701.269
carga_aerea_tkm,OED,Miembros OCDE,2001,80972.767
carga_aerea_tkm,OED,Miembros OCDE,2002,84433.345
carga_aerea_tkm,OED,Miembros OCDE,2003,89174.104
carga_aerea_tkm,OED,Miembros OCDE,2004,98031.232
carga_aerea_tkm,OED,Miembros OCDE,2005,97562.03
carga_aerea_tkm,OED,Miembros OCDE,2006,101881.907
carga_aerea_tkm,OED,Miembros OCDE,2007,105249.539
carga_aerea_tkm,OED,Miembros OCDE,2008,102673.3
carga_aerea_tkm,OED,Miembros OCDE,2009,113648.3377
carga_aerea_tkm,OED,Miembros OCDE,2010,106942.5995
carga_aerea_tkm,OED,Miembros OCDE,2011,106874.9857
carga_aerea_tkm,OED,Miembros OCDE,2012,105464.1216
carga_aerea_tkm,OED,Miembros OCDE,2013,103103.6322
carga_aerea_tkm,OED,Miembros OCDE,2014,106118.3389
carga_aerea_tkm,OED,Miembros OCDE,2015,105433.6896
carga_aerea_tkm,OED,Miembros OCDE,2016,107845.2194
carga_aerea_tkm,OED,Miembros OCDE,2017,119062.8667
carga_aerea_tkm,OED,Miembros OCDE,2018,121294.7108
carga_aerea_tkm,OED,Miembros OCDE,2019,120004.1382
carga_aerea_tkm,OED,Miembros OCDE,2020,108805.2614
carga_aerea_tkm,OED,Miembros OCDE,2021,130953.8368
carga_aerea_tkm,OED,Miembros OCDE,2022,128944.0267
carga_aerea_tkm,OED,Miembros OCDE,2023,121065.6125
carga_aerea_tkm,PER,Peru,2000,53.662
carga_aerea_tkm,PER,Peru,2001,117.132
carga_aerea_tkm,PER,Peru,2002,100.417
carga_aerea_tkm,PER,Peru,2003,116
carga_aerea_tkm,PER,Peru,2004,221.044
carga_aerea_tkm,PER,Peru,2005,138.691
carga_aerea_tkm,PER,Peru,2006,112.233
carga_aerea_tkm,PER,Peru,2007,161.576
carga_aerea_tkm,PER,Peru,2008,230.125
carga_aerea_tkm,PER,Peru,2009,256.939
carga_aerea_tkm,PER,Peru,2010,83.58040261
carga_aerea_tkm,PER,Peru,2011,107.179094
carga_aerea_tkm,PER,Peru,2012,122.151244
carga_aerea_tkm,PER,Peru,2013,334.8804857
carga_aerea_tkm,PER,Peru,2014,295.3122654
carga_aerea_tkm,PER,Peru,2015,329.5688173
carga_aerea_tkm,PER,Peru,2016,276.1751
carga_aerea_tkm,PER,Peru,2017,316.825703
carga_aerea_tkm,PER,Peru,2018,313.2646412
carga_aerea_tkm,PER,Peru,2019,340.335049
carga_aerea_tkm,PER,Peru,2020,96.451838
carga_aerea_tkm,PER,Peru,2021,258.342932
carga_aerea_tkm,PER,Peru,2022,324.268085
carga_aerea_tkm,PER,Peru,2023,299.2317378
carga_aerea_tkm,URY,Uruguay,2000,14.476
carga_aerea_tkm,URY,Uruguay,2001,13.318
carga_aerea_tkm,URY,Uruguay,2002,11.72
carga_aerea_tkm,URY,Uruguay,2003,23.175
carga_aerea_tkm,URY,Uruguay,2004,4.5
carga_aerea_tkm,URY,Uruguay,2005,4.274
carga_aerea_tkm,URY,Uruguay,2006,4.146
carga_aerea_tkm,URY,Uruguay,2007,4.229
carga_aerea_tkm,URY,Uruguay,2008,4.39
carga_aerea_tkm,URY,Uruguay,2009,3.758
carga_aerea_tkm,USA,Estados Unidos,2000,30171.975
carga_aerea_tkm,USA,Estados Unidos,2001,27924.568
carga_aerea_tkm,USA,Estados Unidos,2002,29554.684
carga_aerea_tkm,USA,Estados Unidos,2003,34205.554
carga_aerea_tkm,USA,Estados Unidos,2004,37450.121
carga_aerea_tkm,USA,Estados Unidos,2005,37357.644
carga_aerea_tkm,USA,Estados Unidos,2006,39881.895
carga_aerea_tkm,USA,Estados Unidos,2007,40617.739
carga_aerea_tkm,USA,Estados Unidos,2008,39313.596
carga_aerea_tkm,USA,Estados Unidos,2009,35097.67065
carga_aerea_tkm,USA,Estados Unidos,2010,39353.2561
carga_aerea_tkm,USA,Estados Unidos,2011,39621.91354
carga_aerea_tkm,USA,Estados Unidos,2012,39111.34038
carga_aerea_tkm,USA,Estados Unidos,2013,37113.55892
carga_aerea_tkm,USA,Estados Unidos,2014,38225.19609
carga_aerea_tkm,USA,Estados Unidos,2015,37866.22451
carga_aerea_tkm,USA,Estados Unidos,2016,38657.91904
carga_aerea_tkm,USA,Estados Unidos,2017,41591.55177
carga_aerea_tkm,USA,Estados Unidos,2018,42985.2996
carga_aerea_tkm,USA,Estados Unidos,2019,42498.26266
carga_aerea_tkm,USA,Estados Unidos,2020,40793.09466
carga_aerea_tkm,USA,Estados Unidos,2021,46004.64565
carga_aerea_tkm,USA,Estados Unidos,2022,45972.78912
carga_aerea_tkm,USA,Estados Unidos,2023,42762.8587
consumo_electrico_pc,ARG,Argentina,2000,2091.79431
consumo_electrico_pc,ARG,Argentina,2001,2093.112725
consumo_electrico_pc,ARG,Argentina,2002,2027.039695
consumo_electrico_pc,ARG,Argentina,2003,2142.629497
consumo_electrico_pc,ARG,Argentina,2004,2257.012304
consumo_electrico_pc,ARG,Argentina,2005,2369.54637
consumo_electrico_pc,ARG,Argentina,2006,2502.541825
consumo_electrico_pc,ARG,Argentina,2007,2596.611825
consumo_electrico_pc,ARG,Argentina,2008,2702.567782
consumo_electrico_pc,ARG,Argentina,2009,2680.099203
consumo_electrico_pc,ARG,Argentina,2010,2777.733779
consumo_electrico_pc,ARG,Argentina,2011,2880.783577
consumo_electrico_pc,ARG,Argentina,2012,2917.622836
consumo_electrico_pc,ARG,Argentina,2013,2940.929545
consumo_electrico_pc,ARG,Argentina,2014,3036.207336
consumo_electrico_pc,ARG,Argentina,2015,3140.464207
consumo_electrico_pc,ARG,Argentina,2016,3104.989251
consumo_electrico_pc,ARG,Argentina,2017,3005.764831
consumo_electrico_pc,ARG,Argentina,2018,2971.343648
consumo_electrico_pc,ARG,Argentina,2019,2876.718527
consumo_electrico_pc,ARG,Argentina,2020,2827.427398
consumo_electrico_pc,ARG,Argentina,2021,2942.910775
consumo_electrico_pc,ARG,Argentina,2022,2833.119098
consumo_electrico_pc,ARG,Argentina,2023,2821.772332
consumo_electrico_pc,ARG,Argentina,2024,2822.097148
consumo_electrico_pc,AUS,Australia,2000,10260.44624
consumo_electrico_pc,AUS,Australia,2001,10712.69536
consumo_electrico_pc,AUS,Australia,2002,10860.61653
consumo_electrico_pc,AUS,Australia,2003,10524.40383
consumo_electrico_pc,AUS,Australia,2004,10659.60785
consumo_electrico_pc,AUS,Australia,2005,10556.309
consumo_electrico_pc,AUS,Australia,2006,10597.6901
consumo_electrico_pc,AUS,Australia,2007,10899.90014
consumo_electrico_pc,AUS,Australia,2008,10718.00401
consumo_electrico_pc,AUS,Australia,2009,10852.23888
consumo_electrico_pc,AUS,Australia,2010,10797.87125
consumo_electrico_pc,AUS,Australia,2011,10786.29101
consumo_electrico_pc,AUS,Australia,2012,10486.56683
consumo_electrico_pc,AUS,Australia,2013,10298.9308
consumo_electrico_pc,AUS,Australia,2014,10130.09801
consumo_electrico_pc,AUS,Australia,2015,10157.16538
consumo_electrico_pc,AUS,Australia,2016,10196.84793
consumo_electrico_pc,AUS,Australia,2017,10040.74886
consumo_electrico_pc,AUS,Australia,2018,10036.67069
consumo_electrico_pc,AUS,Australia,2019,10025.72506
consumo_electrico_pc,AUS,Australia,2020,9933.585577
consumo_electrico_pc,AUS,Australia,2021,9843.213728
consumo_electrico_pc,AUS,Australia,2022,9923.431671
consumo_electrico_pc,AUS,Australia,2023,9819.871191
consumo_electrico_pc,AUS,Australia,2024,9800.95598
consumo_electrico_pc,BRA,Brasil,2000,1905.771027
consumo_electrico_pc,BRA,Brasil,2001,1756.811608
consumo_electrico_pc,BRA,Brasil,2002,1817.135401
consumo_electrico_pc,BRA,Brasil,2003,1894.629096
consumo_electrico_pc,BRA,Brasil,2004,1970.415866
consumo_electrico_pc,BRA,Brasil,2005,2031.50608
consumo_electrico_pc,BRA,Brasil,2006,2089.174985
consumo_electrico_pc,BRA,Brasil,2007,2185.748762
consumo_electrico_pc,BRA,Brasil,2008,2249.325359
consumo_electrico_pc,BRA,Brasil,2009,2217.790028
consumo_electrico_pc,BRA,Brasil,2010,2398.608018
consumo_electrico_pc,BRA,Brasil,2011,2458.558793
consumo_electrico_pc,BRA,Brasil,2012,2530.977463
consumo_electrico_pc,BRA,Brasil,2013,2600.672228
consumo_electrico_pc,BRA,Brasil,2014,2690.21495
consumo_electrico_pc,BRA,Brasil,2015,2628.097691
consumo_electrico_pc,BRA,Brasil,2016,2592.613373
consumo_electrico_pc,BRA,Brasil,2017,2610.166136
consumo_electrico_pc,BRA,Brasil,2018,2640.416438
consumo_electrico_pc,BRA,Brasil,2019,2661.183286
consumo_electrico_pc,BRA,Brasil,2020,2624.843237
consumo_electrico_pc,BRA,Brasil,2021,2723.966591
consumo_electrico_pc,BRA,Brasil,2022,2787.760896
consumo_electrico_pc,BRA,Brasil,2023,2916.486094
consumo_electrico_pc,BRA,Brasil,2024,3068.096123
consumo_electrico_pc,CAN,Canada,2000,16844.47461
consumo_electrico_pc,CAN,Canada,2001,16625.78288
consumo_electrico_pc,CAN,Canada,2002,16912.19855
consumo_electrico_pc,CAN,Canada,2003,16920.87098
consumo_electrico_pc,CAN,Canada,2004,16823.82814
consumo_electrico_pc,CAN,Canada,2005,17852.89162
consumo_electrico_pc,CAN,Canada,2006,17468.56494
consumo_electrico_pc,CAN,Canada,2007,17525.89005
consumo_electrico_pc,CAN,Canada,2008,17382.25464
consumo_electrico_pc,CAN,Canada,2009,16317.778
consumo_electrico_pc,CAN,Canada,2010,16236.47566
consumo_electrico_pc,CAN,Canada,2011,16607.19094
consumo_electrico_pc,CAN,Canada,2012,16119.56998
consumo_electrico_pc,CAN,Canada,2013,16532.14367
consumo_electrico_pc,CAN,Canada,2014,16486.87452
consumo_electrico_pc,CAN,Canada,2015,15839.62895
consumo_electrico_pc,CAN,Canada,2016,15759.60524
consumo_electrico_pc,CAN,Canada,2017,15477.32492
consumo_electrico_pc,CAN,Canada,2018,15569.54971
consumo_electrico_pc,CAN,Canada,2019,15204.06385
consumo_electrico_pc,CAN,Canada,2020,14763.742
consumo_electrico_pc,CAN,Canada,2021,15003.71445
consumo_electrico_pc,CAN,Canada,2022,14901.64398
consumo_electrico_pc,CAN,Canada,2023,14472.31458
consumo_electrico_pc,CAN,Canada,2024,14093.46041
consumo_electrico_pc,CHL,Chile,2000,2473.290941
consumo_electrico_pc,CHL,Chile,2001,2600.573367
consumo_electrico_pc,CHL,Chile,2002,2698.020075
consumo_electrico_pc,CHL,Chile,2003,2866.128599
consumo_electrico_pc,CHL,Chile,2004,3031.817122
consumo_electrico_pc,CHL,Chile,2005,3064.204554
consumo_electrico_pc,CHL,Chile,2006,3192.221062
consumo_electrico_pc,CHL,Chile,2007,3311.143676
consumo_electrico_pc,CHL,Chile,2008,3312.372454
consumo_electrico_pc,CHL,Chile,2009,3272.597315
consumo_electrico_pc,CHL,Chile,2010,3284.062406
consumo_electrico_pc,CHL,Chile,2011,3559.166372
consumo_electrico_pc,CHL,Chile,2012,3781.697013
consumo_electrico_pc,CHL,Chile,2013,3854.524615
consumo_electrico_pc,CHL,Chile,2014,3716.316352
consumo_electrico_pc,CHL,Chile,2015,3973.209771
consumo_electrico_pc,CHL,Chile,2016,4185.58466
consumo_electrico_pc,CHL,Chile,2017,4053.479986
consumo_electrico_pc,CHL,Chile,2018,4172.296781
consumo_electrico_pc,CHL,Chile,2019,4218.620688
consumo_electrico_pc,CHL,Chile,2020,4166.721733
consumo_electrico_pc,CHL,Chile,2021,4306.720886
consumo_electrico_pc,CHL,Chile,2022,4405.86311
consumo_electrico_pc,CHL,Chile,2023,4322.99269
consumo_electrico_pc,CHL,Chile,2024,4373.387377
consumo_electrico_pc,COL,Colombia,2000,857.4330159
consumo_electrico_pc,COL,Colombia,2001,877.9815651
consumo_electrico_pc,COL,Colombia,2002,885.3387057
consumo_electrico_pc,COL,Colombia,2003,888.2580291
consumo_electrico_pc,COL,Colombia,2004,924.0507904
consumo_electrico_pc,COL,Colombia,2005,920.5777771
consumo_electrico_pc,COL,Colombia,2006,972.6855378
consumo_electrico_pc,COL,Colombia,2007,1000.245771
consumo_electrico_pc,COL,Colombia,2008,999.8215674
consumo_electrico_pc,COL,Colombia,2009,1077.283486
consumo_electrico_pc,COL,Colombia,2010,1132.358996
consumo_electrico_pc,COL,Colombia,2011,1175.926953
consumo_electrico_pc,COL,Colombia,2012,1205.556677
consumo_electrico_pc,COL,Colombia,2013,1460.209903
consumo_electrico_pc,COL,Colombia,2014,1383.429754
consumo_electrico_pc,COL,Colombia,2015,1512.946365
consumo_electrico_pc,COL,Colombia,2016,1478.429139
consumo_electrico_pc,COL,Colombia,2017,1533.063523
consumo_electrico_pc,COL,Colombia,2018,1466.900251
consumo_electrico_pc,COL,Colombia,2019,1531.819007
consumo_electrico_pc,COL,Colombia,2020,1470.274628
consumo_electrico_pc,COL,Colombia,2021,1514.119287
consumo_electrico_pc,COL,Colombia,2022,1528.085461
consumo_electrico_pc,COL,Colombia,2023,1552.832782
consumo_electrico_pc,COL,Colombia,2024,1551.19383
consumo_electrico_pc,ESP,Espana,2000,5167.711073
consumo_electrico_pc,ESP,Espana,2001,5422.344333
consumo_electrico_pc,ESP,Espana,2002,5576.25663
consumo_electrico_pc,ESP,Espana,2003,5675.642715
consumo_electrico_pc,ESP,Espana,2004,5891.538573
consumo_electrico_pc,ESP,Espana,2005,6111.356671
consumo_electrico_pc,ESP,Espana,2006,6105.188469
consumo_electrico_pc,ESP,Espana,2007,6054.529214
consumo_electrico_pc,ESP,Espana,2008,6025.772757
consumo_electrico_pc,ESP,Espana,2009,5652.595933
consumo_electrico_pc,ESP,Espana,2010,5706.563063
consumo_electrico_pc,ESP,Espana,2011,5599.355981
consumo_electrico_pc,ESP,Espana,2012,5573.379802
consumo_electrico_pc,ESP,Espana,2013,5411.229379
consumo_electrico_pc,ESP,Espana,2014,5358.288256
consumo_electrico_pc,ESP,Espana,2015,5477.30258
consumo_electrico_pc,ESP,Espana,2016,5504.26697
consumo_electrico_pc,ESP,Espana,2017,5605.864152
consumo_electrico_pc,ESP,Espana,2018,5556.794042
consumo_electrico_pc,ESP,Espana,2019,5418.869331
consumo_electrico_pc,ESP,Espana,2020,5089.18774
consumo_electrico_pc,ESP,Espana,2021,5236.424781
consumo_electrico_pc,ESP,Espana,2022,5179.769633
consumo_electrico_pc,ESP,Espana,2023,5117.82962
consumo_electrico_pc,ESP,Espana,2024,5196.111105
consumo_electrico_pc,LCN,America Latina y el Caribe,2000,1602.329173
consumo_electrico_pc,LCN,America Latina y el Caribe,2001,1570.16822
consumo_electrico_pc,LCN,America Latina y el Caribe,2002,1599.0064
consumo_electrico_pc,LCN,America Latina y el Caribe,2003,1668.966326
consumo_electrico_pc,LCN,America Latina y el Caribe,2004,1703.089449
consumo_electrico_pc,LCN,America Latina y el Caribe,2005,1760.774293
consumo_electrico_pc,LCN,America Latina y el Caribe,2006,1819.051289
consumo_electrico_pc,LCN,America Latina y el Caribe,2007,1880.101504
consumo_electrico_pc,LCN,America Latina y el Caribe,2008,1917.046426
consumo_electrico_pc,LCN,America Latina y el Caribe,2009,1899.028584
consumo_electrico_pc,LCN,America Latina y el Caribe,2010,1973.393824
consumo_electrico_pc,LCN,America Latina y el Caribe,2011,2065.410973
consumo_electrico_pc,LCN,America Latina y el Caribe,2012,2113.539273
consumo_electrico_pc,LCN,America Latina y el Caribe,2013,2145.31984
consumo_electrico_pc,LCN,America Latina y el Caribe,2014,2143.900264
consumo_electrico_pc,LCN,America Latina y el Caribe,2015,2183.534071
consumo_electrico_pc,LCN,America Latina y el Caribe,2016,2188.371262
consumo_electrico_pc,LCN,America Latina y el Caribe,2017,2214.891085
consumo_electrico_pc,LCN,America Latina y el Caribe,2018,2257.615159
consumo_electrico_pc,LCN,America Latina y el Caribe,2019,2222.836505
consumo_electrico_pc,LCN,America Latina y el Caribe,2020,2178.218918
consumo_electrico_pc,LCN,America Latina y el Caribe,2021,2258.103493
consumo_electrico_pc,LCN,America Latina y el Caribe,2022,2297.731858
consumo_electrico_pc,LCN,America Latina y el Caribe,2023,2400.091372
consumo_electrico_pc,LCN,America Latina y el Caribe,2024,2803.574686
consumo_electrico_pc,MEX,Mexico,2000,1805.475319
consumo_electrico_pc,MEX,Mexico,2001,1837.79876
consumo_electrico_pc,MEX,Mexico,2002,1846.435654
consumo_electrico_pc,MEX,Mexico,2003,2003.010045
consumo_electrico_pc,MEX,Mexico,2004,1929.303861
consumo_electrico_pc,MEX,Mexico,2005,2000.519717
consumo_electrico_pc,MEX,Mexico,2006,2027.203434
consumo_electrico_pc,MEX,Mexico,2007,2055.567139
consumo_electrico_pc,MEX,Mexico,2008,2054.862633
consumo_electrico_pc,MEX,Mexico,2009,2003.558562
consumo_electrico_pc,MEX,Mexico,2010,2027.161628
consumo_electrico_pc,MEX,Mexico,2011,2225.288117
consumo_electrico_pc,MEX,Mexico,2012,2261.959026
consumo_electrico_pc,MEX,Mexico,2013,2152.841878
consumo_electrico_pc,MEX,Mexico,2014,2167.59696
consumo_electrico_pc,MEX,Mexico,2015,2225.42222
consumo_electrico_pc,MEX,Mexico,2016,2292.03193
consumo_electrico_pc,MEX,Mexico,2017,2269.107542
consumo_electrico_pc,MEX,Mexico,2018,2499.620486
consumo_electrico_pc,MEX,Mexico,2019,2392.190414
consumo_electrico_pc,MEX,Mexico,2020,2354.268353
consumo_electrico_pc,MEX,Mexico,2021,2407.876689
consumo_electrico_pc,MEX,Mexico,2022,2513.810469
consumo_electrico_pc,MEX,Mexico,2023,2597.399614
consumo_electrico_pc,MEX,Mexico,2024,2658.049238
consumo_electrico_pc,OED,Miembros OCDE,2000,7676.749098
consumo_electrico_pc,OED,Miembros OCDE,2001,7582.496878
consumo_electrico_pc,OED,Miembros OCDE,2002,7697.428559
consumo_electrico_pc,OED,Miembros OCDE,2003,7758.5315
consumo_electrico_pc,OED,Miembros OCDE,2004,7860.761706
consumo_electrico_pc,OED,Miembros OCDE,2005,8024.630747
consumo_electrico_pc,OED,Miembros OCDE,2006,8037.935066
consumo_electrico_pc,OED,Miembros OCDE,2007,8104.091894
consumo_electrico_pc,OED,Miembros OCDE,2008,8082.09981
consumo_electrico_pc,OED,Miembros OCDE,2009,7727.23907
consumo_electrico_pc,OED,Miembros OCDE,2010,8037.656099
consumo_electrico_pc,OED,Miembros OCDE,2011,7983.923674
consumo_electrico_pc,OED,Miembros OCDE,2012,7908.581789
consumo_electrico_pc,OED,Miembros OCDE,2013,7894.067224
consumo_electrico_pc,OED,Miembros OCDE,2014,7807.126804
consumo_electrico_pc,OED,Miembros OCDE,2015,7794.322383
consumo_electrico_pc,OED,Miembros OCDE,2016,7827.916293
consumo_electrico_pc,OED,Miembros OCDE,2017,7807.346489
consumo_electrico_pc,OED,Miembros OCDE,2018,7928.101695
consumo_electrico_pc,OED,Miembros OCDE,2019,7744.602512
consumo_electrico_pc,OED,Miembros OCDE,2020,7555.060465
consumo_electrico_pc,OED,Miembros OCDE,2021,7754.385457
consumo_electrico_pc,OED,Miembros OCDE,2022,7768.255366
consumo_electrico_pc,OED,Miembros OCDE,2023,7572.980725
consumo_electrico_pc,OED,Miembros OCDE,2024,7670.312668
consumo_electrico_pc,PER,Peru,2000,627.4077874
consumo_electrico_pc,PER,Peru,2001,659.3830185
consumo_electrico_pc,PER,Peru,2002,689.1619192
consumo_electrico_pc,PER,Peru,2003,711.372423
consumo_electrico_pc,PER,Peru,2004,735.5615483
consumo_electrico_pc,PER,Peru,2005,806.4785892
consumo_electrico_pc,PER,Peru,2006,854.0665391
consumo_electrico_pc,PER,Peru,2007,955.4620446
consumo_electrico_pc,PER,Peru,2008,1020.542434
consumo_electrico_pc,PER,Peru,2009,1024.991997
consumo_electrico_pc,PER,Peru,2010,1086.123199
consumo_electrico_pc,PER,Peru,2011,1257.572067
consumo_electrico_pc,PER,Peru,2012,1228.208138
consumo_electrico_pc,PER,Peru,2013,1313.60609
consumo_electrico_pc,PER,Peru,2014,1364.730956
consumo_electrico_pc,PER,Peru,2015,1403.492068
consumo_electrico_pc,PER,Peru,2016,1530.915691
consumo_electrico_pc,PER,Peru,2017,1544.311591
consumo_electrico_pc,PER,Peru,2018,1536.480004
consumo_electrico_pc,PER,Peru,2019,1560.372499
consumo_electrico_pc,PER,Peru,2020,1405.237419
consumo_electrico_pc,PER,Peru,2021,1517.347661
consumo_electrico_pc,PER,Peru,2022,1568.314058
consumo_electrico_pc,PER,Peru,2023,1594.682112
consumo_electrico_pc,URY,Uruguay,2000,2010.895822
consumo_electrico_pc,URY,Uruguay,2001,1990.684282
consumo_electrico_pc,URY,Uruguay,2002,1911.940923
consumo_electrico_pc,URY,Uruguay,2003,1853.598059
consumo_electrico_pc,URY,Uruguay,2004,1956.049499
consumo_electrico_pc,URY,Uruguay,2005,2019.312971
consumo_electrico_pc,URY,Uruguay,2006,2241.673978
consumo_electrico_pc,URY,Uruguay,2007,2430.84312
consumo_electrico_pc,URY,Uruguay,2008,2612.518953
consumo_electrico_pc,URY,Uruguay,2009,2645.546603
consumo_electrico_pc,URY,Uruguay,2010,2773.174068
consumo_electrico_pc,URY,Uruguay,2011,2860.084315
consumo_electrico_pc,URY,Uruguay,2012,2954.367406
consumo_electrico_pc,URY,Uruguay,2013,3040.351391
consumo_electrico_pc,URY,Uruguay,2014,3120.070887
consumo_electrico_pc,URY,Uruguay,2015,3242.26392
consumo_electrico_pc,URY,Uruguay,2016,3408.711256
consumo_electrico_pc,URY,Uruguay,2017,3308.013899
consumo_electrico_pc,URY,Uruguay,2018,3500.627774
consumo_electrico_pc,URY,Uruguay,2019,3464.317442
consumo_electrico_pc,URY,Uruguay,2020,3479.585568
consumo_electrico_pc,URY,Uruguay,2021,3524.602592
consumo_electrico_pc,URY,Uruguay,2022,3589.888623
consumo_electrico_pc,URY,Uruguay,2023,3789.755912
consumo_electrico_pc,USA,Estados Unidos,2000,13671.05202
consumo_electrico_pc,USA,Estados Unidos,2001,13046.61415
consumo_electrico_pc,USA,Estados Unidos,2002,13296.1823
consumo_electrico_pc,USA,Estados Unidos,2003,13307.49201
consumo_electrico_pc,USA,Estados Unidos,2004,13388.58971
consumo_electrico_pc,USA,Estados Unidos,2005,13704.57705
consumo_electrico_pc,USA,Estados Unidos,2006,13583.26696
consumo_electrico_pc,USA,Estados Unidos,2007,13657.45283
consumo_electrico_pc,USA,Estados Unidos,2008,13663.42797
consumo_electrico_pc,USA,Estados Unidos,2009,12913.71469
consumo_electrico_pc,USA,Estados Unidos,2010,13392.69101
consumo_electrico_pc,USA,Estados Unidos,2011,13235.00877
consumo_electrico_pc,USA,Estados Unidos,2012,12945.15704
consumo_electrico_pc,USA,Estados Unidos,2013,12972.21997
consumo_electrico_pc,USA,Estados Unidos,2014,12962.14254
consumo_electrico_pc,USA,Estados Unidos,2015,12828.81608
consumo_electrico_pc,USA,Estados Unidos,2016,12806.19771
consumo_electrico_pc,USA,Estados Unidos,2017,12604.16256
consumo_electrico_pc,USA,Estados Unidos,2018,13054.40454
consumo_electrico_pc,USA,Estados Unidos,2019,12678.25405
consumo_electrico_pc,USA,Estados Unidos,2020,12393.4239
consumo_electrico_pc,USA,Estados Unidos,2021,12556.07623
consumo_electrico_pc,USA,Estados Unidos,2022,12968.97884
consumo_electrico_pc,USA,Estados Unidos,2023,12553.13313
consumo_electrico_pc,USA,Estados Unidos,2024,12839.34191
fbkf_pib,ARG,Argentina,2000,16.19264939
fbkf_pib,ARG,Argentina,2001,14.17911832
fbkf_pib,ARG,Argentina,2002,11.96064809
fbkf_pib,ARG,Argentina,2003,15.13750756
fbkf_pib,ARG,Argentina,2004,15.89378728
fbkf_pib,ARG,Argentina,2005,17.3511469
fbkf_pib,ARG,Argentina,2006,18.33118672
fbkf_pib,ARG,Argentina,2007,19.51607916
fbkf_pib,ARG,Argentina,2008,19.01016098
fbkf_pib,ARG,Argentina,2009,15.58175264
fbkf_pib,ARG,Argentina,2010,16.64146616
fbkf_pib,ARG,Argentina,2011,17.2482847
fbkf_pib,ARG,Argentina,2012,15.85752542
fbkf_pib,ARG,Argentina,2013,16.28951119
fbkf_pib,ARG,Argentina,2014,15.97995408
fbkf_pib,ARG,Argentina,2015,15.56474508
fbkf_pib,ARG,Argentina,2016,14.27236275
fbkf_pib,ARG,Argentina,2017,15.16219875
fbkf_pib,ARG,Argentina,2018,15.2510495
fbkf_pib,ARG,Argentina,2019,14.19904614
fbkf_pib,ARG,Argentina,2020,14.28250537
fbkf_pib,ARG,Argentina,2021,17.29063258
fbkf_pib,ARG,Argentina,2022,17.61779019
fbkf_pib,ARG,Argentina,2023,18.49302899
fbkf_pib,ARG,Argentina,2024,15.90356666
fbkf_pib,ARG,Argentina,2025,16.00003475
fbkf_pib,AUS,Australia,2000,25.89196542
fbkf_pib,AUS,Australia,2001,23.15820217
fbkf_pib,AUS,Australia,2002,24.25546236
fbkf_pib,AUS,Australia,2003,26.00703094
fbkf_pib,AUS,Australia,2004,26.58806592
fbkf_pib,AUS,Australia,2005,26.96762431
fbkf_pib,AUS,Australia,2006,27.74128666
fbkf_pib,AUS,Australia,2007,27.34717558
fbkf_pib,AUS,Australia,2008,28.14940816
fbkf_pib,AUS,Australia,2009,27.51298878
fbkf_pib,AUS,Australia,2010,26.94613524
fbkf_pib,AUS,Australia,2011,25.94328683
fbkf_pib,AUS,Australia,2012,27.31759085
fbkf_pib,AUS,Australia,2013,27.72863956
fbkf_pib,AUS,Australia,2014,26.75823016
fbkf_pib,AUS,Australia,2015,26.11138058
fbkf_pib,AUS,Australia,2016,25.28410439
fbkf_pib,AUS,Australia,2017,23.97442501
fbkf_pib,AUS,Australia,2018,24.38638801
fbkf_pib,AUS,Australia,2019,23.32198743
fbkf_pib,AUS,Australia,2020,22.72793546
fbkf_pib,AUS,Australia,2021,22.58263061
fbkf_pib,AUS,Australia,2022,23.11568906
fbkf_pib,AUS,Australia,2023,23.19324738
fbkf_pib,AUS,Australia,2024,24.09197675
fbkf_pib,AUS,Australia,2025,24.32871747
fbkf_pib,BRA,Brasil,2000,18.30448803
fbkf_pib,BRA,Brasil,2001,18.4180865
fbkf_pib,BRA,Brasil,2002,17.92625082
fbkf_pib,BRA,Brasil,2003,16.60475915
fbkf_pib,BRA,Brasil,2004,17.32023332
fbkf_pib,BRA,Brasil,2005,17.05618346
fbkf_pib,BRA,Brasil,2006,17.21029958
fbkf_pib,BRA,Brasil,2007,17.99576134
fbkf_pib,BRA,Brasil,2008,19.38532956
fbkf_pib,BRA,Brasil,2009,19.10195804
fbkf_pib,BRA,Brasil,2010,20.53467365
fbkf_pib,BRA,Brasil,2011,20.60896421
fbkf_pib,BRA,Brasil,2012,20.71671277
fbkf_pib,BRA,Brasil,2013,20.91192187
fbkf_pib,BRA,Brasil,2014,19.87302891
fbkf_pib,BRA,Brasil,2015,17.83580705
fbkf_pib,BRA,Brasil,2016,15.52432732
fbkf_pib,BRA,Brasil,2017,14.55898652
fbkf_pib,BRA,Brasil,2018,15.09691196
fbkf_pib,BRA,Brasil,2019,15.47116974
fbkf_pib,BRA,Brasil,2020,16.56102156
fbkf_pib,BRA,Brasil,2021,17.91784905
fbkf_pib,BRA,Brasil,2022,17.80040239
fbkf_pib,BRA,Brasil,2023,16.41097511
fbkf_pib,BRA,Brasil,2024,16.90936132
fbkf_pib,BRA,Brasil,2025,16.83902523
fbkf_pib,CAN,Canada,2000,19.59933566
fbkf_pib,CAN,Canada,2001,20.15176469
fbkf_pib,CAN,Canada,2002,19.97488458
fbkf_pib,CAN,Canada,2003,20.01236906
fbkf_pib,CAN,Canada,2004,20.87458122
fbkf_pib,CAN,Canada,2005,21.83724505
fbkf_pib,CAN,Canada,2006,22.88474439
fbkf_pib,CAN,Canada,2007,23.33899573
fbkf_pib,CAN,Canada,2008,23.46896039
fbkf_pib,CAN,Canada,2009,22.30692716
fbkf_pib,CAN,Canada,2010,23.46115247
fbkf_pib,CAN,Canada,2011,23.51037613
fbkf_pib,CAN,Canada,2012,24.49428031
fbkf_pib,CAN,Canada,2013,24.1873901
fbkf_pib,CAN,Canada,2014,24.38930492
fbkf_pib,CAN,Canada,2015,23.85055797
fbkf_pib,CAN,Canada,2016,22.77235397
fbkf_pib,CAN,Canada,2017,22.69627953
fbkf_pib,CAN,Canada,2018,22.67606995
fbkf_pib,CAN,Canada,2019,22.57992849
fbkf_pib,CAN,Canada,2020,23.18420521
fbkf_pib,CAN,Canada,2021,23.78933305
fbkf_pib,CAN,Canada,2022,23.08270543
fbkf_pib,CAN,Canada,2023,23.04039423
fbkf_pib,CAN,Canada,2024,22.91015975
fbkf_pib,CAN,Canada,2025,22.90232822
fbkf_pib,CHL,Chile,2000,22.0430828
fbkf_pib,CHL,Chile,2001,22.48808094
fbkf_pib,CHL,Chile,2002,22.27450537
fbkf_pib,CHL,Chile,2003,22.08962916
fbkf_pib,CHL,Chile,2004,21.39858041
fbkf_pib,CHL,Chile,2005,23.36879573
fbkf_pib,CHL,Chile,2006,21.0647065
fbkf_pib,CHL,Chile,2007,21.97984302
fbkf_pib,CHL,Chile,2008,26.88106512
fbkf_pib,CHL,Chile,2009,24.12031546
fbkf_pib,CHL,Chile,2010,23.01546032
fbkf_pib,CHL,Chile,2011,24.7203929
fbkf_pib,CHL,Chile,2012,26.75266216
fbkf_pib,CHL,Chile,2013,26.34868319
fbkf_pib,CHL,Chile,2014,25.47353997
fbkf_pib,CHL,Chile,2015,25.4703711
fbkf_pib,CHL,Chile,2016,24.12919758
fbkf_pib,CHL,Chile,2017,22.25766445
fbkf_pib,CHL,Chile,2018,23.04979257
fbkf_pib,CHL,Chile,2019,24.5476232
fbkf_pib,CHL,Chile,2020,22.56054194
fbkf_pib,CHL,Chile,2021,23.31217246
fbkf_pib,CHL,Chile,2022,25.65405462
fbkf_pib,CHL,Chile,2023,24.39753147
fbkf_pib,CHL,Chile,2024,23.6573015
fbkf_pib,CHL,Chile,2025,24.08696675
fbkf_pib,COL,Colombia,2000,14.12931411
fbkf_pib,COL,Colombia,2001,15.39953332
fbkf_pib,COL,Colombia,2002,16.72529685
fbkf_pib,COL,Colombia,2003,18.1097505
fbkf_pib,COL,Colombia,2004,18.83175961
fbkf_pib,COL,Colombia,2005,20.95615432
fbkf_pib,COL,Colombia,2006,22.57759353
fbkf_pib,COL,Colombia,2007,24.07737581
fbkf_pib,COL,Colombia,2008,21.91378102
fbkf_pib,COL,Colombia,2009,22.64670816
fbkf_pib,COL,Colombia,2010,22.0429732
fbkf_pib,COL,Colombia,2011,21.91582542
fbkf_pib,COL,Colombia,2012,21.12520949
fbkf_pib,COL,Colombia,2013,21.3383971
fbkf_pib,COL,Colombia,2014,22.67050988
fbkf_pib,COL,Colombia,2015,23.3747819
fbkf_pib,COL,Colombia,2016,22.12965771
fbkf_pib,COL,Colombia,2017,21.72279192
fbkf_pib,COL,Colombia,2018,21.22787108
fbkf_pib,COL,Colombia,2019,21.26910726
fbkf_pib,COL,Colombia,2020,18.36207561
fbkf_pib,COL,Colombia,2021,18.98973197
fbkf_pib,COL,Colombia,2022,19.0704918
fbkf_pib,COL,Colombia,2023,16.42408014
fbkf_pib,COL,Colombia,2024,16.2164481
fbkf_pib,COL,Colombia,2025,16.01012975
fbkf_pib,ESP,Espana,2000,25.97267627
fbkf_pib,ESP,Espana,2001,25.9006959
fbkf_pib,ESP,Espana,2002,26.1773352
fbkf_pib,ESP,Espana,2003,27.12390819
fbkf_pib,ESP,Espana,2004,27.82530036
fbkf_pib,ESP,Espana,2005,29.02840359
fbkf_pib,ESP,Espana,2006,30.04549362
fbkf_pib,ESP,Espana,2007,29.87580055
fbkf_pib,ESP,Espana,2008,27.85662405
fbkf_pib,ESP,Espana,2009,23.16219163
fbkf_pib,ESP,Espana,2010,21.87421378
fbkf_pib,ESP,Espana,2011,20.1470024
fbkf_pib,ESP,Espana,2012,18.71059226
fbkf_pib,ESP,Espana,2013,17.5983667
fbkf_pib,ESP,Espana,2014,18.02995142
fbkf_pib,ESP,Espana,2015,18.29894252
fbkf_pib,ESP,Espana,2016,18.1917189
fbkf_pib,ESP,Espana,2017,18.90619338
fbkf_pib,ESP,Espana,2018,19.67390264
fbkf_pib,ESP,Espana,2019,20.30501472
fbkf_pib,ESP,Espana,2020,20.61593285
fbkf_pib,ESP,Espana,2021,20.19953475
fbkf_pib,ESP,Espana,2022,20.48823175
fbkf_pib,ESP,Espana,2023,20.46581531
fbkf_pib,ESP,Espana,2024,20.28783251
fbkf_pib,ESP,Espana,2025,20.60857587
fbkf_pib,LCN,America Latina y el Caribe,2000,18.93473453
fbkf_pib,LCN,America Latina y el Caribe,2001,18.06998135
fbkf_pib,LCN,America Latina y el Caribe,2002,18.15532259
fbkf_pib,LCN,America Latina y el Caribe,2003,18.24502521
fbkf_pib,LCN,America Latina y el Caribe,2004,18.53970239
fbkf_pib,LCN,America Latina y el Caribe,2005,18.67292014
fbkf_pib,LCN,America Latina y el Caribe,2006,19.15245331
fbkf_pib,LCN,America Latina y el Caribe,2007,19.88159117
fbkf_pib,LCN,America Latina y el Caribe,2008,20.6373088
fbkf_pib,LCN,America Latina y el Caribe,2009,19.41965787
fbkf_pib,LCN,America Latina y el Caribe,2010,20.13328158
fbkf_pib,LCN,America Latina y el Caribe,2011,20.976476
fbkf_pib,LCN,America Latina y el Caribe,2012,20.94549845
fbkf_pib,LCN,America Latina y el Caribe,2013,21.12923156
fbkf_pib,LCN,America Latina y el Caribe,2014,20.30132519
fbkf_pib,LCN,America Latina y el Caribe,2015,19.78009583
fbkf_pib,LCN,America Latina y el Caribe,2016,18.44464055
fbkf_pib,LCN,America Latina y el Caribe,2017,17.88449742
fbkf_pib,LCN,America Latina y el Caribe,2018,18.49752826
fbkf_pib,LCN,America Latina y el Caribe,2019,18.36261185
fbkf_pib,LCN,America Latina y el Caribe,2020,17.6606669
fbkf_pib,LCN,America Latina y el Caribe,2021,19.27648464
fbkf_pib,LCN,America Latina y el Caribe,2022,19.58908584
fbkf_pib,LCN,America Latina y el Caribe,2023,19.18991915
fbkf_pib,LCN,America Latina y el Caribe,2024,18.99680772
fbkf_pib,LCN,America Latina y el Caribe,2025,18.6524265
fbkf_pib,MEX,Mexico,2000,21.23036151
fbkf_pib,MEX,Mexico,2001,19.67343653
fbkf_pib,MEX,Mexico,2002,19.367931
fbkf_pib,MEX,Mexico,2003,20.10404131
fbkf_pib,MEX,Mexico,2004,20.78090723
fbkf_pib,MEX,Mexico,2005,20.71034972
fbkf_pib,MEX,Mexico,2006,21.67994818
fbkf_pib,MEX,Mexico,2007,22.35488185
fbkf_pib,MEX,Mexico,2008,23.55917396
fbkf_pib,MEX,Mexico,2009,22.77438581
fbkf_pib,MEX,Mexico,2010,22.55309716
fbkf_pib,MEX,Mexico,2011,23.47206879
fbkf_pib,MEX,Mexico,2012,23.68820734
fbkf_pib,MEX,Mexico,2013,21.99018578
fbkf_pib,MEX,Mexico,2014,21.67130707
fbkf_pib,MEX,Mexico,2015,23.164183
fbkf_pib,MEX,Mexico,2016,23.72771944
fbkf_pib,MEX,Mexico,2017,23.22553978
fbkf_pib,MEX,Mexico,2018,23.04747279
fbkf_pib,MEX,Mexico,2019,21.665974
fbkf_pib,MEX,Mexico,2020,20.10752807
fbkf_pib,MEX,Mexico,2021,21.30973256
fbkf_pib,MEX,Mexico,2022,22.42375788
fbkf_pib,MEX,Mexico,2023,23.27738278
fbkf_pib,MEX,Mexico,2024,23.76230667
fbkf_pib,MEX,Mexico,2025,22.40576426
fbkf_pib,OED,Miembros OCDE,2000,23.99496766
fbkf_pib,OED,Miembros OCDE,2001,23.23617467
fbkf_pib,OED,Miembros OCDE,2002,22.37254087
fbkf_pib,OED,Miembros OCDE,2003,22.28341127
fbkf_pib,OED,Miembros OCDE,2004,22.52021594
fbkf_pib,OED,Miembros OCDE,2005,23.03961215
fbkf_pib,OED,Miembros OCDE,2006,23.39277148
fbkf_pib,OED,Miembros OCDE,2007,23.2997
fbkf_pib,OED,Miembros OCDE,2008,22.91749268
fbkf_pib,OED,Miembros OCDE,2009,21.05596672
fbkf_pib,OED,Miembros OCDE,2010,20.68356943
fbkf_pib,OED,Miembros OCDE,2011,21.06263202
fbkf_pib,OED,Miembros OCDE,2012,21.3430751
fbkf_pib,OED,Miembros OCDE,2013,21.24694869
fbkf_pib,OED,Miembros OCDE,2014,21.51780081
fbkf_pib,OED,Miembros OCDE,2015,21.76589091
fbkf_pib,OED,Miembros OCDE,2016,21.87488615
fbkf_pib,OED,Miembros OCDE,2017,22.12522003
fbkf_pib,OED,Miembros OCDE,2018,22.31108703
fbkf_pib,OED,Miembros OCDE,2019,22.56012552
fbkf_pib,OED,Miembros OCDE,2020,22.61792561
fbkf_pib,OED,Miembros OCDE,2021,22.47801598
fbkf_pib,OED,Miembros OCDE,2022,22.56314671
fbkf_pib,OED,Miembros OCDE,2023,22.6147458
fbkf_pib,OED,Miembros OCDE,2024,22.23374135
fbkf_pib,PER,Peru,2000,19.67007044
fbkf_pib,PER,Peru,2001,17.96665699
fbkf_pib,PER,Peru,2002,16.73093191
fbkf_pib,PER,Peru,2003,16.92106667
fbkf_pib,PER,Peru,2004,16.78855814
fbkf_pib,PER,Peru,2005,17.062082
fbkf_pib,PER,Peru,2006,17.78613778
fbkf_pib,PER,Peru,2007,19.98542352
fbkf_pib,PER,Peru,2008,23.42658037
fbkf_pib,PER,Peru,2009,22.1386316
fbkf_pib,PER,Peru,2010,23.51337863
fbkf_pib,PER,Peru,2011,23.3485326
fbkf_pib,PER,Peru,2012,25.04452592
fbkf_pib,PER,Peru,2013,25.30079697
fbkf_pib,PER,Peru,2014,24.54051551
fbkf_pib,PER,Peru,2015,23.08856814
fbkf_pib,PER,Peru,2016,21.44694504
fbkf_pib,PER,Peru,2017,20.60759692
fbkf_pib,PER,Peru,2018,20.92325188
fbkf_pib,PER,Peru,2019,20.97156896
fbkf_pib,PER,Peru,2020,19.94147021
fbkf_pib,PER,Peru,2021,23.08267536
fbkf_pib,PER,Peru,2022,23.27122166
fbkf_pib,PER,Peru,2023,21.10960407
fbkf_pib,PER,Peru,2024,20.59844559
fbkf_pib,PER,Peru,2025,20.51533428
fbkf_pib,URY,Uruguay,2000,14.31854462
fbkf_pib,URY,Uruguay,2001,13.6566726
fbkf_pib,URY,Uruguay,2002,12.35327221
fbkf_pib,URY,Uruguay,2003,12.52072423
fbkf_pib,URY,Uruguay,2004,14.36748947
fbkf_pib,URY,Uruguay,2005,16.54745741
fbkf_pib,URY,Uruguay,2006,18.23698775
fbkf_pib,URY,Uruguay,2007,18.57768777
fbkf_pib,URY,Uruguay,2008,20.55333688
fbkf_pib,URY,Uruguay,2009,18.74481977
fbkf_pib,URY,Uruguay,2010,19.07010452
fbkf_pib,URY,Uruguay,2011,19.11856764
fbkf_pib,URY,Uruguay,2012,22.15338355
fbkf_pib,URY,Uruguay,2013,21.84250323
fbkf_pib,URY,Uruguay,2014,21.43812281
fbkf_pib,URY,Uruguay,2015,19.78623652
fbkf_pib,URY,Uruguay,2016,16.94360844
fbkf_pib,URY,Uruguay,2017,16.23951151
fbkf_pib,URY,Uruguay,2018,14.75613492
fbkf_pib,URY,Uruguay,2019,14.49103088
fbkf_pib,URY,Uruguay,2020,15.43571945
fbkf_pib,URY,Uruguay,2021,17.67120248
fbkf_pib,URY,Uruguay,2022,18.92548573
fbkf_pib,URY,Uruguay,2023,17.29888173
fbkf_pib,URY,Uruguay,2024,16.3094353
fbkf_pib,URY,Uruguay,2025,15.83726616
fbkf_pib,USA,Estados Unidos,2000,23.14627949
fbkf_pib,USA,Estados Unidos,2001,22.53850881
fbkf_pib,USA,Estados Unidos,2002,21.5399006
fbkf_pib,USA,Estados Unidos,2003,21.62260561
fbkf_pib,USA,Estados Unidos,2004,22.127737
fbkf_pib,USA,Estados Unidos,2005,22.93464084
fbkf_pib,USA,Estados Unidos,2006,23.03817363
fbkf_pib,USA,Estados Unidos,2007,22.32301439
fbkf_pib,USA,Estados Unidos,2008,21.23547261
fbkf_pib,USA,Estados Unidos,2009,18.81013536
fbkf_pib,USA,Estados Unidos,2010,18.31393655
fbkf_pib,USA,Estados Unidos,2011,18.73698215
fbkf_pib,USA,Estados Unidos,2012,19.51260523
fbkf_pib,USA,Estados Unidos,2013,19.75442581
fbkf_pib,USA,Estados Unidos,2014,20.41964346
fbkf_pib,USA,Estados Unidos,2015,20.64928164
fbkf_pib,USA,Estados Unidos,2016,20.68020203
fbkf_pib,USA,Estados Unidos,2017,20.98916781
fbkf_pib,USA,Estados Unidos,2018,21.29599687
fbkf_pib,USA,Estados Unidos,2019,21.33111346
fbkf_pib,USA,Estados Unidos,2020,21.5802777
fbkf_pib,USA,Estados Unidos,2021,21.29314082
fbkf_pib,USA,Estados Unidos,2022,21.3312122
fbkf_pib,USA,Estados Unidos,2023,21.37702521
fbkf_pib,USA,Estados Unidos,2024,21.34983352
firmas_cortes_electricos,ARG,Argentina,2006,45.35011673
firmas_cortes_electricos,ARG,Argentina,2010,73.11777496
firmas_cortes_electricos,ARG,Argentina,2017,65.10769653
firmas_cortes_electricos,AUS,Australia,2025,56.60778809
firmas_cortes_electricos,BRA,Brasil,2009,45.75587463
firmas_cortes_electricos,BRA,Brasil,2025,59.63993073
firmas_cortes_electricos,CAN,Canada,2024,31.43341064
firmas_cortes_electricos,CHL,Chile,2006,33.25072861
firmas_cortes_electricos,CHL,Chile,2010,42.6352272
firmas_cortes_electricos,CHL,Chile,2025,52.83522034
firmas_cortes_electricos,COL,Colombia,2006,43.19141388
firmas_cortes_electricos,COL,Colombia,2010,53.28726196
firmas_cortes_electricos,COL,Colombia,2017,53.85569763
firmas_cortes_electricos,COL,Colombia,2023,30.55766869
firmas_cortes_electricos,ESP,Espana,2021,13.04083538
firmas_cortes_electricos,ESP,Espana,2024,18.79100037
firmas_cortes_electricos,LCN,America Latina y el Caribe,2025,59.98949599
firmas_cortes_electricos,MEX,Mexico,2006,32.36390305
firmas_cortes_electricos,MEX,Mexico,2010,45.06284332
firmas_cortes_electricos,MEX,Mexico,2023,28.44305992
firmas_cortes_electricos,OED,Miembros OCDE,2025,24.45582953
firmas_cortes_electricos,PER,Peru,2006,28.37433243
firmas_cortes_electricos,PER,Peru,2010,36.82859039
firmas_cortes_electricos,PER,Peru,2017,52.20830154
firmas_cortes_electricos,PER,Peru,2023,33.51228333
firmas_cortes_electricos,URY,Uruguay,2006,34.4037056
firmas_cortes_electricos,URY,Uruguay,2010,27.47639847
firmas_cortes_electricos,URY,Uruguay,2017,56.59682465
firmas_cortes_electricos,URY,Uruguay,2024,40.21897125
firmas_cortes_electricos,USA,Estados Unidos,2024,22.63454056
lpi_general,ARG,Argentina,2007,2.98
lpi_general,ARG,Argentina,2010,3.1
lpi_general,ARG,Argentina,2012,3.05
lpi_general,ARG,Argentina,2014,2.986475
lpi_general,ARG,Argentina,2016,2.962629
lpi_general,ARG,Argentina,2018,2.89
lpi_general,ARG,Argentina,2022,2.8
lpi_general,AUS,Australia,2007,3.79
lpi_general,AUS,Australia,2010,3.84
lpi_general,AUS,Australia,2012,3.73
lpi_general,AUS,Australia,2014,3.810776
lpi_general,AUS,Australia,2016,3.793385
lpi_general,AUS,Australia,2018,3.75
lpi_general,AUS,Australia,2022,3.7
lpi_general,BRA,Brasil,2007,2.75
lpi_general,BRA,Brasil,2010,3.2
lpi_general,BRA,Brasil,2012,3.13
lpi_general,BRA,Brasil,2014,2.943951
lpi_general,BRA,Brasil,2016,3.087984
lpi_general,BRA,Brasil,2018,2.99
lpi_general,BRA,Brasil,2022,3.2
lpi_general,CAN,Canada,2007,3.92
lpi_general,CAN,Canada,2010,3.87
lpi_general,CAN,Canada,2012,3.85
lpi_general,CAN,Canada,2014,3.855498
lpi_general,CAN,Canada,2016,3.930707
lpi_general,CAN,Canada,2018,3.73
lpi_general,CAN,Canada,2022,4
lpi_general,CHL,Chile,2007,3.25
lpi_general,CHL,Chile,2010,3.09
lpi_general,CHL,Chile,2012,3.17
lpi_general,CHL,Chile,2014,3.255786
lpi_general,CHL,Chile,2016,3.248442
lpi_general,CHL,Chile,2018,3.32
lpi_general,CHL,Chile,2022,3
lpi_general,COL,Colombia,2007,2.5
lpi_general,COL,Colombia,2010,2.77
lpi_general,COL,Colombia,2012,2.87
lpi_general,COL,Colombia,2014,2.639637
lpi_general,COL,Colombia,2016,2.612351
lpi_general,COL,Colombia,2018,2.94
lpi_general,COL,Colombia,2022,2.9
lpi_general,ESP,Espana,2007,3.52
lpi_general,ESP,Espana,2010,3.63
lpi_general,ESP,Espana,2012,3.7
lpi_general,ESP,Espana,2014,3.718636
lpi_general,ESP,Espana,2016,3.727412
lpi_general,ESP,Espana,2018,3.83
lpi_general,ESP,Espana,2022,3.9
lpi_general,LCN,America Latina y el Caribe,2007,2.56952381
lpi_general,LCN,America Latina y el Caribe,2010,2.741304348
lpi_general,LCN,America Latina y el Caribe,2012,2.708181818
lpi_general,LCN,America Latina y el Caribe,2014,2.769071826
lpi_general,LCN,America Latina y el Caribe,2016,2.664341375
lpi_general,LCN,America Latina y el Caribe,2018,2.664347826
lpi_general,LCN,America Latina y el Caribe,2022,2.692
lpi_general,MEX,Mexico,2007,2.87
lpi_general,MEX,Mexico,2010,3.05
lpi_general,MEX,Mexico,2012,3.06
lpi_general,MEX,Mexico,2014,3.128319
lpi_general,MEX,Mexico,2016,3.114031
lpi_general,MEX,Mexico,2018,3.05
lpi_general,MEX,Mexico,2022,2.9
lpi_general,OED,Miembros OCDE,2007,3.496216216
lpi_general,OED,Miembros OCDE,2010,3.55
lpi_general,OED,Miembros OCDE,2012,3.515405405
lpi_general,OED,Miembros OCDE,2014,3.594259868
lpi_general,OED,Miembros OCDE,2016,3.647768842
lpi_general,OED,Miembros OCDE,2018,3.581052632
lpi_general,OED,Miembros OCDE,2022,3.634210526
lpi_general,PER,Peru,2007,2.77
lpi_general,PER,Peru,2010,2.8
lpi_general,PER,Peru,2012,2.94
lpi_general,PER,Peru,2014,2.840685
lpi_general,PER,Peru,2016,2.893389
lpi_general,PER,Peru,2018,2.69
lpi_general,PER,Peru,2022,3
lpi_general,URY,Uruguay,2007,2.51
lpi_general,URY,Uruguay,2010,2.75
lpi_general,URY,Uruguay,2012,2.98
lpi_general,URY,Uruguay,2014,2.678649
lpi_general,URY,Uruguay,2016,2.974545
lpi_general,URY,Uruguay,2018,2.69
lpi_general,URY,Uruguay,2022,3
lpi_general,USA,Estados Unidos,2007,3.84
lpi_general,USA,Estados Unidos,2010,3.86
lpi_general,USA,Estados Unidos,2012,3.93
lpi_general,USA,Estados Unidos,2014,3.917825
lpi_general,USA,Estados Unidos,2016,3.992172
lpi_general,USA,Estados Unidos,2018,3.89
lpi_general,USA,Estados Unidos,2022,3.8
lpi_infraestructura,ARG,Argentina,2007,2.81
lpi_infraestructura,ARG,Argentina,2010,2.75
lpi_infraestructura,ARG,Argentina,2012,2.94
lpi_infraestructura,ARG,Argentina,2014,2.831158
lpi_infraestructura,ARG,Argentina,2016,2.856412
lpi_infraestructura,ARG,Argentina,2018,2.77
lpi_infraestructura,ARG,Argentina,2022,2.8
lpi_infraestructura,AUS,Australia,2007,3.65
lpi_infraestructura,AUS,Australia,2010,3.78
lpi_infraestructura,AUS,Australia,2012,3.83
lpi_infraestructura,AUS,Australia,2014,3.99996
lpi_infraestructura,AUS,Australia,2016,3.816468
lpi_infraestructura,AUS,Australia,2018,3.97
lpi_infraestructura,AUS,Australia,2022,4.1
lpi_infraestructura,BRA,Brasil,2007,2.75
lpi_infraestructura,BRA,Brasil,2010,3.1
lpi_infraestructura,BRA,Brasil,2012,3.07
lpi_infraestructura,BRA,Brasil,2014,2.927419
lpi_infraestructura,BRA,Brasil,2016,3.110258
lpi_infraestructura,BRA,Brasil,2018,2.93
lpi_infraestructura,BRA,Brasil,2022,3.2
lpi_infraestructura,CAN,Canada,2007,3.95
lpi_infraestructura,CAN,Canada,2010,4.03
lpi_infraestructura,CAN,Canada,2012,3.99
lpi_infraestructura,CAN,Canada,2014,4.054256
lpi_infraestructura,CAN,Canada,2016,4.141614
lpi_infraestructura,CAN,Canada,2018,3.75
lpi_infraestructura,CAN,Canada,2022,4.3
lpi_infraestructura,CHL,Chile,2007,3.06
lpi_infraestructura,CHL,Chile,2010,2.86
lpi_infraestructura,CHL,Chile,2012,3.18
lpi_infraestructura,CHL,Chile,2014,3.172441
lpi_infraestructura,CHL,Chile,2016,2.771319
lpi_infraestructura,CHL,Chile,2018,3.21
lpi_infraestructura,CHL,Chile,2022,2.8
lpi_infraestructura,COL,Colombia,2007,2.28
lpi_infraestructura,COL,Colombia,2010,2.59
lpi_infraestructura,COL,Colombia,2012,2.72
lpi_infraestructura,COL,Colombia,2014,2.442362
lpi_infraestructura,COL,Colombia,2016,2.429151
lpi_infraestructura,COL,Colombia,2018,2.67
lpi_infraestructura,COL,Colombia,2022,2.9
lpi_infraestructura,ESP,Espana,2007,3.51
lpi_infraestructura,ESP,Espana,2010,3.58
lpi_infraestructura,ESP,Espana,2012,3.74
lpi_infraestructura,ESP,Espana,2014,3.773806
lpi_infraestructura,ESP,Espana,2016,3.716888
lpi_infraestructura,ESP,Espana,2018,3.84
lpi_infraestructura,ESP,Espana,2022,3.8
lpi_infraestructura,LCN,America Latina y el Caribe,2007,2.382380952
lpi_infraestructura,LCN,America Latina y el Caribe,2010,2.452173913
lpi_infraestructura,LCN,America Latina y el Caribe,2012,2.578636364
lpi_infraestructura,LCN,America Latina y el Caribe,2014,2.558327957
lpi_infraestructura,LCN,America Latina y el Caribe,2016,2.459838
lpi_infraestructura,LCN,America Latina y el Caribe,2018,2.466956522
lpi_infraestructura,LCN,America Latina y el Caribe,2022,2.552
lpi_infraestructura,MEX,Mexico,2007,2.68
lpi_infraestructura,MEX,Mexico,2010,2.95
lpi_infraestructura,MEX,Mexico,2012,3.03
lpi_infraestructura,MEX,Mexico,2014,3.036238
lpi_infraestructura,MEX,Mexico,2016,2.890923
lpi_infraestructura,MEX,Mexico,2018,2.85
lpi_infraestructura,MEX,Mexico,2022,2.8
lpi_infraestructura,OED,Miembros OCDE,2007,3.422162162
lpi_infraestructura,OED,Miembros OCDE,2010,3.514210526
lpi_infraestructura,OED,Miembros OCDE,2012,3.531351351
lpi_infraestructura,OED,Miembros OCDE,2014,3.592789263
lpi_infraestructura,OED,Miembros OCDE,2016,3.619980447
lpi_infraestructura,OED,Miembros OCDE,2018,3.563421053
lpi_infraestructura,OED,Miembros OCDE,2022,3.681578947
lpi_infraestructura,PER,Peru,2007,2.57
lpi_infraestructura,PER,Peru,2010,2.66
lpi_infraestructura,PER,Peru,2012,2.73
lpi_infraestructura,PER,Peru,2014,2.720363
lpi_infraestructura,PER,Peru,2016,2.623704
lpi_infraestructura,PER,Peru,2018,2.28
lpi_infraestructura,PER,Peru,2022,2.5
lpi_infraestructura,URY,Uruguay,2007,2.38
lpi_infraestructura,URY,Uruguay,2010,2.58
lpi_infraestructura,URY,Uruguay,2012,2.87
lpi_infraestructura,URY,Uruguay,2014,2.511075
lpi_infraestructura,URY,Uruguay,2016,2.794872
lpi_infraestructura,URY,Uruguay,2018,2.43
lpi_infraestructura,URY,Uruguay,2022,2.7
lpi_infraestructura,USA,Estados Unidos,2007,4.07
lpi_infraestructura,USA,Estados Unidos,2010,4.15
lpi_infraestructura,USA,Estados Unidos,2012,4.14
lpi_infraestructura,USA,Estados Unidos,2014,4.184653
lpi_infraestructura,USA,Estados Unidos,2016,4.152011
lpi_infraestructura,USA,Estados Unidos,2018,4.05
lpi_infraestructura,USA,Estados Unidos,2022,3.9
perdidas_red_electrica,ARG,Argentina,2000,13.90767917
perdidas_red_electrica,ARG,Argentina,2001,14.59280786
perdidas_red_electrica,ARG,Argentina,2002,15.88322203
perdidas_red_electrica,ARG,Argentina,2003,16.05630132
perdidas_red_electrica,ARG,Argentina,2004,16.09509469
perdidas_red_electrica,ARG,Argentina,2005,15.80897995
perdidas_red_electrica,ARG,Argentina,2006,14.67331899
perdidas_red_electrica,ARG,Argentina,2007,15.32432075
perdidas_red_electrica,ARG,Argentina,2008,14.89497814
perdidas_red_electrica,ARG,Argentina,2009,15.53682937
perdidas_red_electrica,ARG,Argentina,2010,15.81240329
perdidas_red_electrica,ARG,Argentina,2011,14.63793183
perdidas_red_electrica,ARG,Argentina,2012,15.18323068
perdidas_red_electrica,ARG,Argentina,2013,15.98442642
perdidas_red_electrica,ARG,Argentina,2014,12.85071008
perdidas_red_electrica,ARG,Argentina,2015,12.28763742
perdidas_red_electrica,ARG,Argentina,2016,13.87854911
perdidas_red_electrica,ARG,Argentina,2017,15.78094532
perdidas_red_electrica,ARG,Argentina,2018,16.1280654
perdidas_red_electrica,ARG,Argentina,2019,14.95109455
perdidas_red_electrica,ARG,Argentina,2020,14.42181317
perdidas_red_electrica,ARG,Argentina,2021,14.5764106
perdidas_red_electrica,ARG,Argentina,2022,20.51289093
perdidas_red_electrica,ARG,Argentina,2023,23.85092666
perdidas_red_electrica,ARG,Argentina,2024,21.83601295
perdidas_red_electrica,AUS,Australia,2000,7.125732552
perdidas_red_electrica,AUS,Australia,2001,8.080219022
perdidas_red_electrica,AUS,Australia,2002,6.954362682
perdidas_red_electrica,AUS,Australia,2003,6.002210125
perdidas_red_electrica,AUS,Australia,2004,6.986262991
perdidas_red_electrica,AUS,Australia,2005,6.847583643
perdidas_red_electrica,AUS,Australia,2006,6.913627969
perdidas_red_electrica,AUS,Australia,2007,6.636864248
perdidas_red_electrica,AUS,Australia,2008,6.361292816
perdidas_red_electrica,AUS,Australia,2009,5.14139957
perdidas_red_electrica,AUS,Australia,2010,5.843798608
perdidas_red_electrica,AUS,Australia,2011,5.088898167
perdidas_red_electrica,AUS,Australia,2012,5.021513944
perdidas_red_electrica,AUS,Australia,2013,4.526852887
perdidas_red_electrica,AUS,Australia,2014,3.963250883
perdidas_red_electrica,AUS,Australia,2015,3.904167544
perdidas_red_electrica,AUS,Australia,2016,3.937581295
perdidas_red_electrica,AUS,Australia,2017,4.302229594
perdidas_red_electrica,AUS,Australia,2018,4.025189998
perdidas_red_electrica,AUS,Australia,2019,3.797353291
perdidas_red_electrica,AUS,Australia,2020,3.917745816
perdidas_red_electrica,AUS,Australia,2021,4.792622216
perdidas_red_electrica,AUS,Australia,2022,4.911409747
perdidas_red_electrica,AUS,Australia,2023,4.618652404
perdidas_red_electrica,AUS,Australia,2024,4.711341828
perdidas_red_electrica,BRA,Brasil,2000,17.65756212
perdidas_red_electrica,BRA,Brasil,2001,17.23793637
perdidas_red_electrica,BRA,Brasil,2002,16.74395596
perdidas_red_electrica,BRA,Brasil,2003,16.26809098
perdidas_red_electrica,BRA,Brasil,2004,16.74835399
perdidas_red_electrica,BRA,Brasil,2005,16.59417467
perdidas_red_electrica,BRA,Brasil,2006,16.82417721
perdidas_red_electrica,BRA,Brasil,2007,16.14096018
perdidas_red_electrica,BRA,Brasil,2008,16.64575537
perdidas_red_electrica,BRA,Brasil,2009,17.1869536
perdidas_red_electrica,BRA,Brasil,2010,16.62688356
perdidas_red_electrica,BRA,Brasil,2011,16.45939781
perdidas_red_electrica,BRA,Brasil,2012,17.08306104
perdidas_red_electrica,BRA,Brasil,2013,16.64132381
perdidas_red_electrica,BRA,Brasil,2014,15.38919524
perdidas_red_electrica,BRA,Brasil,2015,15.4988653
perdidas_red_electrica,BRA,Brasil,2016,16.8239252
perdidas_red_electrica,BRA,Brasil,2017,16.39057447
perdidas_red_electrica,BRA,Brasil,2018,16.1349664
perdidas_red_electrica,BRA,Brasil,2019,16.73074979
perdidas_red_electrica,BRA,Brasil,2020,16.82348226
perdidas_red_electrica,BRA,Brasil,2021,16.52210227
perdidas_red_electrica,BRA,Brasil,2022,15.35273875
perdidas_red_electrica,BRA,Brasil,2023,15.10961057
perdidas_red_electrica,BRA,Brasil,2024,14.97214957
perdidas_red_electrica,CAN,Canada,2000,8.880778789
perdidas_red_electrica,CAN,Canada,2001,8.7524955
perdidas_red_electrica,CAN,Canada,2002,8.563482676
perdidas_red_electrica,CAN,Canada,2003,8.137070363
perdidas_red_electrica,CAN,Canada,2004,8.728187025
perdidas_red_electrica,CAN,Canada,2005,3.562477767
perdidas_red_electrica,CAN,Canada,2006,3.804526773
perdidas_red_electrica,CAN,Canada,2007,3.368313504
perdidas_red_electrica,CAN,Canada,2008,3.709438376
perdidas_red_electrica,CAN,Canada,2009,4.32322184
perdidas_red_electrica,CAN,Canada,2010,4.292127123
perdidas_red_electrica,CAN,Canada,2011,4.204701275
perdidas_red_electrica,CAN,Canada,2012,4.112326545
perdidas_red_electrica,CAN,Canada,2013,3.955692596
perdidas_red_electrica,CAN,Canada,2014,4.444663597
perdidas_red_electrica,CAN,Canada,2015,5.0523262
perdidas_red_electrica,CAN,Canada,2016,4.889627594
perdidas_red_electrica,CAN,Canada,2017,5.339109691
perdidas_red_electrica,CAN,Canada,2018,5.087755241
perdidas_red_electrica,CAN,Canada,2019,5.140825646
perdidas_red_electrica,CAN,Canada,2020,5.044840814
perdidas_red_electrica,CAN,Canada,2021,4.022456669
perdidas_red_electrica,CAN,Canada,2022,4.007422052
perdidas_red_electrica,CAN,Canada,2023,3.999829384
perdidas_red_electrica,CAN,Canada,2024,4.151916381
perdidas_red_electrica,CHL,Chile,2000,7.293278108
perdidas_red_electrica,CHL,Chile,2001,7.359337895
perdidas_red_electrica,CHL,Chile,2002,6.180302718
perdidas_red_electrica,CHL,Chile,2003,6.085972368
perdidas_red_electrica,CHL,Chile,2004,7.877675363
perdidas_red_electrica,CHL,Chile,2005,8.650255316
perdidas_red_electrica,CHL,Chile,2006,8.864786696
perdidas_red_electrica,CHL,Chile,2007,8.434599805
perdidas_red_electrica,CHL,Chile,2008,8.510317567
perdidas_red_electrica,CHL,Chile,2009,10.54642469
perdidas_red_electrica,CHL,Chile,2010,8.21888341
perdidas_red_electrica,CHL,Chile,2011,7.132530854
perdidas_red_electrica,CHL,Chile,2012,5.016415535
perdidas_red_electrica,CHL,Chile,2013,6.692670909
perdidas_red_electrica,CHL,Chile,2014,6.167936342
perdidas_red_electrica,CHL,Chile,2015,4.915532925
perdidas_red_electrica,CHL,Chile,2016,3.62139814
perdidas_red_electrica,CHL,Chile,2017,5.255340307
perdidas_red_electrica,CHL,Chile,2018,4.264078991
perdidas_red_electrica,CHL,Chile,2019,4.221954162
perdidas_red_electrica,CHL,Chile,2020,3.906277904
perdidas_red_electrica,CHL,Chile,2021,4.800154514
perdidas_red_electrica,CHL,Chile,2022,5.013506809
perdidas_red_electrica,CHL,Chile,2023,5.910942828
perdidas_red_electrica,CHL,Chile,2024,5.911614238
perdidas_red_electrica,COL,Colombia,2000,22.3829728
perdidas_red_electrica,COL,Colombia,2001,19.36567851
perdidas_red_electrica,COL,Colombia,2002,19.3948677
perdidas_red_electrica,COL,Colombia,2003,19.48782951
perdidas_red_electrica,COL,Colombia,2004,19.51494188
perdidas_red_electrica,COL,Colombia,2005,19.50381376
perdidas_red_electrica,COL,Colombia,2006,19.44320464
perdidas_red_electrica,COL,Colombia,2007,20.18395133
perdidas_red_electrica,COL,Colombia,2008,19.30109929
perdidas_red_electrica,COL,Colombia,2009,14.70886696
perdidas_red_electrica,COL,Colombia,2010,15.07034587
perdidas_red_electrica,COL,Colombia,2011,11.94783476
perdidas_red_electrica,COL,Colombia,2012,12.14687043
perdidas_red_electrica,COL,Colombia,2013,7.11071472
perdidas_red_electrica,COL,Colombia,2014,8.231089599
perdidas_red_electrica,COL,Colombia,2015,9.056440531
perdidas_red_electrica,COL,Colombia,2016,9.114583333
perdidas_red_electrica,COL,Colombia,2017,7.013118063
perdidas_red_electrica,COL,Colombia,2018,10.19846679
perdidas_red_electrica,COL,Colombia,2019,7.118074986
perdidas_red_electrica,COL,Colombia,2020,7.743654854
perdidas_red_electrica,COL,Colombia,2021,7.92823661
perdidas_red_electrica,COL,Colombia,2022,7.705367941
perdidas_red_electrica,COL,Colombia,2023,7.787697857
perdidas_red_electrica,COL,Colombia,2024,7.777112973
perdidas_red_electrica,ESP,Espana,2000,8.5829606
perdidas_red_electrica,ESP,Espana,2001,7.617905743
perdidas_red_electrica,ESP,Espana,2002,7.857489865
perdidas_red_electrica,ESP,Espana,2003,8.640767761
perdidas_red_electrica,ESP,Espana,2004,8.597226885
perdidas_red_electrica,ESP,Espana,2005,8.827439872
perdidas_red_electrica,ESP,Espana,2006,8.390130201
perdidas_red_electrica,ESP,Espana,2007,8.35281044
perdidas_red_electrica,ESP,Espana,2008,8.226085072
perdidas_red_electrica,ESP,Espana,2009,8.297128505
perdidas_red_electrica,ESP,Espana,2010,9.087080096
perdidas_red_electrica,ESP,Espana,2011,8.857330516
perdidas_red_electrica,ESP,Espana,2012,8.628569892
perdidas_red_electrica,ESP,Espana,2013,9.345624249
perdidas_red_electrica,ESP,Espana,2014,9.468374774
perdidas_red_electrica,ESP,Espana,2015,9.436796708
perdidas_red_electrica,ESP,Espana,2016,9.724461461
perdidas_red_electrica,ESP,Espana,2017,8.640099229
perdidas_red_electrica,ESP,Espana,2018,9.326220979
perdidas_red_electrica,ESP,Espana,2019,9.07204573
perdidas_red_electrica,ESP,Espana,2020,9.731825206
perdidas_red_electrica,ESP,Espana,2021,9.743649567
perdidas_red_electrica,ESP,Espana,2022,8.593146273
perdidas_red_electrica,ESP,Espana,2023,8.55708689
perdidas_red_electrica,ESP,Espana,2024,8.288238849
perdidas_red_electrica,LCN,America Latina y el Caribe,2000,15.77414706
perdidas_red_electrica,LCN,America Latina y el Caribe,2001,15.71005478
perdidas_red_electrica,LCN,America Latina y el Caribe,2002,15.58459739
perdidas_red_electrica,LCN,America Latina y el Caribe,2003,15.03391811
perdidas_red_electrica,LCN,America Latina y el Caribe,2004,16.09699092
perdidas_red_electrica,LCN,America Latina y el Caribe,2005,16.11390328
perdidas_red_electrica,LCN,America Latina y el Caribe,2006,16.11611037
perdidas_red_electrica,LCN,America Latina y el Caribe,2007,16.00637409
perdidas_red_electrica,LCN,America Latina y el Caribe,2008,16.12470373
perdidas_red_electrica,LCN,America Latina y el Caribe,2009,16.4114954
perdidas_red_electrica,LCN,America Latina y el Caribe,2010,16.21997828
perdidas_red_electrica,LCN,America Latina y el Caribe,2011,15.67624068
perdidas_red_electrica,LCN,America Latina y el Caribe,2012,15.88082191
perdidas_red_electrica,LCN,America Latina y el Caribe,2013,15.71789646
perdidas_red_electrica,LCN,America Latina y el Caribe,2014,15.16623919
perdidas_red_electrica,LCN,America Latina y el Caribe,2015,14.90393637
perdidas_red_electrica,LCN,America Latina y el Caribe,2016,14.79380125
perdidas_red_electrica,LCN,America Latina y el Caribe,2017,14.71427901
perdidas_red_electrica,LCN,America Latina y el Caribe,2018,13.59598279
perdidas_red_electrica,LCN,America Latina y el Caribe,2019,13.91598871
perdidas_red_electrica,LCN,America Latina y el Caribe,2020,13.91853398
perdidas_red_electrica,LCN,America Latina y el Caribe,2021,14.0175041
perdidas_red_electrica,LCN,America Latina y el Caribe,2022,13.83934114
perdidas_red_electrica,LCN,America Latina y el Caribe,2023,14.10674912
perdidas_red_electrica,LCN,America Latina y el Caribe,2024,13.61963297
perdidas_red_electrica,MEX,Mexico,2000,13.84854747
perdidas_red_electrica,MEX,Mexico,2001,14.05779763
perdidas_red_electrica,MEX,Mexico,2002,14.16912213
perdidas_red_electrica,MEX,Mexico,2003,12.31240766
perdidas_red_electrica,MEX,Mexico,2004,14.69002412
perdidas_red_electrica,MEX,Mexico,2005,14.92136158
perdidas_red_electrica,MEX,Mexico,2006,15.36068518
perdidas_red_electrica,MEX,Mexico,2007,15.26891368
perdidas_red_electrica,MEX,Mexico,2008,15.37573242
perdidas_red_electrica,MEX,Mexico,2009,15.85491106
perdidas_red_electrica,MEX,Mexico,2010,16.06027503
perdidas_red_electrica,MEX,Mexico,2011,15.06264265
perdidas_red_electrica,MEX,Mexico,2012,14.33793254
perdidas_red_electrica,MEX,Mexico,2013,14.30084924
perdidas_red_electrica,MEX,Mexico,2014,13.70569993
perdidas_red_electrica,MEX,Mexico,2015,13.07816326
perdidas_red_electrica,MEX,Mexico,2016,12.50289115
perdidas_red_electrica,MEX,Mexico,2017,13.57177294
perdidas_red_electrica,MEX,Mexico,2018,11.94557854
perdidas_red_electrica,MEX,Mexico,2019,11.76821755
perdidas_red_electrica,MEX,Mexico,2020,11.15706468
perdidas_red_electrica,MEX,Mexico,2021,12.00069642
perdidas_red_electrica,MEX,Mexico,2022,11.27638748
perdidas_red_electrica,MEX,Mexico,2023,11.1305372
perdidas_red_electrica,MEX,Mexico,2024,11.11116785
perdidas_red_electrica,OED,Miembros OCDE,2000,6.531368797
perdidas_red_electrica,OED,Miembros OCDE,2001,5.990420434
perdidas_red_electrica,OED,Miembros OCDE,2002,6.590455876
perdidas_red_electrica,OED,Miembros OCDE,2003,6.267397303
perdidas_red_electrica,OED,Miembros OCDE,2004,6.673551865
perdidas_red_electrica,OED,Miembros OCDE,2005,6.309132645
perdidas_red_electrica,OED,Miembros OCDE,2006,6.216400635
perdidas_red_electrica,OED,Miembros OCDE,2007,6.178209929
perdidas_red_electrica,OED,Miembros OCDE,2008,6.022418028
perdidas_red_electrica,OED,Miembros OCDE,2009,6.275884332
perdidas_red_electrica,OED,Miembros OCDE,2010,6.101831006
perdidas_red_electrica,OED,Miembros OCDE,2011,6.051260398
perdidas_red_electrica,OED,Miembros OCDE,2012,6.141148258
perdidas_red_electrica,OED,Miembros OCDE,2013,6.037570338
perdidas_red_electrica,OED,Miembros OCDE,2014,5.947340045
perdidas_red_electrica,OED,Miembros OCDE,2015,5.976712545
perdidas_red_electrica,OED,Miembros OCDE,2016,5.752987171
perdidas_red_electrica,OED,Miembros OCDE,2017,5.657279341
perdidas_red_electrica,OED,Miembros OCDE,2018,5.456813907
perdidas_red_electrica,OED,Miembros OCDE,2019,5.746672333
perdidas_red_electrica,OED,Miembros OCDE,2020,5.407899889
perdidas_red_electrica,OED,Miembros OCDE,2021,5.796302068
perdidas_red_electrica,OED,Miembros OCDE,2022,5.309630639
perdidas_red_electrica,OED,Miembros OCDE,2023,5.799795278
perdidas_red_electrica,OED,Miembros OCDE,2024,5.719601248
perdidas_red_electrica,PER,Peru,2000,12.05270092
perdidas_red_electrica,PER,Peru,2001,11.17106315
perdidas_red_electrica,PER,Peru,2002,10.79593966
perdidas_red_electrica,PER,Peru,2003,10.56206409
perdidas_red_electrica,PER,Peru,2004,10.32565876
perdidas_red_electrica,PER,Peru,2005,9.50726721
perdidas_red_electrica,PER,Peru,2006,9.532535527
perdidas_red_electrica,PER,Peru,2007,8.523489933
perdidas_red_electrica,PER,Peru,2008,8.314824663
perdidas_red_electrica,PER,Peru,2009,8.298319328
perdidas_red_electrica,PER,Peru,2010,10.28383847
perdidas_red_electrica,PER,Peru,2011,5.82010582
perdidas_red_electrica,PER,Peru,2012,8.520077639
perdidas_red_electrica,PER,Peru,2013,10.43605515
perdidas_red_electrica,PER,Peru,2014,10.87385376
perdidas_red_electrica,PER,Peru,2015,11.05708289
perdidas_red_electrica,PER,Peru,2016,10.42768082
perdidas_red_electrica,PER,Peru,2017,10.27700985
perdidas_red_electrica,PER,Peru,2018,10.85453288
perdidas_red_electrica,PER,Peru,2019,11.24429624
perdidas_red_electrica,PER,Peru,2020,12.20510672
perdidas_red_electrica,PER,Peru,2021,11.78462996
perdidas_red_electrica,PER,Peru,2022,11.22616449
perdidas_red_electrica,PER,Peru,2023,11.34047729
perdidas_red_electrica,URY,Uruguay,2000,18.52925672
perdidas_red_electrica,URY,Uruguay,2001,15.97837838
perdidas_red_electrica,URY,Uruguay,2002,16.73086934
perdidas_red_electrica,URY,Uruguay,2003,20.88821541
perdidas_red_electrica,URY,Uruguay,2004,30.62711864
perdidas_red_electrica,URY,Uruguay,2005,23.32422231
perdidas_red_electrica,URY,Uruguay,2006,19.12715517
perdidas_red_electrica,URY,Uruguay,2007,12.58264022
perdidas_red_electrica,URY,Uruguay,2008,12.28050171
perdidas_red_electrica,URY,Uruguay,2009,13.10718819
perdidas_red_electrica,URY,Uruguay,2010,11.28596704
perdidas_red_electrica,URY,Uruguay,2011,12.44199536
perdidas_red_electrica,URY,Uruguay,2012,12.19097943
perdidas_red_electrica,URY,Uruguay,2013,10.9948542
perdidas_red_electrica,URY,Uruguay,2014,9.644396552
perdidas_red_electrica,URY,Uruguay,2015,10.85293903
perdidas_red_electrica,URY,Uruguay,2016,11.58334534
perdidas_red_electrica,URY,Uruguay,2017,11.79583594
perdidas_red_electrica,URY,Uruguay,2018,10.64833812
perdidas_red_electrica,URY,Uruguay,2019,8.210160229
perdidas_red_electrica,URY,Uruguay,2020,8.307579102
perdidas_red_electrica,URY,Uruguay,2021,7.708658956
perdidas_red_electrica,URY,Uruguay,2022,8.823330858
perdidas_red_electrica,URY,Uruguay,2023,9.690880989
perdidas_red_electrica,USA,Estados Unidos,2000,5.653659676
perdidas_red_electrica,USA,Estados Unidos,2001,4.383972606
perdidas_red_electrica,USA,Estados Unidos,2002,6.161629377
perdidas_red_electrica,USA,Estados Unidos,2003,5.575359085
perdidas_red_electrica,USA,Estados Unidos,2004,6.369513104
perdidas_red_electrica,USA,Estados Unidos,2005,6.267790744
perdidas_red_electrica,USA,Estados Unidos,2006,6.191291869
perdidas_red_electrica,USA,Estados Unidos,2007,6.139143937
perdidas_red_electrica,USA,Estados Unidos,2008,5.634187151
perdidas_red_electrica,USA,Estados Unidos,2009,6.224799825
perdidas_red_electrica,USA,Estados Unidos,2010,5.96101799
perdidas_red_electrica,USA,Estados Unidos,2011,5.966897523
perdidas_red_electrica,USA,Estados Unidos,2012,6.263675052
perdidas_red_electrica,USA,Estados Unidos,2013,5.928936453
perdidas_red_electrica,USA,Estados Unidos,2014,5.882492533
perdidas_red_electrica,USA,Estados Unidos,2015,5.914120837
perdidas_red_electrica,USA,Estados Unidos,2016,5.432784256
perdidas_red_electrica,USA,Estados Unidos,2017,5.275114851
perdidas_red_electrica,USA,Estados Unidos,2018,4.738838247
perdidas_red_electrica,USA,Estados Unidos,2019,5.558409385
perdidas_red_electrica,USA,Estados Unidos,2020,4.647112717
perdidas_red_electrica,USA,Estados Unidos,2021,5.580116105
perdidas_red_electrica,USA,Estados Unidos,2022,4.560004876
perdidas_red_electrica,USA,Estados Unidos,2023,5.482534796
perdidas_red_electrica,USA,Estados Unidos,2024,5.311724822
ppi_energia,ARG,Argentina,2000,1632900000
ppi_energia,ARG,Argentina,2001,945500000
ppi_energia,ARG,Argentina,2002,111830000
ppi_energia,ARG,Argentina,2003,104040000
ppi_energia,ARG,Argentina,2004,274000000
ppi_energia,ARG,Argentina,2005,248600000
ppi_energia,ARG,Argentina,2006,1928000000
ppi_energia,ARG,Argentina,2007,489000000
ppi_energia,ARG,Argentina,2008,717750000
ppi_energia,ARG,Argentina,2009,344250000
ppi_energia,ARG,Argentina,2010,322910000
ppi_energia,ARG,Argentina,2011,564600000
ppi_energia,ARG,Argentina,2012,593000000
ppi_energia,ARG,Argentina,2013,1039000000
ppi_energia,ARG,Argentina,2015,120000000
ppi_energia,ARG,Argentina,2017,1826100000
ppi_energia,ARG,Argentina,2018,1151820000
ppi_energia,ARG,Argentina,2019,2060400000
ppi_energia,ARG,Argentina,2020,160000000
ppi_energia,ARG,Argentina,2022,516000000
ppi_energia,ARG,Argentina,2023,720000000
ppi_energia,ARG,Argentina,2024,33000000
ppi_energia,BRA,Brasil,2000,7984790000
ppi_energia,BRA,Brasil,2001,3858690000
ppi_energia,BRA,Brasil,2002,3840810000
ppi_energia,BRA,Brasil,2003,3571840000
ppi_energia,BRA,Brasil,2004,1876140000
ppi_energia,BRA,Brasil,2005,4020590000
ppi_energia,BRA,Brasil,2006,5770600000
ppi_energia,BRA,Brasil,2007,8300900000
ppi_energia,BRA,Brasil,2008,9216900000
ppi_energia,BRA,Brasil,2009,2.353851e+10
ppi_energia,BRA,Brasil,2010,1.169e+10
ppi_energia,BRA,Brasil,2011,1.67633e+10
ppi_energia,BRA,Brasil,2012,3.022753e+10
ppi_energia,BRA,Brasil,2013,1.007542e+10
ppi_energia,BRA,Brasil,2014,1.00776e+10
ppi_energia,BRA,Brasil,2015,5805180000
ppi_energia,BRA,Brasil,2016,1.45983e+10
ppi_energia,BRA,Brasil,2017,6515000000
ppi_energia,BRA,Brasil,2018,4953540000
ppi_energia,BRA,Brasil,2019,1.494657e+10
ppi_energia,BRA,Brasil,2020,6242530000
ppi_energia,BRA,Brasil,2021,3270180000
ppi_energia,BRA,Brasil,2022,6031570000
ppi_energia,BRA,Brasil,2023,4055070000
ppi_energia,BRA,Brasil,2024,5748120000
ppi_energia,COL,Colombia,2000,81900000
ppi_energia,COL,Colombia,2001,53000000
ppi_energia,COL,Colombia,2002,51300000
ppi_energia,COL,Colombia,2003,50700000
ppi_energia,COL,Colombia,2004,53000000
ppi_energia,COL,Colombia,2005,61700000
ppi_energia,COL,Colombia,2006,147600000
ppi_energia,COL,Colombia,2007,499100000
ppi_energia,COL,Colombia,2008,196300000
ppi_energia,COL,Colombia,2009,142100000
ppi_energia,COL,Colombia,2010,235016000
ppi_energia,COL,Colombia,2011,684000000
ppi_energia,COL,Colombia,2012,45000000
ppi_energia,COL,Colombia,2013,1400000000
ppi_energia,COL,Colombia,2014,774600000
ppi_energia,COL,Colombia,2015,59000000
ppi_energia,COL,Colombia,2016,2265000000
ppi_energia,COL,Colombia,2018,78000000
ppi_energia,COL,Colombia,2019,165200000
ppi_energia,COL,Colombia,2020,205230000
ppi_energia,COL,Colombia,2021,24000000
ppi_energia,COL,Colombia,2022,585560000
ppi_energia,COL,Colombia,2023,720900000
ppi_energia,COL,Colombia,2024,202000000
ppi_energia,LCN,America Latina y el Caribe,2000,1.328889e+10
ppi_energia,LCN,America Latina y el Caribe,2001,6020390000
ppi_energia,LCN,America Latina y el Caribe,2002,7445040000
ppi_energia,LCN,America Latina y el Caribe,2003,6944870000
ppi_energia,LCN,America Latina y el Caribe,2004,3443040000
ppi_energia,LCN,America Latina y el Caribe,2005,4837790000
ppi_energia,LCN,America Latina y el Caribe,2006,9163700000
ppi_energia,LCN,America Latina y el Caribe,2007,1.037e+10
ppi_energia,LCN,America Latina y el Caribe,2008,1.129265e+10
ppi_energia,LCN,America Latina y el Caribe,2010,1.5868926e+10
ppi_energia,LCN,America Latina y el Caribe,2011,2.0773e+10
ppi_energia,LCN,America Latina y el Caribe,2012,3.611893e+10
ppi_energia,LCN,America Latina y el Caribe,2013,1.883782e+10
ppi_energia,LCN,America Latina y el Caribe,2014,1.845284e+10
ppi_energia,LCN,America Latina y el Caribe,2015,1.187397e+10
ppi_energia,LCN,America Latina y el Caribe,2016,2.12805e+10
ppi_energia,LCN,America Latina y el Caribe,2017,1.67394e+10
ppi_energia,LCN,America Latina y el Caribe,2018,1.046526e+10
ppi_energia,LCN,America Latina y el Caribe,2019,2.103678e+10
ppi_energia,LCN,America Latina y el Caribe,2020,1.097491e+10
ppi_energia,LCN,America Latina y el Caribe,2023,8719740000
ppi_energia,LCN,America Latina y el Caribe,2024,8401220000
ppi_energia,MEX,Mexico,2000,2214300000
ppi_energia,MEX,Mexico,2001,311000000
ppi_energia,MEX,Mexico,2002,2124000000
ppi_energia,MEX,Mexico,2003,1285000000
ppi_energia,MEX,Mexico,2004,695000000
ppi_energia,MEX,Mexico,2005,120000000
ppi_energia,MEX,Mexico,2006,801000000
ppi_energia,MEX,Mexico,2007,120000000
ppi_energia,MEX,Mexico,2008,562000000
ppi_energia,MEX,Mexico,2010,799700000
ppi_energia,MEX,Mexico,2011,1207000000
ppi_energia,MEX,Mexico,2012,2129500000
ppi_energia,MEX,Mexico,2013,2117600000
ppi_energia,MEX,Mexico,2014,4502040000
ppi_energia,MEX,Mexico,2015,2886900000
ppi_energia,MEX,Mexico,2016,3586600000
ppi_energia,MEX,Mexico,2017,6613800000
ppi_energia,MEX,Mexico,2018,3597650000
ppi_energia,MEX,Mexico,2019,2717210000
ppi_energia,MEX,Mexico,2020,4211500000
ppi_energia,MEX,Mexico,2021,448460000
ppi_energia,MEX,Mexico,2023,14650000
ppi_energia,MEX,Mexico,2024,551000000
ppi_energia,PER,Peru,2000,348100000
ppi_energia,PER,Peru,2001,304300000
ppi_energia,PER,Peru,2002,345300000
ppi_energia,PER,Peru,2003,1017000000
ppi_energia,PER,Peru,2004,305600000
ppi_energia,PER,Peru,2005,158600000
ppi_energia,PER,Peru,2006,126300000
ppi_energia,PER,Peru,2007,469300000
ppi_energia,PER,Peru,2008,328200000
ppi_energia,PER,Peru,2009,436270000
ppi_energia,PER,Peru,2010,1188100000
ppi_energia,PER,Peru,2011,876900000
ppi_energia,PER,Peru,2012,2080900000
ppi_energia,PER,Peru,2013,2764700000
ppi_energia,PER,Peru,2014,1641600000
ppi_energia,PER,Peru,2015,1731350000
ppi_energia,PER,Peru,2016,323900000
ppi_energia,PER,Peru,2017,718500000
ppi_energia,PER,Peru,2018,311200000
ppi_energia,PER,Peru,2019,54000000
ppi_energia,PER,Peru,2020,100000000
ppi_energia,PER,Peru,2022,868400000
ppi_energia,PER,Peru,2023,1787600000
ppi_energia,PER,Peru,2024,1244500000
ppi_energia,URY,Uruguay,2021,67000000
puertos_teu,ARG,Argentina,2010,2017388
puertos_teu,ARG,Argentina,2011,2193269
puertos_teu,ARG,Argentina,2012,1970243
puertos_teu,ARG,Argentina,2013,2176939
puertos_teu,ARG,Argentina,2014,1738744
puertos_teu,ARG,Argentina,2015,1734397
puertos_teu,ARG,Argentina,2016,1713267
puertos_teu,ARG,Argentina,2017,1809153
puertos_teu,ARG,Argentina,2018,2184625
puertos_teu,ARG,Argentina,2019,1833964
puertos_teu,ARG,Argentina,2020,1705390
puertos_teu,ARG,Argentina,2021,1798923
puertos_teu,ARG,Argentina,2022,1667161
puertos_teu,ARG,Argentina,2023,1490437
puertos_teu,ARG,Argentina,2024,1471434
puertos_teu,AUS,Australia,2010,6451689
puertos_teu,AUS,Australia,2011,6865295
puertos_teu,AUS,Australia,2012,7197262
puertos_teu,AUS,Australia,2013,7304610
puertos_teu,AUS,Australia,2014,7442016
puertos_teu,AUS,Australia,2015,7731627
puertos_teu,AUS,Australia,2016,7830344
puertos_teu,AUS,Australia,2017,7991508
puertos_teu,AUS,Australia,2018,8667914
puertos_teu,AUS,Australia,2019,8778913
puertos_teu,AUS,Australia,2020,8470466
puertos_teu,AUS,Australia,2021,9254828
puertos_teu,AUS,Australia,2022,9377619
puertos_teu,AUS,Australia,2023,9283435
puertos_teu,AUS,Australia,2024,9579396
puertos_teu,BRA,Brasil,2010,7223103
puertos_teu,BRA,Brasil,2011,8037427
puertos_teu,BRA,Brasil,2012,8455525
puertos_teu,BRA,Brasil,2013,9214483
puertos_teu,BRA,Brasil,2014,9436275
puertos_teu,BRA,Brasil,2015,9263315
puertos_teu,BRA,Brasil,2016,8804079
puertos_teu,BRA,Brasil,2017,9380502
puertos_teu,BRA,Brasil,2018,10061925
puertos_teu,BRA,Brasil,2019,10704669
puertos_teu,BRA,Brasil,2020,10450632
puertos_teu,BRA,Brasil,2021,11801530
puertos_teu,BRA,Brasil,2022,11683239
puertos_teu,BRA,Brasil,2023,11613563
puertos_teu,BRA,Brasil,2024,13893906
puertos_teu,CAN,Canada,2010,4670790
puertos_teu,CAN,Canada,2011,4735750
puertos_teu,CAN,Canada,2012,5125601
puertos_teu,CAN,Canada,2013,5260202
puertos_teu,CAN,Canada,2014,5447571
puertos_teu,CAN,Canada,2015,5828525
puertos_teu,CAN,Canada,2016,5727822
puertos_teu,CAN,Canada,2017,6377236
puertos_teu,CAN,Canada,2018,6763247
puertos_teu,CAN,Canada,2019,7000133
puertos_teu,CAN,Canada,2020,6298023
puertos_teu,CAN,Canada,2021,7169607
puertos_teu,CAN,Canada,2022,7075877
puertos_teu,CAN,Canada,2023,6102646
puertos_teu,CAN,Canada,2024,6394038
puertos_teu,CHL,Chile,2010,3157758
puertos_teu,CHL,Chile,2011,3432192
puertos_teu,CHL,Chile,2012,3514318
puertos_teu,CHL,Chile,2013,3853407
puertos_teu,CHL,Chile,2014,3957585
puertos_teu,CHL,Chile,2015,3956842
puertos_teu,CHL,Chile,2016,4170283
puertos_teu,CHL,Chile,2017,4407502
puertos_teu,CHL,Chile,2018,4661486
puertos_teu,CHL,Chile,2019,4641633
puertos_teu,CHL,Chile,2020,4217172
puertos_teu,CHL,Chile,2021,4335451
puertos_teu,CHL,Chile,2022,4203293
puertos_teu,CHL,Chile,2023,4322878
puertos_teu,CHL,Chile,2024,4474125
puertos_teu,COL,Colombia,2010,2446523
puertos_teu,COL,Colombia,2011,2861151
puertos_teu,COL,Colombia,2012,3381952
puertos_teu,COL,Colombia,2013,3068565
puertos_teu,COL,Colombia,2014,3409344
puertos_teu,COL,Colombia,2015,3843103
puertos_teu,COL,Colombia,2016,3452348
puertos_teu,COL,Colombia,2017,3877937
puertos_teu,COL,Colombia,2018,4181330
puertos_teu,COL,Colombia,2019,4316862
puertos_teu,COL,Colombia,2020,4272689
puertos_teu,COL,Colombia,2021,4901510
puertos_teu,COL,Colombia,2022,4480670
puertos_teu,COL,Colombia,2023,4503448
puertos_teu,COL,Colombia,2024,5188127
puertos_teu,ESP,Espana,2010,12500043
puertos_teu,ESP,Espana,2011,13901612
puertos_teu,ESP,Espana,2012,14066221
puertos_teu,ESP,Espana,2013,13903835
puertos_teu,ESP,Espana,2014,14205033
puertos_teu,ESP,Espana,2015,14288388
puertos_teu,ESP,Espana,2016,15073218
puertos_teu,ESP,Espana,2017,15929902
puertos_teu,ESP,Espana,2018,17165709
puertos_teu,ESP,Espana,2019,17464920
puertos_teu,ESP,Espana,2020,16745921
puertos_teu,ESP,Espana,2021,17712459
puertos_teu,ESP,Espana,2022,17161676
puertos_teu,ESP,Espana,2023,16380201
puertos_teu,ESP,Espana,2024,18114517
puertos_teu,LCN,America Latina y el Caribe,2010,38765830.97
puertos_teu,LCN,America Latina y el Caribe,2011,43655833.92
puertos_teu,LCN,America Latina y el Caribe,2012,46120695.4
puertos_teu,LCN,America Latina y el Caribe,2013,46701397.4
puertos_teu,LCN,America Latina y el Caribe,2014,47014004.4
puertos_teu,LCN,America Latina y el Caribe,2015,47907364.88
puertos_teu,LCN,America Latina y el Caribe,2016,46771094.78
puertos_teu,LCN,America Latina y el Caribe,2017,49946626.42
puertos_teu,LCN,America Latina y el Caribe,2018,53572052.86
puertos_teu,LCN,America Latina y el Caribe,2019,54038532.72
puertos_teu,LCN,America Latina y el Caribe,2020,52894527.62
puertos_teu,LCN,America Latina y el Caribe,2021,59129924
puertos_teu,LCN,America Latina y el Caribe,2022,58521490
puertos_teu,LCN,America Latina y el Caribe,2023,58606519
puertos_teu,LCN,America Latina y el Caribe,2024,63967895
puertos_teu,MEX,Mexico,2010,3704765
puertos_teu,MEX,Mexico,2011,4226288
puertos_teu,MEX,Mexico,2012,4810170
puertos_teu,MEX,Mexico,2013,4892881
puertos_teu,MEX,Mexico,2014,5071720
puertos_teu,MEX,Mexico,2015,5421307
puertos_teu,MEX,Mexico,2016,5678854
puertos_teu,MEX,Mexico,2017,6375338
puertos_teu,MEX,Mexico,2018,6983149
puertos_teu,MEX,Mexico,2019,7113878
puertos_teu,MEX,Mexico,2020,6487264
puertos_teu,MEX,Mexico,2021,7852417
puertos_teu,MEX,Mexico,2022,8307884
puertos_teu,MEX,Mexico,2023,8319202
puertos_teu,MEX,Mexico,2024,9284170
puertos_teu,OED,Miembros OCDE,2010,190238575
puertos_teu,OED,Miembros OCDE,2011,202496869
puertos_teu,OED,Miembros OCDE,2012,210019366
puertos_teu,OED,Miembros OCDE,2013,215028610
puertos_teu,OED,Miembros OCDE,2014,224216439
puertos_teu,OED,Miembros OCDE,2015,226938624
puertos_teu,OED,Miembros OCDE,2016,232620257
puertos_teu,OED,Miembros OCDE,2017,247401531
puertos_teu,OED,Miembros OCDE,2018,259908757
puertos_teu,OED,Miembros OCDE,2019,264872470
puertos_teu,OED,Miembros OCDE,2020,256566186
puertos_teu,OED,Miembros OCDE,2021,276808687
puertos_teu,OED,Miembros OCDE,2022,272540668
puertos_teu,OED,Miembros OCDE,2023,260237616
puertos_teu,OED,Miembros OCDE,2024,276685362
puertos_teu,PER,Peru,2010,1529846
puertos_teu,PER,Peru,2011,1826795
puertos_teu,PER,Peru,2012,2021881
puertos_teu,PER,Peru,2013,2064981
puertos_teu,PER,Peru,2014,2241216
puertos_teu,PER,Peru,2015,2158030
puertos_teu,PER,Peru,2016,2321062
puertos_teu,PER,Peru,2017,2539720
puertos_teu,PER,Peru,2018,2667974
puertos_teu,PER,Peru,2019,2677239
puertos_teu,PER,Peru,2020,2651281
puertos_teu,PER,Peru,2021,2874109
puertos_teu,PER,Peru,2022,2865239
puertos_teu,PER,Peru,2023,3144220
puertos_teu,PER,Peru,2024,3477011
puertos_teu,URY,Uruguay,2010,608712
puertos_teu,URY,Uruguay,2011,861164
puertos_teu,URY,Uruguay,2012,753889
puertos_teu,URY,Uruguay,2013,826962
puertos_teu,URY,Uruguay,2014,775651
puertos_teu,URY,Uruguay,2015,811297
puertos_teu,URY,Uruguay,2016,888119
puertos_teu,URY,Uruguay,2017,939427
puertos_teu,URY,Uruguay,2018,797874
puertos_teu,URY,Uruguay,2019,749562
puertos_teu,URY,Uruguay,2020,764797
puertos_teu,URY,Uruguay,2021,977922
puertos_teu,URY,Uruguay,2022,1080445
puertos_teu,URY,Uruguay,2023,1120000
puertos_teu,URY,Uruguay,2024,1115000
puertos_teu,USA,Estados Unidos,2010,40266221
puertos_teu,USA,Estados Unidos,2011,40813311
puertos_teu,USA,Estados Unidos,2012,41880574
puertos_teu,USA,Estados Unidos,2013,42842995
puertos_teu,USA,Estados Unidos,2014,44635035
puertos_teu,USA,Estados Unidos,2015,46496985
puertos_teu,USA,Estados Unidos,2016,46940227
puertos_teu,USA,Estados Unidos,2017,50196165
puertos_teu,USA,Estados Unidos,2018,52994177
puertos_teu,USA,Estados Unidos,2019,54236516
puertos_teu,USA,Estados Unidos,2020,53059014
puertos_teu,USA,Estados Unidos,2021,60874671
puertos_teu,USA,Estados Unidos,2022,61191458
puertos_teu,USA,Estados Unidos,2023,54618858
puertos_teu,USA,Estados Unidos,2024,59707490
saneamiento_basico,ARG,Argentina,2000,87.66692684
saneamiento_basico,ARG,Argentina,2001,88.13593801
saneamiento_basico,ARG,Argentina,2002,88.60339829
saneamiento_basico,ARG,Argentina,2003,89.06956127
saneamiento_basico,ARG,Argentina,2004,89.53506101
saneamiento_basico,ARG,Argentina,2005,89.99972956
saneamiento_basico,ARG,Argentina,2006,90.46378417
saneamiento_basico,ARG,Argentina,2007,90.92703685
saneamiento_basico,ARG,Argentina,2008,91.38971171
saneamiento_basico,ARG,Argentina,2009,91.85164006
saneamiento_basico,ARG,Argentina,2010,92.31283325
saneamiento_basico,ARG,Argentina,2011,92.77074852
saneamiento_basico,ARG,Argentina,2012,93.22680605
saneamiento_basico,ARG,Argentina,2013,93.62313203
saneamiento_basico,ARG,Argentina,2014,94.02112404
saneamiento_basico,ARG,Argentina,2015,94.42040763
saneamiento_basico,ARG,Argentina,2016,94.82095572
saneamiento_basico,AUS,Australia,2000,99.99116086
saneamiento_basico,AUS,Australia,2001,99.9916171
saneamiento_basico,AUS,Australia,2002,99.99207334
saneamiento_basico,AUS,Australia,2003,99.99252958
saneamiento_basico,AUS,Australia,2004,99.99298582
saneamiento_basico,AUS,Australia,2005,99.99344206
saneamiento_basico,AUS,Australia,2006,99.9938983
saneamiento_basico,AUS,Australia,2007,99.99435455
saneamiento_basico,AUS,Australia,2008,99.99481079
saneamiento_basico,AUS,Australia,2009,99.99526703
saneamiento_basico,AUS,Australia,2010,99.99572327
saneamiento_basico,AUS,Australia,2011,99.99617951
saneamiento_basico,AUS,Australia,2012,99.99663575
saneamiento_basico,AUS,Australia,2013,99.99709199
saneamiento_basico,AUS,Australia,2014,99.99754823
saneamiento_basico,AUS,Australia,2015,99.99800447
saneamiento_basico,AUS,Australia,2016,99.99846071
saneamiento_basico,AUS,Australia,2017,99.99891695
saneamiento_basico,AUS,Australia,2018,99.99937319
saneamiento_basico,AUS,Australia,2019,99.99982943
saneamiento_basico,AUS,Australia,2020,100
saneamiento_basico,AUS,Australia,2021,100
saneamiento_basico,AUS,Australia,2022,100
saneamiento_basico,AUS,Australia,2023,100
saneamiento_basico,AUS,Australia,2024,100
saneamiento_basico,BRA,Brasil,2000,73.36615419
saneamiento_basico,BRA,Brasil,2001,74.23592736
saneamiento_basico,BRA,Brasil,2002,75.08675216
saneamiento_basico,BRA,Brasil,2003,75.93220339
saneamiento_basico,BRA,Brasil,2004,76.77192817
saneamiento_basico,BRA,Brasil,2005,77.60604429
saneamiento_basico,BRA,Brasil,2006,78.43504902
saneamiento_basico,BRA,Brasil,2007,79.25902929
saneamiento_basico,BRA,Brasil,2008,80.07807475
saneamiento_basico,BRA,Brasil,2009,80.89148214
saneamiento_basico,BRA,Brasil,2010,81.7001428
saneamiento_basico,BRA,Brasil,2011,82.5075309
saneamiento_basico,BRA,Brasil,2012,83.31021851
saneamiento_basico,BRA,Brasil,2013,84.10756649
saneamiento_basico,BRA,Brasil,2014,84.90076041
saneamiento_basico,BRA,Brasil,2015,85.68916941
saneamiento_basico,BRA,Brasil,2016,86.472541
saneamiento_basico,BRA,Brasil,2017,87.25134606
saneamiento_basico,BRA,Brasil,2018,88.02503033
saneamiento_basico,BRA,Brasil,2019,88.79436353
saneamiento_basico,BRA,Brasil,2020,89.55914413
saneamiento_basico,BRA,Brasil,2021,90.31980163
saneamiento_basico,BRA,Brasil,2022,91.01965506
saneamiento_basico,BRA,Brasil,2023,91.71284762
saneamiento_basico,BRA,Brasil,2024,92.40127016
saneamiento_basico,CAN,Canada,2000,99.8666797
saneamiento_basico,CAN,Canada,2001,99.8688347
saneamiento_basico,CAN,Canada,2002,99.86934298
saneamiento_basico,CAN,Canada,2003,99.86986014
saneamiento_basico,CAN,Canada,2004,99.87036624
saneamiento_basico,CAN,Canada,2005,99.86395832
saneamiento_basico,CAN,Canada,2006,99.84301628
saneamiento_basico,CAN,Canada,2007,99.76076068
saneamiento_basico,CAN,Canada,2008,99.67827428
saneamiento_basico,CAN,Canada,2009,99.5955583
saneamiento_basico,CAN,Canada,2010,99.51261815
saneamiento_basico,CAN,Canada,2011,99.42938385
saneamiento_basico,CAN,Canada,2012,99.34555442
saneamiento_basico,CAN,Canada,2013,99.26167809
saneamiento_basico,CAN,Canada,2014,99.17775002
saneamiento_basico,CAN,Canada,2015,99.09377805
saneamiento_basico,CAN,Canada,2016,99.00975267
saneamiento_basico,CAN,Canada,2017,98.92567633
saneamiento_basico,CAN,Canada,2018,98.84154413
saneamiento_basico,CAN,Canada,2019,98.75732477
saneamiento_basico,CAN,Canada,2020,98.67300861
saneamiento_basico,CAN,Canada,2021,98.58856716
saneamiento_basico,CAN,Canada,2022,98.58835979
saneamiento_basico,CAN,Canada,2023,98.58813188
saneamiento_basico,CAN,Canada,2024,98.5878835
saneamiento_basico,CHL,Chile,2000,93.03158757
saneamiento_basico,CHL,Chile,2001,93.44091427
saneamiento_basico,CHL,Chile,2002,93.83249841
saneamiento_basico,CHL,Chile,2003,94.17865355
saneamiento_basico,CHL,Chile,2004,94.52357113
saneamiento_basico,CHL,Chile,2005,94.86664356
saneamiento_basico,CHL,Chile,2006,95.20847363
saneamiento_basico,CHL,Chile,2007,95.54870178
saneamiento_basico,CHL,Chile,2008,95.88766132
saneamiento_basico,CHL,Chile,2009,96.22504178
saneamiento_basico,CHL,Chile,2010,96.56087176
saneamiento_basico,CHL,Chile,2011,96.89542782
saneamiento_basico,CHL,Chile,2012,97.22846422
saneamiento_basico,CHL,Chile,2013,97.56010406
saneamiento_basico,CHL,Chile,2014,97.89035465
saneamiento_basico,CHL,Chile,2015,98.21921403
saneamiento_basico,CHL,Chile,2016,98.54695738
saneamiento_basico,CHL,Chile,2017,98.87344828
saneamiento_basico,CHL,Chile,2018,99.14829974
saneamiento_basico,CHL,Chile,2019,99.24409063
saneamiento_basico,CHL,Chile,2020,99.31448149
saneamiento_basico,CHL,Chile,2021,100
saneamiento_basico,CHL,Chile,2022,99.9999983
saneamiento_basico,CHL,Chile,2023,100
saneamiento_basico,CHL,Chile,2024,99.9999956
saneamiento_basico,COL,Colombia,2000,75.41487736
saneamiento_basico,COL,Colombia,2001,76.3087852
saneamiento_basico,COL,Colombia,2002,77.20198102
saneamiento_basico,COL,Colombia,2003,78.094434
saneamiento_basico,COL,Colombia,2004,78.9859213
saneamiento_basico,COL,Colombia,2005,79.87641662
saneamiento_basico,COL,Colombia,2006,80.76590577
saneamiento_basico,COL,Colombia,2007,81.65418364
saneamiento_basico,COL,Colombia,2008,82.54143612
saneamiento_basico,COL,Colombia,2009,83.42763655
saneamiento_basico,COL,Colombia,2010,84.31261465
saneamiento_basico,COL,Colombia,2011,85.19635547
saneamiento_basico,COL,Colombia,2012,86.0790425
saneamiento_basico,COL,Colombia,2013,86.96050146
saneamiento_basico,COL,Colombia,2014,87.84073028
saneamiento_basico,COL,Colombia,2015,88.71991189
saneamiento_basico,COL,Colombia,2016,89.59802529
saneamiento_basico,COL,Colombia,2017,90.47493744
saneamiento_basico,COL,Colombia,2018,91.35065968
saneamiento_basico,COL,Colombia,2019,92.22520626
saneamiento_basico,COL,Colombia,2020,93.0987394
saneamiento_basico,COL,Colombia,2021,93.97112203
saneamiento_basico,COL,Colombia,2022,94.84251546
saneamiento_basico,COL,Colombia,2023,95.71280082
saneamiento_basico,COL,Colombia,2024,96.5820152
saneamiento_basico,ESP,Espana,2000,99.813376
saneamiento_basico,ESP,Espana,2001,99.81323866
saneamiento_basico,ESP,Espana,2002,99.82037509
saneamiento_basico,ESP,Espana,2003,99.8274307
saneamiento_basico,ESP,Espana,2004,99.83450595
saneamiento_basico,ESP,Espana,2005,99.8416134
saneamiento_basico,ESP,Espana,2006,99.84873822
saneamiento_basico,ESP,Espana,2007,99.8558831
saneamiento_basico,ESP,Espana,2008,99.86304555
saneamiento_basico,ESP,Espana,2009,99.87022926
saneamiento_basico,ESP,Espana,2010,99.87743383
saneamiento_basico,ESP,Espana,2011,99.8846623
saneamiento_basico,ESP,Espana,2012,99.89191113
saneamiento_basico,ESP,Espana,2013,99.89917127
saneamiento_basico,ESP,Espana,2014,99.90609552
saneamiento_basico,ESP,Espana,2015,99.91246542
saneamiento_basico,ESP,Espana,2016,99.91888509
saneamiento_basico,ESP,Espana,2017,99.91983504
saneamiento_basico,ESP,Espana,2018,99.91959921
saneamiento_basico,ESP,Espana,2019,99.91935054
saneamiento_basico,ESP,Espana,2020,99.91910556
saneamiento_basico,ESP,Espana,2021,99.91886708
saneamiento_basico,ESP,Espana,2022,99.91861019
saneamiento_basico,ESP,Espana,2023,99.91836862
saneamiento_basico,ESP,Espana,2024,99.91811892
saneamiento_basico,LCN,America Latina y el Caribe,2000,75.30979111
saneamiento_basico,LCN,America Latina y el Caribe,2001,76.00989035
saneamiento_basico,LCN,America Latina y el Caribe,2002,76.70118492
saneamiento_basico,LCN,America Latina y el Caribe,2003,77.38878292
saneamiento_basico,LCN,America Latina y el Caribe,2004,78.07203031
saneamiento_basico,LCN,America Latina y el Caribe,2005,78.80319002
saneamiento_basico,LCN,America Latina y el Caribe,2006,79.49183559
saneamiento_basico,LCN,America Latina y el Caribe,2007,80.18351682
saneamiento_basico,LCN,America Latina y el Caribe,2008,80.87047302
saneamiento_basico,LCN,America Latina y el Caribe,2009,81.55338246
saneamiento_basico,LCN,America Latina y el Caribe,2010,82.23684003
saneamiento_basico,LCN,America Latina y el Caribe,2011,82.91616002
saneamiento_basico,LCN,America Latina y el Caribe,2012,83.58583807
saneamiento_basico,LCN,America Latina y el Caribe,2013,84.2465826
saneamiento_basico,LCN,America Latina y el Caribe,2014,84.9019916
saneamiento_basico,LCN,America Latina y el Caribe,2015,85.55219397
saneamiento_basico,LCN,America Latina y el Caribe,2016,86.19609298
saneamiento_basico,LCN,America Latina y el Caribe,2017,86.19015124
saneamiento_basico,LCN,America Latina y el Caribe,2018,86.82602282
saneamiento_basico,LCN,America Latina y el Caribe,2019,87.45898038
saneamiento_basico,LCN,America Latina y el Caribe,2020,88.07064711
saneamiento_basico,LCN,America Latina y el Caribe,2021,88.70380541
saneamiento_basico,LCN,America Latina y el Caribe,2022,89.35137801
saneamiento_basico,LCN,America Latina y el Caribe,2023,89.8859701
saneamiento_basico,LCN,America Latina y el Caribe,2024,90.33820037
saneamiento_basico,MEX,Mexico,2000,79.20523515
saneamiento_basico,MEX,Mexico,2001,79.91059932
saneamiento_basico,MEX,Mexico,2002,80.6059707
saneamiento_basico,MEX,Mexico,2003,81.29150944
saneamiento_basico,MEX,Mexico,2004,81.96764853
saneamiento_basico,MEX,Mexico,2005,82.63404686
saneamiento_basico,MEX,Mexico,2006,83.29113805
saneamiento_basico,MEX,Mexico,2007,83.93887491
saneamiento_basico,MEX,Mexico,2008,84.57786814
saneamiento_basico,MEX,Mexico,2009,85.20786797
saneamiento_basico,MEX,Mexico,2010,85.8292496
saneamiento_basico,MEX,Mexico,2011,86.44288018
saneamiento_basico,MEX,Mexico,2012,87.04830096
saneamiento_basico,MEX,Mexico,2013,87.64594872
saneamiento_basico,MEX,Mexico,2014,88.23589268
saneamiento_basico,MEX,Mexico,2015,88.81792582
saneamiento_basico,MEX,Mexico,2016,89.39241814
saneamiento_basico,MEX,Mexico,2017,89.95922246
saneamiento_basico,MEX,Mexico,2018,90.51855961
saneamiento_basico,MEX,Mexico,2019,91.07051978
saneamiento_basico,MEX,Mexico,2020,91.61520773
saneamiento_basico,MEX,Mexico,2021,92.152644
saneamiento_basico,MEX,Mexico,2022,92.66146181
saneamiento_basico,MEX,Mexico,2023,92.97845688
saneamiento_basico,MEX,Mexico,2024,92.99128224
saneamiento_basico,OED,Miembros OCDE,2000,95.83221525
saneamiento_basico,OED,Miembros OCDE,2001,95.93932907
saneamiento_basico,OED,Miembros OCDE,2002,96.08310875
saneamiento_basico,OED,Miembros OCDE,2003,96.22489027
saneamiento_basico,OED,Miembros OCDE,2004,96.36679288
saneamiento_basico,OED,Miembros OCDE,2005,96.50831951
saneamiento_basico,OED,Miembros OCDE,2006,96.65001861
saneamiento_basico,OED,Miembros OCDE,2007,96.7923103
saneamiento_basico,OED,Miembros OCDE,2008,96.92996973
saneamiento_basico,OED,Miembros OCDE,2009,97.06533653
saneamiento_basico,OED,Miembros OCDE,2010,97.20011726
saneamiento_basico,OED,Miembros OCDE,2011,97.32656026
saneamiento_basico,OED,Miembros OCDE,2012,97.45579133
saneamiento_basico,OED,Miembros OCDE,2013,97.58470508
saneamiento_basico,OED,Miembros OCDE,2014,97.7144556
saneamiento_basico,OED,Miembros OCDE,2015,97.84646778
saneamiento_basico,OED,Miembros OCDE,2016,97.97845585
saneamiento_basico,OED,Miembros OCDE,2017,98.09967733
saneamiento_basico,OED,Miembros OCDE,2018,98.21113862
saneamiento_basico,OED,Miembros OCDE,2019,98.31566003
saneamiento_basico,OED,Miembros OCDE,2020,98.41928363
saneamiento_basico,OED,Miembros OCDE,2021,98.50016168
saneamiento_basico,OED,Miembros OCDE,2022,98.57368392
saneamiento_basico,OED,Miembros OCDE,2023,98.63059816
saneamiento_basico,OED,Miembros OCDE,2024,98.66330732
saneamiento_basico,PER,Peru,2000,64.68993707
saneamiento_basico,PER,Peru,2001,65.40688393
saneamiento_basico,PER,Peru,2002,66.11347897
saneamiento_basico,PER,Peru,2003,66.81030005
saneamiento_basico,PER,Peru,2004,67.49705755
saneamiento_basico,PER,Peru,2005,68.17351525
saneamiento_basico,PER,Peru,2006,68.8406175
saneamiento_basico,PER,Peru,2007,69.49774213
saneamiento_basico,PER,Peru,2008,70.09797182
saneamiento_basico,PER,Peru,2009,70.67120781
saneamiento_basico,PER,Peru,2010,71.24009908
saneamiento_basico,PER,Peru,2011,71.80398647
saneamiento_basico,PER,Peru,2012,72.36360143
saneamiento_basico,PER,Peru,2013,72.91831942
saneamiento_basico,PER,Peru,2014,73.46853251
saneamiento_basico,PER,Peru,2015,74.01458209
saneamiento_basico,PER,Peru,2016,74.55590409
saneamiento_basico,PER,Peru,2017,75.09284937
saneamiento_basico,PER,Peru,2018,75.62740983
saneamiento_basico,PER,Peru,2019,76.15917485
saneamiento_basico,PER,Peru,2020,76.68828654
saneamiento_basico,PER,Peru,2021,77.21435812
saneamiento_basico,PER,Peru,2022,77.73727344
saneamiento_basico,PER,Peru,2023,78.25715777
saneamiento_basico,PER,Peru,2024,78.77320366
saneamiento_basico,URY,Uruguay,2000,93.4676984
saneamiento_basico,URY,Uruguay,2001,93.48934663
saneamiento_basico,URY,Uruguay,2002,93.51028629
saneamiento_basico,URY,Uruguay,2003,93.53067733
saneamiento_basico,URY,Uruguay,2004,93.55035479
saneamiento_basico,URY,Uruguay,2005,93.68434918
saneamiento_basico,URY,Uruguay,2006,93.98975852
saneamiento_basico,URY,Uruguay,2007,94.29284393
saneamiento_basico,URY,Uruguay,2008,94.59378318
saneamiento_basico,URY,Uruguay,2009,94.89260457
saneamiento_basico,URY,Uruguay,2010,95.18951017
saneamiento_basico,URY,Uruguay,2011,95.48453794
saneamiento_basico,URY,Uruguay,2012,95.77518675
saneamiento_basico,URY,Uruguay,2013,96.06417646
saneamiento_basico,URY,Uruguay,2014,96.35248558
saneamiento_basico,URY,Uruguay,2015,96.64013283
saneamiento_basico,URY,Uruguay,2016,96.92716588
saneamiento_basico,URY,Uruguay,2017,97.21355711
saneamiento_basico,URY,Uruguay,2018,97.49936716
saneamiento_basico,URY,Uruguay,2019,97.78462008
saneamiento_basico,URY,Uruguay,2020,98.06933332
saneamiento_basico,URY,Uruguay,2021,98.35353999
saneamiento_basico,URY,Uruguay,2022,98.6365121
saneamiento_basico,URY,Uruguay,2023,98.89338708
saneamiento_basico,URY,Uruguay,2024,99.15079223
saneamiento_basico,USA,Estados Unidos,2000,99.8727308
saneamiento_basico,USA,Estados Unidos,2001,99.8724444
saneamiento_basico,USA,Estados Unidos,2002,99.87216274
saneamiento_basico,USA,Estados Unidos,2003,99.87188117
saneamiento_basico,USA,Estados Unidos,2004,99.87160217
saneamiento_basico,USA,Estados Unidos,2005,99.87132528
saneamiento_basico,USA,Estados Unidos,2006,99.87105194
saneamiento_basico,USA,Estados Unidos,2007,99.87077521
saneamiento_basico,USA,Estados Unidos,2008,99.87050395
saneamiento_basico,USA,Estados Unidos,2009,99.8702348
saneamiento_basico,USA,Estados Unidos,2010,99.87053686
saneamiento_basico,USA,Estados Unidos,2011,99.84800373
saneamiento_basico,USA,Estados Unidos,2012,99.82590221
saneamiento_basico,USA,Estados Unidos,2013,99.80424124
saneamiento_basico,USA,Estados Unidos,2014,99.78304183
saneamiento_basico,USA,Estados Unidos,2015,99.76232513
saneamiento_basico,USA,Estados Unidos,2016,99.74208356
saneamiento_basico,USA,Estados Unidos,2017,99.72235301
saneamiento_basico,USA,Estados Unidos,2018,99.70312231
saneamiento_basico,USA,Estados Unidos,2019,99.68443581
saneamiento_basico,USA,Estados Unidos,2020,99.66627257
saneamiento_basico,USA,Estados Unidos,2021,99.64867339
saneamiento_basico,USA,Estados Unidos,2022,99.63161273
saneamiento_basico,USA,Estados Unidos,2023,99.61511781
saneamiento_basico,USA,Estados Unidos,2024,99.61827348
servidores_seguros,ARG,Argentina,2010,24.89785703
servidores_seguros,ARG,Argentina,2011,33.6443277
servidores_seguros,ARG,Argentina,2012,62.68719439
servidores_seguros,ARG,Argentina,2013,73.19916149
servidores_seguros,ARG,Argentina,2014,89.18263453
servidores_seguros,ARG,Argentina,2015,122.2945128
servidores_seguros,ARG,Argentina,2016,729.8353431
servidores_seguros,ARG,Argentina,2017,1619.61597
servidores_seguros,ARG,Argentina,2018,1865.865416
servidores_seguros,ARG,Argentina,2019,3016.156305
servidores_seguros,ARG,Argentina,2020,3700.834872
servidores_seguros,ARG,Argentina,2021,5116.36128
servidores_seguros,ARG,Argentina,2022,5287.339402
servidores_seguros,ARG,Argentina,2023,5451.201504
servidores_seguros,ARG,Argentina,2024,5453.434281
servidores_seguros,AUS,Australia,2010,1402.793695
servidores_seguros,AUS,Australia,2011,2171.394265
servidores_seguros,AUS,Australia,2012,3187.899425
servidores_seguros,AUS,Australia,2013,3505.125728
servidores_seguros,AUS,Australia,2014,3938.58565
servidores_seguros,AUS,Australia,2015,4574.110802
servidores_seguros,AUS,Australia,2016,9810.215053
servidores_seguros,AUS,Australia,2017,21552.91668
servidores_seguros,AUS,Australia,2018,32929.19538
servidores_seguros,AUS,Australia,2019,36763.58385
servidores_seguros,AUS,Australia,2020,39862.72814
servidores_seguros,AUS,Australia,2021,46481.55926
servidores_seguros,AUS,Australia,2022,48266.93826
servidores_seguros,AUS,Australia,2023,47565.8931
servidores_seguros,AUS,Australia,2024,44299.30611
servidores_seguros,BRA,Brasil,2010,28.54385616
servidores_seguros,BRA,Brasil,2011,44.59641991
servidores_seguros,BRA,Brasil,2012,71.41039067
servidores_seguros,BRA,Brasil,2013,87.94916164
servidores_seguros,BRA,Brasil,2014,113.8415451
servidores_seguros,BRA,Brasil,2015,161.164816
servidores_seguros,BRA,Brasil,2016,415.9865395
servidores_seguros,BRA,Brasil,2017,1605.825442
servidores_seguros,BRA,Brasil,2018,2069.602002
servidores_seguros,BRA,Brasil,2019,2788.396135
servidores_seguros,BRA,Brasil,2020,3144.868935
servidores_seguros,BRA,Brasil,2021,3546.590109
servidores_seguros,BRA,Brasil,2022,4685.092464
servidores_seguros,BRA,Brasil,2023,5628.662957
servidores_seguros,BRA,Brasil,2024,6941.17408
servidores_seguros,CAN,Canada,2010,1282.659698
servidores_seguros,CAN,Canada,2011,1641.941732
servidores_seguros,CAN,Canada,2012,2146.145602
servidores_seguros,CAN,Canada,2013,2363.017557
servidores_seguros,CAN,Canada,2014,2698.081558
servidores_seguros,CAN,Canada,2015,3386.744158
servidores_seguros,CAN,Canada,2016,10221.06875
servidores_seguros,CAN,Canada,2017,26565.38535
servidores_seguros,CAN,Canada,2018,30940.81292
servidores_seguros,CAN,Canada,2019,35872.93963
servidores_seguros,CAN,Canada,2020,39858.72436
servidores_seguros,CAN,Canada,2021,43542.23122
servidores_seguros,CAN,Canada,2022,43637.38742
servidores_seguros,CAN,Canada,2023,42601.59432
servidores_seguros,CAN,Canada,2024,39738.03805
servidores_seguros,CHL,Chile,2010,45.97978379
servidores_seguros,CHL,Chile,2011,63.97024957
servidores_seguros,CHL,Chile,2012,102.2311681
servidores_seguros,CHL,Chile,2013,126.590108
servidores_seguros,CHL,Chile,2014,164.1831608
servidores_seguros,CHL,Chile,2015,223.0210346
servidores_seguros,CHL,Chile,2016,1233.247247
servidores_seguros,CHL,Chile,2017,7223.608681
servidores_seguros,CHL,Chile,2018,8003.20073
servidores_seguros,CHL,Chile,2019,10872.73588
servidores_seguros,CHL,Chile,2020,12744.86563
servidores_seguros,CHL,Chile,2021,12724.9563
servidores_seguros,CHL,Chile,2022,11563.26823
servidores_seguros,CHL,Chile,2023,12299.96589
servidores_seguros,CHL,Chile,2024,11912.60956
servidores_seguros,COL,Colombia,2010,10.60804913
servidores_seguros,COL,Colombia,2011,15.02443216
servidores_seguros,COL,Colombia,2012,30.64585315
servidores_seguros,COL,Colombia,2013,41.66704224
servidores_seguros,COL,Colombia,2014,55.21263425
servidores_seguros,COL,Colombia,2015,72.15252989
servidores_seguros,COL,Colombia,2016,324.9538045
servidores_seguros,COL,Colombia,2017,470.382151
servidores_seguros,COL,Colombia,2018,659.6298399
servidores_seguros,COL,Colombia,2019,787.4090689
servidores_seguros,COL,Colombia,2020,407.7819716
servidores_seguros,COL,Colombia,2021,646.0672078
servidores_seguros,COL,Colombia,2022,669.6439271
servidores_seguros,COL,Colombia,2023,1109.111665
servidores_seguros,COL,Colombia,2024,1126.207147
servidores_seguros,ESP,Espana,2010,207.0554421
servidores_seguros,ESP,Espana,2011,265.0039641
servidores_seguros,ESP,Espana,2012,403.6298249
servidores_seguros,ESP,Espana,2013,488.4967764
servidores_seguros,ESP,Espana,2014,626.120126
servidores_seguros,ESP,Espana,2015,890.0032383
servidores_seguros,ESP,Espana,2016,2764.101248
servidores_seguros,ESP,Espana,2017,7250.463119
servidores_seguros,ESP,Espana,2018,11306.56824
servidores_seguros,ESP,Espana,2019,17700.62677
servidores_seguros,ESP,Espana,2020,21589.38842
servidores_seguros,ESP,Espana,2021,24984.22292
servidores_seguros,ESP,Espana,2022,27046.33661
servidores_seguros,ESP,Espana,2023,28733.82339
servidores_seguros,ESP,Espana,2024,29986.38248
servidores_seguros,LCN,America Latina y el Caribe,2010,21.40526819
servidores_seguros,LCN,America Latina y el Caribe,2011,30.72614828
servidores_seguros,LCN,America Latina y el Caribe,2012,49.10560022
servidores_seguros,LCN,America Latina y el Caribe,2013,62.07074634
servidores_seguros,LCN,America Latina y el Caribe,2014,77.52638727
servidores_seguros,LCN,America Latina y el Caribe,2015,107.02759
servidores_seguros,LCN,America Latina y el Caribe,2016,308.1420787
servidores_seguros,LCN,America Latina y el Caribe,2017,1019.426908
servidores_seguros,LCN,America Latina y el Caribe,2018,1244.239183
servidores_seguros,LCN,America Latina y el Caribe,2019,1683.369775
servidores_seguros,LCN,America Latina y el Caribe,2020,1984.617503
servidores_seguros,LCN,America Latina y el Caribe,2021,2430.607324
servidores_seguros,LCN,America Latina y el Caribe,2022,2921.883696
servidores_seguros,LCN,America Latina y el Caribe,2023,3259.23078
servidores_seguros,LCN,America Latina y el Caribe,2024,3702.455849
servidores_seguros,MEX,Mexico,2010,13.47427845
servidores_seguros,MEX,Mexico,2011,17.36323463
servidores_seguros,MEX,Mexico,2012,26.93073326
servidores_seguros,MEX,Mexico,2013,31.7380987
servidores_seguros,MEX,Mexico,2014,41.157327
servidores_seguros,MEX,Mexico,2015,58.2627046
servidores_seguros,MEX,Mexico,2016,120.7185023
servidores_seguros,MEX,Mexico,2017,187.5525876
servidores_seguros,MEX,Mexico,2018,228.675856
servidores_seguros,MEX,Mexico,2019,275.3990041
servidores_seguros,MEX,Mexico,2020,328.1964548
servidores_seguros,MEX,Mexico,2021,348.7947197
servidores_seguros,MEX,Mexico,2022,381.8895082
servidores_seguros,MEX,Mexico,2023,412.1173063
servidores_seguros,MEX,Mexico,2024,531.6556979
servidores_seguros,OED,Miembros OCDE,2010,971.3176397
servidores_seguros,OED,Miembros OCDE,2011,1240.709875
servidores_seguros,OED,Miembros OCDE,2012,1678.808305
servidores_seguros,OED,Miembros OCDE,2013,1915.148496
servidores_seguros,OED,Miembros OCDE,2014,2321.596411
servidores_seguros,OED,Miembros OCDE,2015,2939.289512
servidores_seguros,OED,Miembros OCDE,2016,6226.30429
servidores_seguros,OED,Miembros OCDE,2017,16510.61715
servidores_seguros,OED,Miembros OCDE,2018,30163.14648
servidores_seguros,OED,Miembros OCDE,2019,49791.65241
servidores_seguros,OED,Miembros OCDE,2020,57593.45585
servidores_seguros,OED,Miembros OCDE,2021,64895.36508
servidores_seguros,OED,Miembros OCDE,2022,73334.32521
servidores_seguros,OED,Miembros OCDE,2023,77230.1083
servidores_seguros,OED,Miembros OCDE,2024,82177.23572
servidores_seguros,PER,Peru,2010,10.34861457
servidores_seguros,PER,Peru,2011,14.77609641
servidores_seguros,PER,Peru,2012,24.73742626
servidores_seguros,PER,Peru,2013,29.2441602
servidores_seguros,PER,Peru,2014,37.5218
servidores_seguros,PER,Peru,2015,46.35952931
servidores_seguros,PER,Peru,2016,72.66779311
servidores_seguros,PER,Peru,2017,219.41196
servidores_seguros,PER,Peru,2018,258.0759721
servidores_seguros,PER,Peru,2019,385.370373
servidores_seguros,PER,Peru,2020,457.3888535
servidores_seguros,PER,Peru,2021,597.239428
servidores_seguros,PER,Peru,2022,701.5890278
servidores_seguros,PER,Peru,2023,749.7573467
servidores_seguros,PER,Peru,2024,826.7907438
servidores_seguros,URY,Uruguay,2010,36.16004436
servidores_seguros,URY,Uruguay,2011,59.2156185
servidores_seguros,URY,Uruguay,2012,85.44699723
servidores_seguros,URY,Uruguay,2013,115.3844889
servidores_seguros,URY,Uruguay,2014,159.9959956
servidores_seguros,URY,Uruguay,2015,188.5382408
servidores_seguros,URY,Uruguay,2016,313.9719284
servidores_seguros,URY,Uruguay,2017,1119.394836
servidores_seguros,URY,Uruguay,2018,1600.219647
servidores_seguros,URY,Uruguay,2019,1843.279448
servidores_seguros,URY,Uruguay,2020,1964.419789
servidores_seguros,URY,Uruguay,2021,2491.53957
servidores_seguros,URY,Uruguay,2022,4678.386028
servidores_seguros,URY,Uruguay,2023,4353.201709
servidores_seguros,URY,Uruguay,2024,4640.658976
servidores_seguros,USA,Estados Unidos,2010,2481.305835
servidores_seguros,USA,Estados Unidos,2011,2983.814162
servidores_seguros,USA,Estados Unidos,2012,3836.057951
servidores_seguros,USA,Estados Unidos,2013,4294.073707
servidores_seguros,USA,Estados Unidos,2014,5115.546833
servidores_seguros,USA,Estados Unidos,2015,6337.610842
servidores_seguros,USA,Estados Unidos,2016,11389.91508
servidores_seguros,USA,Estados Unidos,2017,30199.95716
servidores_seguros,USA,Estados Unidos,2018,65494.87628
servidores_seguros,USA,Estados Unidos,2019,123268.0831
servidores_seguros,USA,Estados Unidos,2020,140775.6104
servidores_seguros,USA,Estados Unidos,2021,156949.241
servidores_seguros,USA,Estados Unidos,2022,180224.3925
servidores_seguros,USA,Estados Unidos,2023,186721.2819
servidores_seguros,USA,Estados Unidos,2024,196616.1013
usuarios_internet,ARG,Argentina,2000,7.038683086
usuarios_internet,ARG,Argentina,2001,9.780807285
usuarios_internet,ARG,Argentina,2002,10.88212438
usuarios_internet,ARG,Argentina,2003,11.91369655
usuarios_internet,ARG,Argentina,2004,16.03668411
usuarios_internet,ARG,Argentina,2005,17.72058337
usuarios_internet,ARG,Argentina,2006,20.9272021
usuarios_internet,ARG,Argentina,2007,25.94663294
usuarios_internet,ARG,Argentina,2008,28.11262348
usuarios_internet,ARG,Argentina,2009,34
usuarios_internet,ARG,Argentina,2010,45
usuarios_internet,ARG,Argentina,2011,51
usuarios_internet,ARG,Argentina,2012,55.79999924
usuarios_internet,ARG,Argentina,2013,59.90000153
usuarios_internet,ARG,Argentina,2014,64.69999695
usuarios_internet,ARG,Argentina,2015,68.04306411
usuarios_internet,ARG,Argentina,2016,70.96898082
usuarios_internet,ARG,Argentina,2017,74.29490687
usuarios_internet,ARG,Argentina,2018,77.7
usuarios_internet,ARG,Argentina,2019,79.94695203
usuarios_internet,ARG,Argentina,2020,85.51438646
usuarios_internet,ARG,Argentina,2021,87.15070683
usuarios_internet,ARG,Argentina,2022,88.37535691
usuarios_internet,ARG,Argentina,2023,89.22897166
usuarios_internet,ARG,Argentina,2024,89.66715228
usuarios_internet,AUS,Australia,2000,46.75611561
usuarios_internet,AUS,Australia,2001,52.68926643
usuarios_internet,AUS,Australia,2005,63
usuarios_internet,AUS,Australia,2006,66
usuarios_internet,AUS,Australia,2007,69.45
usuarios_internet,AUS,Australia,2008,71.67
usuarios_internet,AUS,Australia,2009,74.25
usuarios_internet,AUS,Australia,2010,76
usuarios_internet,AUS,Australia,2011,79.48769771
usuarios_internet,AUS,Australia,2012,79
usuarios_internet,AUS,Australia,2013,83.45349717
usuarios_internet,AUS,Australia,2014,84
usuarios_internet,AUS,Australia,2015,84.56051491
usuarios_internet,AUS,Australia,2016,86.54000092
usuarios_internet,AUS,Australia,2017,86.54504885
usuarios_internet,AUS,Australia,2018,90.0082016
usuarios_internet,AUS,Australia,2019,93.60990143
usuarios_internet,AUS,Australia,2020,94.6934967
usuarios_internet,AUS,Australia,2021,96.97219849
usuarios_internet,AUS,Australia,2022,96.11940002
usuarios_internet,AUS,Australia,2023,96.1160965
usuarios_internet,AUS,Australia,2024,96.13140106
usuarios_internet,BRA,Brasil,2000,2.870685159
usuarios_internet,BRA,Brasil,2001,4.528494869
usuarios_internet,BRA,Brasil,2002,9.149425086
usuarios_internet,BRA,Brasil,2003,13.2075861
usuarios_internet,BRA,Brasil,2004,19.07367227
usuarios_internet,BRA,Brasil,2005,21.02274725
usuarios_internet,BRA,Brasil,2006,28.17840004
usuarios_internet,BRA,Brasil,2007,30.87999916
usuarios_internet,BRA,Brasil,2008,33.83
usuarios_internet,BRA,Brasil,2009,39.22
usuarios_internet,BRA,Brasil,2010,40.65
usuarios_internet,BRA,Brasil,2011,45.69
usuarios_internet,BRA,Brasil,2012,48.56
usuarios_internet,BRA,Brasil,2013,51.04
usuarios_internet,BRA,Brasil,2014,54.55100188
usuarios_internet,BRA,Brasil,2015,58.32795173
usuarios_internet,BRA,Brasil,2016,60.87254007
usuarios_internet,BRA,Brasil,2017,67.47128452
usuarios_internet,BRA,Brasil,2018,70.43428254
usuarios_internet,BRA,Brasil,2019,73.91243991
usuarios_internet,BRA,Brasil,2020,81.34269353
usuarios_internet,BRA,Brasil,2021,80.68989314
usuarios_internet,BRA,Brasil,2022,80.52775094
usuarios_internet,BRA,Brasil,2023,84.15060238
usuarios_internet,BRA,Brasil,2024,84.46347227
usuarios_internet,CAN,Canada,2000,51.3
usuarios_internet,CAN,Canada,2001,60.2
usuarios_internet,CAN,Canada,2002,61.59329927
usuarios_internet,CAN,Canada,2003,64.2
usuarios_internet,CAN,Canada,2004,65.95596346
usuarios_internet,CAN,Canada,2005,71.66
usuarios_internet,CAN,Canada,2006,72.40000153
usuarios_internet,CAN,Canada,2007,73.2
usuarios_internet,CAN,Canada,2008,76.69999695
usuarios_internet,CAN,Canada,2009,80.3
usuarios_internet,CAN,Canada,2010,80.3
usuarios_internet,CAN,Canada,2011,83
usuarios_internet,CAN,Canada,2012,83
usuarios_internet,CAN,Canada,2013,85.80000305
usuarios_internet,CAN,Canada,2014,87.12000275
usuarios_internet,CAN,Canada,2015,90
usuarios_internet,CAN,Canada,2016,91.16000366
usuarios_internet,CAN,Canada,2017,92.70140076
usuarios_internet,CAN,Canada,2018,94.64
usuarios_internet,CAN,Canada,2019,91.91290283
usuarios_internet,CAN,Canada,2020,92.3
usuarios_internet,CAN,Canada,2021,93.93710327
usuarios_internet,CAN,Canada,2022,94
usuarios_internet,CAN,Canada,2023,94.14530182
usuarios_internet,CAN,Canada,2024,94.353302
usuarios_internet,CHL,Chile,2000,16.6
usuarios_internet,CHL,Chile,2001,19.1
usuarios_internet,CHL,Chile,2002,22.1
usuarios_internet,CHL,Chile,2003,25.47377889
usuarios_internet,CHL,Chile,2004,28.17791012
usuarios_internet,CHL,Chile,2005,31.1753006
usuarios_internet,CHL,Chile,2006,34.49775117
usuarios_internet,CHL,Chile,2007,35.90000153
usuarios_internet,CHL,Chile,2008,37.29999924
usuarios_internet,CHL,Chile,2009,41.56
usuarios_internet,CHL,Chile,2010,45
usuarios_internet,CHL,Chile,2011,52.24960729
usuarios_internet,CHL,Chile,2012,55.04999924
usuarios_internet,CHL,Chile,2013,58
usuarios_internet,CHL,Chile,2014,61.11000061
usuarios_internet,CHL,Chile,2015,76.62959195
usuarios_internet,CHL,Chile,2016,83.55858602
usuarios_internet,CHL,Chile,2017,82.32748693
usuarios_internet,CHL,Chile,2018,84.90000153
usuarios_internet,CHL,Chile,2019,85.01760101
usuarios_internet,CHL,Chile,2020,87.45929718
usuarios_internet,CHL,Chile,2021,90.23280334
usuarios_internet,CHL,Chile,2022,92.31819916
usuarios_internet,CHL,Chile,2023,94.45742345
usuarios_internet,CHL,Chile,2024,95.590243
usuarios_internet,COL,Colombia,2000,2.207532993
usuarios_internet,COL,Colombia,2001,2.854199971
usuarios_internet,COL,Colombia,2002,4.6
usuarios_internet,COL,Colombia,2003,7.388923711
usuarios_internet,COL,Colombia,2004,9.118690303
usuarios_internet,COL,Colombia,2005,11.00726389
usuarios_internet,COL,Colombia,2006,15.34167454
usuarios_internet,COL,Colombia,2007,21.79999924
usuarios_internet,COL,Colombia,2008,25.6
usuarios_internet,COL,Colombia,2009,30
usuarios_internet,COL,Colombia,2010,36.5
usuarios_internet,COL,Colombia,2011,40.35091575
usuarios_internet,COL,Colombia,2012,48.98
usuarios_internet,COL,Colombia,2013,51.7
usuarios_internet,COL,Colombia,2014,52.56813654
usuarios_internet,COL,Colombia,2015,55.90497251
usuarios_internet,COL,Colombia,2016,58.13649357
usuarios_internet,COL,Colombia,2017,62.25988032
usuarios_internet,COL,Colombia,2018,64.12637682
usuarios_internet,COL,Colombia,2019,65.00690072
usuarios_internet,COL,Colombia,2020,69.79533474
usuarios_internet,COL,Colombia,2021,73.02837449
usuarios_internet,COL,Colombia,2022,72.79637855
usuarios_internet,COL,Colombia,2023,77.33686322
usuarios_internet,COL,Colombia,2024,79.34543299
usuarios_internet,ESP,Espana,2000,13.62496081
usuarios_internet,ESP,Espana,2001,18.14872269
usuarios_internet,ESP,Espana,2002,20.39
usuarios_internet,ESP,Espana,2003,39.93
usuarios_internet,ESP,Espana,2004,44.01
usuarios_internet,ESP,Espana,2005,47.88
usuarios_internet,ESP,Espana,2006,50.37
usuarios_internet,ESP,Espana,2007,55.11
usuarios_internet,ESP,Espana,2008,59.6
usuarios_internet,ESP,Espana,2009,62.4
usuarios_internet,ESP,Espana,2010,65.8
usuarios_internet,ESP,Espana,2011,67.08999939
usuarios_internet,ESP,Espana,2012,69.80999994
usuarios_internet,ESP,Espana,2013,71.635
usuarios_internet,ESP,Espana,2014,76.18670898
usuarios_internet,ESP,Espana,2015,78.68963187
usuarios_internet,ESP,Espana,2016,80.56133294
usuarios_internet,ESP,Espana,2017,84.6022457
usuarios_internet,ESP,Espana,2018,86.10723553
usuarios_internet,ESP,Espana,2019,90.71866533
usuarios_internet,ESP,Espana,2020,93.20564892
usuarios_internet,ESP,Espana,2021,93.89752157
usuarios_internet,ESP,Espana,2022,94.4855432
usuarios_internet,ESP,Espana,2023,95.44564516
usuarios_internet,ESP,Espana,2024,95.7574516
usuarios_internet,LCN,America Latina y el Caribe,2005,16.6
usuarios_internet,LCN,America Latina y el Caribe,2006,20.7
usuarios_internet,LCN,America Latina y el Caribe,2007,23.7
usuarios_internet,LCN,America Latina y el Caribe,2008,26.4
usuarios_internet,LCN,America Latina y el Caribe,2009,31
usuarios_internet,LCN,America Latina y el Caribe,2010,34.6
usuarios_internet,LCN,America Latina y el Caribe,2011,39.3
usuarios_internet,LCN,America Latina y el Caribe,2012,43
usuarios_internet,LCN,America Latina y el Caribe,2013,46.1
usuarios_internet,LCN,America Latina y el Caribe,2014,48.7
usuarios_internet,LCN,America Latina y el Caribe,2015,54.4
usuarios_internet,LCN,America Latina y el Caribe,2016,57.5
usuarios_internet,LCN,America Latina y el Caribe,2017,60.2
usuarios_internet,LCN,America Latina y el Caribe,2018,63.5
usuarios_internet,LCN,America Latina y el Caribe,2019,67.8
usuarios_internet,LCN,America Latina y el Caribe,2020,73.8
usuarios_internet,LCN,America Latina y el Caribe,2021,75.8
usuarios_internet,LCN,America Latina y el Caribe,2022,77.1
usuarios_internet,LCN,America Latina y el Caribe,2023,80
usuarios_internet,LCN,America Latina y el Caribe,2024,81.7
usuarios_internet,LCN,America Latina y el Caribe,2025,83.7
usuarios_internet,MEX,Mexico,2000,5.081384153
usuarios_internet,MEX,Mexico,2001,7.038023117
usuarios_internet,MEX,Mexico,2002,11.9
usuarios_internet,MEX,Mexico,2003,12.9
usuarios_internet,MEX,Mexico,2004,14.1
usuarios_internet,MEX,Mexico,2005,17.20999908
usuarios_internet,MEX,Mexico,2006,19.52000046
usuarios_internet,MEX,Mexico,2007,20.81
usuarios_internet,MEX,Mexico,2008,21.71
usuarios_internet,MEX,Mexico,2009,26.34
usuarios_internet,MEX,Mexico,2010,31.05
usuarios_internet,MEX,Mexico,2011,37.17629541
usuarios_internet,MEX,Mexico,2012,39.75
usuarios_internet,MEX,Mexico,2013,43.46
usuarios_internet,MEX,Mexico,2014,44.38569627
usuarios_internet,MEX,Mexico,2015,57.43104299
usuarios_internet,MEX,Mexico,2016,59.540446
usuarios_internet,MEX,Mexico,2017,53.03178861
usuarios_internet,MEX,Mexico,2018,56.6595668
usuarios_internet,MEX,Mexico,2019,69.63210927
usuarios_internet,MEX,Mexico,2020,71.49017499
usuarios_internet,MEX,Mexico,2021,75.62650476
usuarios_internet,MEX,Mexico,2022,78.63217894
usuarios_internet,MEX,Mexico,2023,81.18318755
usuarios_internet,MEX,Mexico,2024,83.12233799
usuarios_internet,PER,Peru,2000,3.076430611
usuarios_internet,PER,Peru,2001,7.578762957
usuarios_internet,PER,Peru,2002,8.96694917
usuarios_internet,PER,Peru,2003,11.6
usuarios_internet,PER,Peru,2004,14.1
usuarios_internet,PER,Peru,2005,17.10000038
usuarios_internet,PER,Peru,2006,20.70000076
usuarios_internet,PER,Peru,2007,25.20000076
usuarios_internet,PER,Peru,2008,30.57
usuarios_internet,PER,Peru,2009,31.4
usuarios_internet,PER,Peru,2010,34.77
usuarios_internet,PER,Peru,2011,36.01
usuarios_internet,PER,Peru,2012,38.2
usuarios_internet,PER,Peru,2013,39.2
usuarios_internet,PER,Peru,2014,40.24465601
usuarios_internet,PER,Peru,2015,40.85260091
usuarios_internet,PER,Peru,2016,45.46174069
usuarios_internet,PER,Peru,2017,50.45041218
usuarios_internet,PER,Peru,2018,55.05433424
usuarios_internet,PER,Peru,2019,59.9505036
usuarios_internet,PER,Peru,2020,65.25179796
usuarios_internet,PER,Peru,2021,71.10782643
usuarios_internet,PER,Peru,2022,74.67495213
usuarios_internet,PER,Peru,2023,79.48484477
usuarios_internet,PER,Peru,2024,81.95705992
usuarios_internet,URY,Uruguay,2000,10.53905775
usuarios_internet,URY,Uruguay,2001,11.12143768
usuarios_internet,URY,Uruguay,2002,11.4194702
usuarios_internet,URY,Uruguay,2003,15.93713672
usuarios_internet,URY,Uruguay,2004,17.06309834
usuarios_internet,URY,Uruguay,2005,20.08818956
usuarios_internet,URY,Uruguay,2006,29.39999962
usuarios_internet,URY,Uruguay,2007,34
usuarios_internet,URY,Uruguay,2008,39.3
usuarios_internet,URY,Uruguay,2009,41.8
usuarios_internet,URY,Uruguay,2010,46.4
usuarios_internet,URY,Uruguay,2011,51.40466106
usuarios_internet,URY,Uruguay,2012,54.45376868
usuarios_internet,URY,Uruguay,2013,57.69
usuarios_internet,URY,Uruguay,2014,61.46249517
usuarios_internet,URY,Uruguay,2015,64.5707871
usuarios_internet,URY,Uruguay,2016,66.40000153
usuarios_internet,URY,Uruguay,2017,70.3223544
usuarios_internet,URY,Uruguay,2018,80.72684288
usuarios_internet,URY,Uruguay,2019,83.35153377
usuarios_internet,URY,Uruguay,2020,85.47100067
usuarios_internet,URY,Uruguay,2021,87.64440155
usuarios_internet,URY,Uruguay,2022,89.87304314
usuarios_internet,URY,Uruguay,2023,90.92590332
usuarios_internet,URY,Uruguay,2024,91.99109007
usuarios_internet,USA,Estados Unidos,2000,43.07916264
usuarios_internet,USA,Estados Unidos,2001,49.08083159
usuarios_internet,USA,Estados Unidos,2002,58.78540388
usuarios_internet,USA,Estados Unidos,2003,61.69711712
usuarios_internet,USA,Estados Unidos,2004,64.75825648
usuarios_internet,USA,Estados Unidos,2005,67.9681015
usuarios_internet,USA,Estados Unidos,2006,68.93119812
usuarios_internet,USA,Estados Unidos,2007,75
usuarios_internet,USA,Estados Unidos,2008,74
usuarios_internet,USA,Estados Unidos,2009,71
usuarios_internet,USA,Estados Unidos,2010,71.69
usuarios_internet,USA,Estados Unidos,2011,69.72946076
usuarios_internet,USA,Estados Unidos,2012,74.7
usuarios_internet,USA,Estados Unidos,2013,71.4
usuarios_internet,USA,Estados Unidos,2014,73
usuarios_internet,USA,Estados Unidos,2015,74.55420245
usuarios_internet,USA,Estados Unidos,2016,85.54442129
usuarios_internet,USA,Estados Unidos,2017,87.27488917
usuarios_internet,USA,Estados Unidos,2018,88.49890317
usuarios_internet,USA,Estados Unidos,2019,89.43028486
usuarios_internet,USA,Estados Unidos,2020,90.34470367
usuarios_internet,USA,Estados Unidos,2021,91.2684021
usuarios_internet,USA,Estados Unidos,2022,92.72850037
usuarios_internet,USA,Estados Unidos,2023,93.52559662
usuarios_internet,USA,Estados Unidos,2024,94.69380188
