codigo,fecha,valor
capex_agua,2016-01-01,758.6
capex_agua,2016-02-01,1272
capex_agua,2016-03-01,968.5
capex_agua,2016-04-01,907.2
capex_agua,2016-05-01,915
capex_agua,2016-06-01,1465.9
capex_agua,2016-07-01,1042.2
capex_agua,2016-08-01,916.4
capex_agua,2016-09-01,1547.3
capex_agua,2016-10-01,1445.5
capex_agua,2016-11-01,1503.9
capex_agua,2016-12-01,2386.1
capex_agua,2017-01-01,1421.3
capex_agua,2017-02-01,1537.3
capex_agua,2017-03-01,1975.9
capex_agua,2017-04-01,1447.6
capex_agua,2017-05-01,1595.4
capex_agua,2017-06-01,1719.6
capex_agua,2017-07-01,2333.6
capex_agua,2017-08-01,1717.9
capex_agua,2017-09-01,1755.9
capex_agua,2017-10-01,1225.2
capex_agua,2017-11-01,1314.8
capex_agua,2017-12-01,1033.1
capex_agua,2018-01-01,556.1
capex_agua,2018-02-01,2568.2
capex_agua,2018-03-01,657.6
capex_agua,2018-04-01,1704
capex_agua,2018-05-01,1479.1
capex_agua,2018-06-01,956.9
capex_agua,2018-07-01,1667.6
capex_agua,2018-08-01,1288.5
capex_agua,2018-09-01,2095.1
capex_agua,2018-10-01,2018.4
capex_agua,2018-11-01,1808.4
capex_agua,2018-12-01,1150.7
capex_agua,2019-01-01,1063.6
capex_agua,2019-02-01,1899.636995
capex_agua,2019-03-01,2042
capex_agua,2019-04-01,1519.4
capex_agua,2019-05-01,1872.5
capex_agua,2019-06-01,1501.4
capex_agua,2019-07-01,1931.4
capex_agua,2019-08-01,3647.1
capex_agua,2019-09-01,1566.4
capex_agua,2019-10-01,1847.9
capex_agua,2019-11-01,1528.6
capex_agua,2019-12-01,2695.3
capex_agua,2020-01-01,248
capex_agua,2020-02-01,2623.9
capex_agua,2020-03-01,2060.7
capex_agua,2020-04-01,8615.8
capex_agua,2020-05-01,6495.8
capex_agua,2020-06-01,1356.8
capex_agua,2020-07-01,8474.4
capex_agua,2020-08-01,711.8
capex_agua,2020-09-01,10160.6
capex_agua,2020-10-01,1303.4
capex_agua,2020-11-01,6680.8
capex_agua,2020-12-01,7086.3
capex_agua,2021-01-01,6320.3
capex_agua,2021-02-01,8499.6
capex_agua,2021-03-01,6119.5
capex_agua,2021-04-01,5660.2
capex_agua,2021-05-01,4682.1
capex_agua,2021-06-01,6603.9
capex_agua,2021-07-01,6362.4
capex_agua,2021-08-01,8009.1
capex_agua,2021-09-01,8440.8
capex_agua,2021-10-01,8697.1
capex_agua,2021-11-01,6147.9
capex_agua,2021-12-01,11034.1
capex_agua,2022-01-01,8347.9
capex_agua,2022-02-01,6877
capex_agua,2022-03-01,13828
capex_agua,2022-04-01,13830.9
capex_agua,2022-05-01,14923.7
capex_agua,2022-06-01,5006
capex_agua,2022-07-01,10058.3
capex_agua,2022-08-01,10098.1
capex_agua,2022-09-01,12807.7
capex_agua,2022-10-01,23735
capex_agua,2022-11-01,16138.6
capex_agua,2022-12-01,27634.6
capex_agua,2023-01-01,14552.7
capex_agua,2023-02-01,18399.2
capex_agua,2023-03-01,19081.4
capex_agua,2023-04-01,24645.6
capex_agua,2023-05-01,25646
capex_agua,2023-06-01,24750.2
capex_agua,2023-07-01,31675.1
capex_agua,2023-08-01,27196.8
capex_agua,2023-09-01,71719.9
capex_agua,2023-10-01,31765.2
capex_agua,2023-11-01,36322
capex_agua,2023-12-01,48598.6
capex_agua,2024-01-01,11429.8
capex_agua,2024-02-01,11057.6
capex_agua,2024-03-01,12211.4
capex_agua,2024-04-01,9365.5
capex_agua,2024-05-01,20884.2
capex_agua,2024-06-01,28125.2
capex_agua,2024-07-01,46330.8
capex_agua,2024-08-01,26127.4
capex_agua,2024-09-01,24391
capex_agua,2024-10-01,31727.6
capex_agua,2024-11-01,29508.9
capex_agua,2024-12-01,30897.9
capex_agua,2025-01-01,22933.4
capex_agua,2025-02-01,28160.3
capex_agua,2025-03-01,27404.2
capex_agua,2025-04-01,21034.5
capex_agua,2025-05-01,26744.1
capex_agua,2025-06-01,33529.5
capex_agua,2025-07-01,35997.1
capex_agua,2025-08-01,45126.9
capex_agua,2025-09-01,48196.8
capex_agua,2025-10-01,50308.5
capex_agua,2025-11-01,39206.4
capex_agua,2025-12-01,43162.7
capex_agua,2026-01-01,33154.9
capex_agua,2026-02-01,46683.8
capex_agua,2026-03-01,47295.7
capex_agua,2026-04-01,110378.6
capex_agua,2026-05-01,22310.9
capex_agua,2026-06-01,52119.7
capex_agua,2026-07-01,46866.4
capex_agua,2026-08-01,85880
capex_energia,2016-01-01,7810.3
capex_energia,2016-02-01,1979
capex_energia,2016-03-01,1733.6
capex_energia,2016-04-01,1649.1
capex_energia,2016-05-01,2018.5
capex_energia,2016-06-01,1636.1
capex_energia,2016-07-01,1297.3
capex_energia,2016-08-01,3348.3
capex_energia,2016-09-01,1615.9
capex_energia,2016-10-01,3175.1
capex_energia,2016-11-01,1383.9
capex_energia,2016-12-01,3584.9
capex_energia,2017-01-01,1615.6
capex_energia,2017-02-01,1156.7
capex_energia,2017-03-01,1932.3
capex_energia,2017-04-01,2586.3
capex_energia,2017-05-01,1770.8
capex_energia,2017-06-01,2240.7
capex_energia,2017-07-01,2126.9
capex_energia,2017-08-01,2573.1
capex_energia,2017-09-01,1975.8
capex_energia,2017-10-01,2477.9
capex_energia,2017-11-01,2118.1
capex_energia,2017-12-01,2494.6
capex_energia,2018-01-01,1976.2
capex_energia,2018-02-01,1633.1
capex_energia,2018-03-01,3167.9
capex_energia,2018-04-01,2712.2
capex_energia,2018-05-01,1772.9
capex_energia,2018-06-01,4004.7
capex_energia,2018-07-01,1834.1
capex_energia,2018-08-01,1917.3
capex_energia,2018-09-01,2011
capex_energia,2018-10-01,4352.5
capex_energia,2018-11-01,2735.9
capex_energia,2018-12-01,2485.6
capex_energia,2019-01-01,2562.5
capex_energia,2019-02-01,2486.6
capex_energia,2019-03-01,2164.6
capex_energia,2019-04-01,2295
capex_energia,2019-05-01,1445.7
capex_energia,2019-06-01,3280.2
capex_energia,2019-07-01,1470.7
capex_energia,2019-08-01,2881.8
capex_energia,2019-09-01,1504.7
capex_energia,2019-10-01,3205.7
capex_energia,2019-11-01,2313.4
capex_energia,2019-12-01,2099.3
capex_energia,2020-01-01,1520
capex_energia,2020-02-01,1542.6
capex_energia,2020-03-01,2691
capex_energia,2020-04-01,371.2
capex_energia,2020-05-01,1599.4
capex_energia,2020-06-01,833.6
capex_energia,2020-07-01,4774.9
capex_energia,2020-08-01,1799.6
capex_energia,2020-09-01,3284
capex_energia,2020-10-01,1897.1
capex_energia,2020-11-01,2891.7
capex_energia,2020-12-01,2836.9
capex_energia,2021-01-01,6317.5
capex_energia,2021-02-01,3970.4
capex_energia,2021-03-01,6536.6
capex_energia,2021-04-01,5262.4
capex_energia,2021-05-01,5983.6
capex_energia,2021-06-01,3697.8
capex_energia,2021-07-01,3667.3
capex_energia,2021-08-01,2789.4
capex_energia,2021-09-01,3614.9
capex_energia,2021-10-01,6332.9
capex_energia,2021-11-01,3975.4
capex_energia,2021-12-01,10441.8
capex_energia,2022-01-01,3356.7
capex_energia,2022-02-01,1251.8
capex_energia,2022-03-01,1773.5
capex_energia,2022-04-01,5772.6
capex_energia,2022-05-01,6325.7
capex_energia,2022-06-01,42420.8
capex_energia,2022-07-01,11663.8
capex_energia,2022-08-01,87900.8
capex_energia,2022-09-01,20265.4
capex_energia,2022-10-01,12028.6
capex_energia,2022-11-01,12553.8
capex_energia,2022-12-01,4489.4
capex_energia,2023-01-01,40125.9
capex_energia,2023-02-01,34176.5
capex_energia,2023-03-01,46040.5
capex_energia,2023-04-01,32892.8
capex_energia,2023-05-01,74741.9
capex_energia,2023-06-01,63276.9
capex_energia,2023-07-01,55002.1
capex_energia,2023-08-01,58045.5
capex_energia,2023-09-01,38218.1
capex_energia,2023-10-01,40080.2
capex_energia,2023-11-01,29764.7
capex_energia,2023-12-01,39917.1
capex_energia,2024-01-01,32422.8
capex_energia,2024-02-01,27794.2
capex_energia,2024-03-01,41338.4
capex_energia,2024-04-01,81149.8
capex_energia,2024-05-01,123376.1
capex_energia,2024-06-01,108922.6
capex_energia,2024-07-01,75060.4
capex_energia,2024-08-01,131357.2
capex_energia,2024-09-01,76677.9
capex_energia,2024-10-01,63905.6
capex_energia,2024-11-01,63119.8
capex_energia,2024-12-01,42186
capex_energia,2025-01-01,33073.2
capex_energia,2025-02-01,27524.3
capex_energia,2025-03-01,22171.7
capex_energia,2025-04-01,23527.8
capex_energia,2025-05-01,31902.1
capex_energia,2025-06-01,24742.2
capex_energia,2025-07-01,31225
capex_energia,2025-08-01,8638.6
capex_energia,2025-09-01,42627.5
capex_energia,2025-10-01,12957.9
capex_energia,2025-11-01,39440.1
capex_energia,2025-12-01,30627
capex_energia,2026-01-01,6964.6
capex_energia,2026-02-01,44112.3
capex_energia,2026-03-01,25370.2
capex_energia,2026-04-01,33230.8
capex_energia,2026-05-01,35199
capex_energia,2026-06-01,30733.9
capex_energia,2026-07-01,70134.4
capex_energia,2026-08-01,127578.2
capex_transporte,2016-01-01,1925.3
capex_transporte,2016-02-01,3022.1
capex_transporte,2016-03-01,3084.7
capex_transporte,2016-04-01,2592.8
capex_transporte,2016-05-01,3834.1
capex_transporte,2016-06-01,3663.5
capex_transporte,2016-07-01,2825.3
capex_transporte,2016-08-01,3331.9
capex_transporte,2016-09-01,3470.5
capex_transporte,2016-10-01,4506.7
capex_transporte,2016-11-01,3329.1
capex_transporte,2016-12-01,5448.9
capex_transporte,2017-01-01,3341.5
capex_transporte,2017-02-01,4274.2
capex_transporte,2017-03-01,5815.7
capex_transporte,2017-04-01,4199.2
capex_transporte,2017-05-01,6055.7
capex_transporte,2017-06-01,5594.7
capex_transporte,2017-07-01,5365.2
capex_transporte,2017-08-01,4936.3
capex_transporte,2017-09-01,5693.2
capex_transporte,2017-10-01,3730.4
capex_transporte,2017-11-01,2710.7
capex_transporte,2017-12-01,5312.3
capex_transporte,2018-01-01,2691.8
capex_transporte,2018-02-01,4126.5
capex_transporte,2018-03-01,4795
capex_transporte,2018-04-01,4037.6
capex_transporte,2018-05-01,4797.2
capex_transporte,2018-06-01,1874.5
capex_transporte,2018-07-01,4325.1
capex_transporte,2018-08-01,6675.6
capex_transporte,2018-09-01,3741.7
capex_transporte,2018-10-01,8683
capex_transporte,2018-11-01,5780.7
capex_transporte,2018-12-01,10766
capex_transporte,2019-01-01,7712
capex_transporte,2019-02-01,3800.7
capex_transporte,2019-03-01,7241.6
capex_transporte,2019-04-01,7421.5
capex_transporte,2019-05-01,9587.7
capex_transporte,2019-06-01,8659.5
capex_transporte,2019-07-01,10306.9
capex_transporte,2019-08-01,8997.2
capex_transporte,2019-09-01,9995.7
capex_transporte,2019-10-01,5145.7
capex_transporte,2019-11-01,9782.8
capex_transporte,2019-12-01,8346.5
capex_transporte,2020-01-01,2808
capex_transporte,2020-02-01,4382
capex_transporte,2020-03-01,7341.6
capex_transporte,2020-04-01,7693.1
capex_transporte,2020-05-01,7708.2
capex_transporte,2020-06-01,5994.5
capex_transporte,2020-07-01,7544.7
capex_transporte,2020-08-01,6360
capex_transporte,2020-09-01,7295
capex_transporte,2020-10-01,8152.2
capex_transporte,2020-11-01,6205.9
capex_transporte,2020-12-01,19742.2
capex_transporte,2021-01-01,7322.9
capex_transporte,2021-02-01,9415.3
capex_transporte,2021-03-01,8744.4
capex_transporte,2021-04-01,16170.3
capex_transporte,2021-05-01,14931.1
capex_transporte,2021-06-01,16537
capex_transporte,2021-07-01,18649
capex_transporte,2021-08-01,16092.3
capex_transporte,2021-09-01,21031.7
capex_transporte,2021-10-01,16964.6
capex_transporte,2021-11-01,36814.6
capex_transporte,2021-12-01,40146.5
capex_transporte,2022-01-01,14630.4
capex_transporte,2022-02-01,18849.4
capex_transporte,2022-03-01,20456.6
capex_transporte,2022-04-01,26451.9
capex_transporte,2022-05-01,21829.3
capex_transporte,2022-06-01,21845.9
capex_transporte,2022-07-01,19557.9
capex_transporte,2022-08-01,24937.4
capex_transporte,2022-09-01,47425.5
capex_transporte,2022-10-01,19567.8
capex_transporte,2022-11-01,52389.6
capex_transporte,2022-12-01,52878.5
capex_transporte,2023-01-01,19880.1
capex_transporte,2023-02-01,25400.9
capex_transporte,2023-03-01,44970.3
capex_transporte,2023-04-01,40676.3
capex_transporte,2023-05-01,45881.5
capex_transporte,2023-06-01,50643.8
capex_transporte,2023-07-01,28290.5
capex_transporte,2023-08-01,55592.2
capex_transporte,2023-09-01,85251.9
capex_transporte,2023-10-01,55229.7
capex_transporte,2023-11-01,87815.8
capex_transporte,2023-12-01,89164.1
capex_transporte,2024-01-01,6700.7
capex_transporte,2024-02-01,20640
capex_transporte,2024-03-01,9082.1
capex_transporte,2024-04-01,24030
capex_transporte,2024-05-01,19799.2
capex_transporte,2024-06-01,33941.4
capex_transporte,2024-07-01,26489.8
capex_transporte,2024-08-01,50053.2
capex_transporte,2024-09-01,40567.8
capex_transporte,2024-10-01,51098.1
capex_transporte,2024-11-01,56688.3
capex_transporte,2024-12-01,70491.8
capex_transporte,2025-01-01,28434.6
capex_transporte,2025-02-01,39625.1
capex_transporte,2025-03-01,76729
capex_transporte,2025-04-01,55759.2
capex_transporte,2025-05-01,61117.1
capex_transporte,2025-06-01,108448.1
capex_transporte,2025-07-01,74651.9
capex_transporte,2025-08-01,73333.7
capex_transporte,2025-09-01,124093.6
capex_transporte,2025-10-01,102480
capex_transporte,2025-11-01,83425.8
capex_transporte,2025-12-01,109552.4
capex_transporte,2026-01-01,48958.7
capex_transporte,2026-02-01,89119.9
capex_transporte,2026-03-01,80559.1
capex_transporte,2026-04-01,65978.8
capex_transporte,2026-05-01,63726.2
capex_transporte,2026-06-01,50829
capex_transporte,2026-07-01,109353.5
capex_transporte,2026-08-01,120978.4
capex_vivienda,2016-01-01,1499.9
capex_vivienda,2016-02-01,877
capex_vivienda,2016-03-01,1010.5
capex_vivienda,2016-04-01,89
capex_vivienda,2016-05-01,3632
capex_vivienda,2016-06-01,2877.7
capex_vivienda,2016-07-01,1407.2
capex_vivienda,2016-08-01,2485.6
capex_vivienda,2016-09-01,1795.2
capex_vivienda,2016-10-01,9390.1
capex_vivienda,2016-11-01,900.1
capex_vivienda,2016-12-01,1715.7
capex_vivienda,2017-01-01,4345.3
capex_vivienda,2017-02-01,3415.9
capex_vivienda,2017-03-01,3340.4
capex_vivienda,2017-04-01,3132.5
capex_vivienda,2017-05-01,1904.4
capex_vivienda,2017-06-01,445
capex_vivienda,2017-07-01,3507.8
capex_vivienda,2017-08-01,3506.3
capex_vivienda,2017-09-01,2653.2
capex_vivienda,2017-10-01,1608.3
capex_vivienda,2017-11-01,672.7
capex_vivienda,2017-12-01,1427.8
capex_vivienda,2018-01-01,372.5
capex_vivienda,2018-02-01,2196.1
capex_vivienda,2018-03-01,2451
capex_vivienda,2018-04-01,1796.9
capex_vivienda,2018-05-01,1295
capex_vivienda,2018-06-01,362
capex_vivienda,2018-07-01,1821.6
capex_vivienda,2018-08-01,2136.4
capex_vivienda,2018-09-01,2332.2
capex_vivienda,2018-10-01,2651.4
capex_vivienda,2018-11-01,2144.7
capex_vivienda,2018-12-01,1571
capex_vivienda,2019-01-01,1714.2
capex_vivienda,2019-02-01,1162.14528
capex_vivienda,2019-03-01,1821.1
capex_vivienda,2019-04-01,1724.3
capex_vivienda,2019-05-01,2640.7
capex_vivienda,2019-06-01,2014.7
capex_vivienda,2019-07-01,2587.9
capex_vivienda,2019-08-01,1796.9
capex_vivienda,2019-09-01,1930.4
capex_vivienda,2019-10-01,2453.3
capex_vivienda,2019-11-01,1655.6
capex_vivienda,2019-12-01,459.1
capex_vivienda,2020-01-01,1067
capex_vivienda,2020-02-01,428.1
capex_vivienda,2020-03-01,610.9
capex_vivienda,2020-04-01,461.1
capex_vivienda,2020-05-01,568.9
capex_vivienda,2020-06-01,471.1
capex_vivienda,2020-07-01,1346.1
capex_vivienda,2020-08-01,360.3
capex_vivienda,2020-09-01,1900
capex_vivienda,2020-10-01,867.6
capex_vivienda,2020-11-01,1944.5
capex_vivienda,2020-12-01,3317.3
capex_vivienda,2021-01-01,914
capex_vivienda,2021-02-01,1587.5
capex_vivienda,2021-03-01,3171.8
capex_vivienda,2021-04-01,2770.8
capex_vivienda,2021-05-01,2692.1
capex_vivienda,2021-06-01,4054.9
capex_vivienda,2021-07-01,3779.8
capex_vivienda,2021-08-01,3979.3
capex_vivienda,2021-09-01,8594.1
capex_vivienda,2021-10-01,5924.1
capex_vivienda,2021-11-01,4434
capex_vivienda,2021-12-01,9140.3
capex_vivienda,2022-01-01,4077.7
capex_vivienda,2022-02-01,3015.5
capex_vivienda,2022-03-01,5951.2
capex_vivienda,2022-04-01,12191
capex_vivienda,2022-05-01,18258.6
capex_vivienda,2022-06-01,12255.3
capex_vivienda,2022-07-01,25191.7
capex_vivienda,2022-08-01,16062.7
capex_vivienda,2022-09-01,27403.2
capex_vivienda,2022-10-01,22873.8
capex_vivienda,2022-11-01,19566.7
capex_vivienda,2022-12-01,19724.8
capex_vivienda,2023-01-01,18722.6
capex_vivienda,2023-02-01,27668.1
capex_vivienda,2023-03-01,20378.1
capex_vivienda,2023-04-01,26772.8
capex_vivienda,2023-05-01,32412.8
capex_vivienda,2023-06-01,39516.3
capex_vivienda,2023-07-01,39934.4
capex_vivienda,2023-08-01,40645.5
capex_vivienda,2023-09-01,36905.6
capex_vivienda,2023-10-01,44211.7
capex_vivienda,2023-11-01,62029.4
capex_vivienda,2023-12-01,19760.8
capex_vivienda,2024-01-01,2223.1
capex_vivienda,2024-02-01,0
capex_vivienda,2024-03-01,161.8
capex_vivienda,2024-04-01,8072.8
capex_vivienda,2024-05-01,13072.8
capex_vivienda,2024-06-01,1017.8
capex_vivienda,2024-07-01,8231.5
capex_vivienda,2024-08-01,10335.8
capex_vivienda,2024-09-01,8190.4
capex_vivienda,2024-10-01,15920
capex_vivienda,2024-11-01,26072.9
capex_vivienda,2024-12-01,7091.1
capex_vivienda,2025-01-01,6445.6
capex_vivienda,2025-02-01,4425.3
capex_vivienda,2025-03-01,2574.1
capex_vivienda,2025-04-01,2584
capex_vivienda,2025-05-01,1827.3
capex_vivienda,2025-06-01,2744.3
capex_vivienda,2025-07-01,2162
capex_vivienda,2025-08-01,4508.7
capex_vivienda,2025-09-01,3401.8
capex_vivienda,2025-10-01,7207.6
capex_vivienda,2025-11-01,8557
capex_vivienda,2025-12-01,13400.4
capex_vivienda,2026-01-01,1596.8
capex_vivienda,2026-02-01,3718.5
capex_vivienda,2026-03-01,4112.1
capex_vivienda,2026-04-01,5748
capex_vivienda,2026-05-01,3590.1
capex_vivienda,2026-06-01,2765.9
capex_vivienda,2026-07-01,7578.6
capex_vivienda,2026-08-01,12926.1
carga_aerea,2012-01-01,16631.88
carga_aerea,2012-02-01,12579.74
carga_aerea,2012-03-01,19765.05
carga_aerea,2012-04-01,17491.13
carga_aerea,2012-05-01,18012.04
carga_aerea,2012-06-01,17238.32
carga_aerea,2012-07-01,16838.41
carga_aerea,2012-08-01,31362.12
carga_aerea,2012-09-01,18065.78
carga_aerea,2012-10-01,22446.03
carga_aerea,2012-11-01,24309.93
carga_aerea,2012-12-01,20782.08
carga_aerea,2013-01-01,40936.21
carga_aerea,2013-02-01,68580.15
carga_aerea,2013-03-01,23044.58
carga_aerea,2013-04-01,40077.29
carga_aerea,2013-05-01,17226.98
carga_aerea,2013-06-01,16624.27
carga_aerea,2013-07-01,26819.71
carga_aerea,2013-08-01,34914.35
carga_aerea,2013-09-01,16521.97
carga_aerea,2013-10-01,21017.1
carga_aerea,2013-11-01,37731.19
carga_aerea,2013-12-01,22799.03
carga_aerea,2014-01-01,15308.32
carga_aerea,2014-02-01,14779.08
carga_aerea,2014-03-01,17720.14
carga_aerea,2014-04-01,15556.36
carga_aerea,2014-05-01,15297.21
carga_aerea,2014-06-01,13991.65
carga_aerea,2014-07-01,13531.62
carga_aerea,2014-08-01,13108.96
carga_aerea,2014-09-01,12182.86
carga_aerea,2014-10-01,19302.22
carga_aerea,2014-11-01,19644.39
carga_aerea,2014-12-01,16841.13
carga_aerea,2015-01-01,13507.63
carga_aerea,2015-02-01,11830.2
carga_aerea,2015-03-01,13299.56
carga_aerea,2015-04-01,12955.61
carga_aerea,2015-05-01,12959.43
carga_aerea,2015-06-01,14019.63
carga_aerea,2015-07-01,12491.81
carga_aerea,2015-08-01,13713.08
carga_aerea,2015-09-01,13785.05
carga_aerea,2015-10-01,18245.7
carga_aerea,2015-11-01,19537.86
carga_aerea,2015-12-01,15803.04
carga_aerea,2016-01-01,12385.01
carga_aerea,2016-02-01,11946.61
carga_aerea,2016-03-01,12823.92
carga_aerea,2016-04-01,13303.91
carga_aerea,2016-05-01,12290.64
carga_aerea,2016-06-01,11245.1
carga_aerea,2016-07-01,12424.59
carga_aerea,2016-08-01,14663.67
carga_aerea,2016-09-01,13498.86
carga_aerea,2016-10-01,17403.49
carga_aerea,2016-11-01,18689.27
carga_aerea,2016-12-01,16633.01
carga_aerea,2017-01-01,12931.333
carga_aerea,2017-02-01,12837.986
carga_aerea,2017-03-01,14623.867
carga_aerea,2017-04-01,13544.706
carga_aerea,2017-05-01,14771.861
carga_aerea,2017-06-01,14648.056
carga_aerea,2017-07-01,16339.8
carga_aerea,2017-08-01,15776.408
carga_aerea,2017-09-01,17325.399
carga_aerea,2017-10-01,21776.817
carga_aerea,2017-11-01,20096.275
carga_aerea,2017-12-01,20528.458
carga_aerea,2018-01-01,17387.251
carga_aerea,2018-02-01,16847.83
carga_aerea,2018-03-01,19086.007
carga_aerea,2018-04-01,17876.423
carga_aerea,2018-05-01,16228.212
carga_aerea,2018-06-01,14826.214
carga_aerea,2018-07-01,15744.28
carga_aerea,2018-08-01,14984.734
carga_aerea,2018-09-01,16360.456
carga_aerea,2018-10-01,21385.053
carga_aerea,2018-11-01,20617.902
carga_aerea,2018-12-01,19632.253
carga_aerea,2019-01-01,17674.821
carga_aerea,2019-02-01,14843.131
carga_aerea,2019-03-01,17277.124
carga_aerea,2019-04-01,15307.364
carga_aerea,2019-05-01,16010.272
carga_aerea,2019-06-01,14160.523
carga_aerea,2019-07-01,14958.973
carga_aerea,2019-08-01,15002.405
carga_aerea,2019-09-01,15072.599
carga_aerea,2019-10-01,17119.286
carga_aerea,2019-11-01,18300.779
carga_aerea,2019-12-01,15569.403
carga_aerea,2020-01-01,15906.139
carga_aerea,2020-02-01,13276.392
carga_aerea,2020-03-01,14330.683
carga_aerea,2020-04-01,3681.773
carga_aerea,2020-05-01,4161.16
carga_aerea,2020-06-01,3799.016
carga_aerea,2020-07-01,4020.307
carga_aerea,2020-08-01,4570.328
carga_aerea,2020-09-01,5601.326
carga_aerea,2020-10-01,7534.491
carga_aerea,2020-11-01,7541.333
carga_aerea,2020-12-01,7069.435
carga_aerea,2021-01-01,6560.914
carga_aerea,2021-02-01,5942.339
carga_aerea,2021-03-01,7299.246
carga_aerea,2021-04-01,10298.626
carga_aerea,2021-05-01,9538.466
carga_aerea,2021-06-01,9233.834
carga_aerea,2021-07-01,8633.984
carga_aerea,2021-08-01,8687.828
carga_aerea,2021-09-01,9218.938
carga_aerea,2021-10-01,11582.124
carga_aerea,2021-11-01,9780.878
carga_aerea,2021-12-01,12146.8
carga_aerea,2022-01-01,6945.511
carga_aerea,2022-02-01,7238.007
carga_aerea,2022-03-01,9102.385
carga_aerea,2022-04-01,10069.141
carga_aerea,2022-05-01,9699.66
carga_aerea,2022-06-01,9009.338
carga_aerea,2022-07-01,9544.168
carga_aerea,2022-08-01,9830.322
carga_aerea,2022-09-01,10400.933
carga_aerea,2022-10-01,9528.269
carga_aerea,2022-11-01,9756.761
carga_aerea,2022-12-01,11886.381
carga_aerea,2023-01-01,10067.704
carga_aerea,2023-02-01,10541.306
carga_aerea,2023-03-01,12107.72
carga_aerea,2023-04-01,11132.391
carga_aerea,2023-05-01,11653.033
carga_aerea,2023-06-01,10803.431
carga_aerea,2023-07-01,9855.009
carga_aerea,2023-08-01,10623.163
carga_aerea,2023-09-01,10929.541
carga_aerea,2023-10-01,12223.325
carga_aerea,2023-11-01,11246.326
carga_aerea,2023-12-01,13436.281
carga_aerea,2024-01-01,11370.543
carga_aerea,2024-02-01,9757.463
carga_aerea,2024-03-01,11461.432
carga_aerea,2024-04-01,10843.091
carga_aerea,2024-05-01,11114.253
carga_aerea,2024-06-01,10937.785
carga_aerea,2024-07-01,11187.347
carga_aerea,2024-08-01,11702.308
carga_aerea,2024-09-01,13412.052
carga_aerea,2024-10-01,14485.396
carga_aerea,2024-11-01,15869.222
carga_aerea,2024-12-01,16033.519
carga_aerea,2025-01-01,14097.13
carga_aerea,2025-02-01,11701.687
carga_aerea,2025-03-01,13910.301
carga_aerea,2025-04-01,13383.908
carga_aerea,2025-05-01,13857.535
carga_aerea,2025-06-01,12833.18
carga_aerea,2025-07-01,13304.321
carga_aerea,2025-08-01,12875.482
carga_aerea,2025-09-01,14600.133
carga_aerea,2025-10-01,15673.946
carga_aerea,2025-11-01,16701.423
carga_aerea,2025-12-01,17403.731
carga_aerea,2026-01-01,13201.487
carga_aerea,2026-02-01,13703.523
carga_aerea,2026-03-01,16167.17
carga_aerea,2026-04-01,14365.297
carga_aerea,2026-05-01,14838.873
carga_aerea,2026-06-01,14163.518
carga_ferroviaria,2012-01-01,857844.338
carga_ferroviaria,2012-02-01,818675.614
carga_ferroviaria,2012-03-01,869604.349
carga_ferroviaria,2012-04-01,884724.153
carga_ferroviaria,2012-05-01,1014249.035
carga_ferroviaria,2012-06-01,1070455.807
carga_ferroviaria,2012-07-01,1043553.988
carga_ferroviaria,2012-08-01,889570.391
carga_ferroviaria,2012-09-01,840057.4579
carga_ferroviaria,2012-10-01,802366.103
carga_ferroviaria,2012-11-01,792714.037
carga_ferroviaria,2012-12-01,699144.671
carga_ferroviaria,2013-01-01,768716.403
carga_ferroviaria,2013-02-01,637555.7026
carga_ferroviaria,2013-03-01,738879.194
carga_ferroviaria,2013-04-01,831028.928
carga_ferroviaria,2013-05-01,911377.409
carga_ferroviaria,2013-06-01,944646.105
carga_ferroviaria,2013-07-01,987502.524
carga_ferroviaria,2013-08-01,999031.059
carga_ferroviaria,2013-09-01,892939.333
carga_ferroviaria,2013-10-01,789623.639
carga_ferroviaria,2013-11-01,645014.083
carga_ferroviaria,2013-12-01,599306.572
carga_ferroviaria,2014-01-01,612495.2296
carga_ferroviaria,2014-02-01,490579.472
carga_ferroviaria,2014-03-01,602967.968
carga_ferroviaria,2014-04-01,635373.3069
carga_ferroviaria,2014-05-01,786342.9974
carga_ferroviaria,2014-06-01,841103.8059
carga_ferroviaria,2014-07-01,893741.0364
carga_ferroviaria,2014-08-01,865557.4084
carga_ferroviaria,2014-09-01,828819.3713
carga_ferroviaria,2014-10-01,854683.2191
carga_ferroviaria,2014-11-01,788384.7291
carga_ferroviaria,2014-12-01,693054.3644
carga_ferroviaria,2015-01-01,614538.6998
carga_ferroviaria,2015-02-01,556129.8571
carga_ferroviaria,2015-03-01,576846.3048
carga_ferroviaria,2015-04-01,664789.8663
carga_ferroviaria,2015-05-01,705326.2419
carga_ferroviaria,2015-06-01,737351.703
carga_ferroviaria,2015-07-01,793922.5902
carga_ferroviaria,2015-08-01,736460.8252
carga_ferroviaria,2015-09-01,786721.0506
carga_ferroviaria,2015-10-01,818242.7371
carga_ferroviaria,2015-11-01,687232.2226
carga_ferroviaria,2015-12-01,596416.8094
carga_ferroviaria,2016-01-01,630842.2904
carga_ferroviaria,2016-02-01,546699.9207
carga_ferroviaria,2016-03-01,636456.3277
carga_ferroviaria,2016-04-01,616277.1254
carga_ferroviaria,2016-05-01,681597.843
carga_ferroviaria,2016-06-01,721542.5418
carga_ferroviaria,2016-07-01,797852.3136
carga_ferroviaria,2016-08-01,833533.642
carga_ferroviaria,2016-09-01,824701.6366
carga_ferroviaria,2016-10-01,793207.6916
carga_ferroviaria,2016-11-01,750452.7549
carga_ferroviaria,2016-12-01,695293.6204
carga_ferroviaria,2017-01-01,583499.7776
carga_ferroviaria,2017-02-01,569619.3293
carga_ferroviaria,2017-03-01,643640.6088
carga_ferroviaria,2017-04-01,554787.8289
carga_ferroviaria,2017-05-01,712321.077
carga_ferroviaria,2017-06-01,713902.656
carga_ferroviaria,2017-07-01,742436.783
carga_ferroviaria,2017-08-01,784298.848
carga_ferroviaria,2017-09-01,778777.817
carga_ferroviaria,2017-10-01,793378.638
carga_ferroviaria,2017-11-01,779348.511
carga_ferroviaria,2017-12-01,721466.797
carga_ferroviaria,2018-01-01,657276.614
carga_ferroviaria,2018-02-01,641909.866
carga_ferroviaria,2018-03-01,750482.484
carga_ferroviaria,2018-04-01,744251.884
carga_ferroviaria,2018-05-01,686242.884
carga_ferroviaria,2018-06-01,737921.203
carga_ferroviaria,2018-07-01,838084.91
carga_ferroviaria,2018-08-01,873629.294
carga_ferroviaria,2018-09-01,804871.655
carga_ferroviaria,2018-10-01,871676.141
carga_ferroviaria,2018-11-01,800889.519
carga_ferroviaria,2018-12-01,732566.205
carga_ferroviaria,2019-01-01,724544.843
carga_ferroviaria,2019-02-01,725769.529
carga_ferroviaria,2019-03-01,778219.568
carga_ferroviaria,2019-04-01,845948.55
carga_ferroviaria,2019-05-01,873280.129
carga_ferroviaria,2019-06-01,916591.795
carga_ferroviaria,2019-07-01,981472.394
carga_ferroviaria,2019-08-01,1006971.539
carga_ferroviaria,2019-09-01,1034050.667
carga_ferroviaria,2019-10-01,1043731.102
carga_ferroviaria,2019-11-01,898224.72
carga_ferroviaria,2019-12-01,882426.733
carga_ferroviaria,2020-01-01,918397.38
carga_ferroviaria,2020-02-01,777387.311
carga_ferroviaria,2020-03-01,663566.464
carga_ferroviaria,2020-04-01,738791.725
carga_ferroviaria,2020-05-01,895152.279
carga_ferroviaria,2020-06-01,943618.7
carga_ferroviaria,2020-07-01,1002291.205
carga_ferroviaria,2020-08-01,1012842.338
carga_ferroviaria,2020-09-01,936580.117
carga_ferroviaria,2020-10-01,946034.65
carga_ferroviaria,2020-11-01,838619.491
carga_ferroviaria,2020-12-01,610139.259
carga_ferroviaria,2021-01-01,789654.451
carga_ferroviaria,2021-02-01,781517.948
carga_ferroviaria,2021-03-01,843425.379
carga_ferroviaria,2021-04-01,880267.028
carga_ferroviaria,2021-05-01,980821.008
carga_ferroviaria,2021-06-01,1055241.322
carga_ferroviaria,2021-07-01,1132939.539
carga_ferroviaria,2021-08-01,1143423.411
carga_ferroviaria,2021-09-01,1141500.483
carga_ferroviaria,2021-10-01,1142622.449
carga_ferroviaria,2021-11-01,1010544.872
carga_ferroviaria,2021-12-01,953112.7
carga_ferroviaria,2022-01-01,878977.458
carga_ferroviaria,2022-02-01,875725.008
carga_ferroviaria,2022-03-01,911857.521
carga_ferroviaria,2022-04-01,964915.247
carga_ferroviaria,2022-05-01,1065799.338
carga_ferroviaria,2022-06-01,1140985.359
carga_ferroviaria,2022-07-01,1133418.028
carga_ferroviaria,2022-08-01,1148798
carga_ferroviaria,2022-09-01,1047268.71
carga_ferroviaria,2022-10-01,1090309.245
carga_ferroviaria,2022-11-01,978575.475
carga_ferroviaria,2022-12-01,847467.254
carga_ferroviaria,2023-01-01,846489.354
carga_ferroviaria,2023-02-01,801974.007
carga_ferroviaria,2023-03-01,775608.918
carga_ferroviaria,2023-04-01,713359.099
carga_ferroviaria,2023-05-01,939713.989
carga_ferroviaria,2023-06-01,895026.176
carga_ferroviaria,2023-07-01,923637.69
carga_ferroviaria,2023-08-01,1020819.304
carga_ferroviaria,2023-09-01,850388.786
carga_ferroviaria,2023-10-01,755972.15
carga_ferroviaria,2023-11-01,677688.94
carga_ferroviaria,2023-12-01,693392.202
carga_ferroviaria,2024-01-01,794731.373
carga_ferroviaria,2024-02-01,753289.657
carga_ferroviaria,2024-03-01,751707.559
carga_ferroviaria,2024-04-01,754307.082
carga_ferroviaria,2024-05-01,887264.922
carga_ferroviaria,2024-06-01,959417.476
carga_ferroviaria,2024-07-01,1030359.815
carga_ferroviaria,2024-08-01,996422.59
carga_ferroviaria,2024-09-01,973760.55
carga_ferroviaria,2024-10-01,968390.432
carga_ferroviaria,2024-11-01,865907.568
carga_ferroviaria,2024-12-01,874827.482
carga_ferroviaria,2025-01-01,863287.427
carga_ferroviaria,2025-02-01,753182.097
carga_ferroviaria,2025-03-01,563206.885
carga_ferroviaria,2025-04-01,622552.423
carga_ferroviaria,2025-05-01,834851.288
carga_ferroviaria,2025-06-01,889920.801
carga_ferroviaria,2025-07-01,1026724.961
carga_ferroviaria,2025-08-01,988676.273
carga_ferroviaria,2025-09-01,900653.742
carga_ferroviaria,2025-10-01,954370.134
carga_ferroviaria,2025-11-01,821640.078
carga_ferroviaria,2025-12-01,773275.717
carga_ferroviaria,2026-01-01,825544.401
carga_ferroviaria,2026-02-01,660855.63
carga_ferroviaria,2026-03-01,701810.605
carga_ferroviaria,2026-04-01,701703.28
carga_ferroviaria,2026-05-01,950644.807
carga_ferroviaria,2026-06-01,986598.363
cemento_despachos,1994-01-01,488.908
cemento_despachos,1994-02-01,484.649
cemento_despachos,1994-03-01,521.257
cemento_despachos,1994-04-01,473.136
cemento_despachos,1994-05-01,495.92
cemento_despachos,1994-06-01,472.288
cemento_despachos,1994-07-01,490.382
cemento_despachos,1994-08-01,544.726
cemento_despachos,1994-09-01,560.564
cemento_despachos,1994-10-01,533.405
cemento_despachos,1994-11-01,602.694
cemento_despachos,1994-12-01,549.198
cemento_despachos,1995-01-01,536.191
cemento_despachos,1995-02-01,518.705
cemento_despachos,1995-03-01,522.823
cemento_despachos,1995-04-01,416.227
cemento_despachos,1995-05-01,473.408
cemento_despachos,1995-06-01,417.235
cemento_despachos,1995-07-01,400.128
cemento_despachos,1995-08-01,405.599
cemento_despachos,1995-09-01,439.485
cemento_despachos,1995-10-01,409.29
cemento_despachos,1995-11-01,417.232
cemento_despachos,1995-12-01,371.612
cemento_despachos,1996-01-01,391.239
cemento_despachos,1996-02-01,371.484
cemento_despachos,1996-03-01,395.247
cemento_despachos,1996-04-01,366.634
cemento_despachos,1996-05-01,402.976
cemento_despachos,1996-06-01,340.866
cemento_despachos,1996-07-01,393.853
cemento_despachos,1996-08-01,434.316
cemento_despachos,1996-09-01,447.188
cemento_despachos,1996-10-01,511.171
cemento_despachos,1996-11-01,506.815
cemento_despachos,1996-12-01,462.944
cemento_despachos,1997-01-01,493.774
cemento_despachos,1997-02-01,483.844
cemento_despachos,1997-03-01,506.436
cemento_despachos,1997-04-01,533.465
cemento_despachos,1997-05-01,527.271
cemento_despachos,1997-06-01,443.844
cemento_despachos,1997-07-01,562.729
cemento_despachos,1997-08-01,585.369
cemento_despachos,1997-09-01,635.617
cemento_despachos,1997-10-01,699.826
cemento_despachos,1997-11-01,618.393
cemento_despachos,1997-12-01,576.831
cemento_despachos,1998-01-01,605.408
cemento_despachos,1998-02-01,557.978
cemento_despachos,1998-03-01,619.432
cemento_despachos,1998-04-01,538.616
cemento_despachos,1998-05-01,528.422
cemento_despachos,1998-06-01,560.126
cemento_despachos,1998-07-01,572.612
cemento_despachos,1998-08-01,612.186
cemento_despachos,1998-09-01,632.256
cemento_despachos,1998-10-01,655.554
cemento_despachos,1998-11-01,628.573
cemento_despachos,1998-12-01,586.165
cemento_despachos,1999-01-01,591.021
cemento_despachos,1999-02-01,580.419
cemento_despachos,1999-03-01,629.98
cemento_despachos,1999-04-01,579.303
cemento_despachos,1999-05-01,588.252
cemento_despachos,1999-06-01,591.866
cemento_despachos,1999-07-01,526.49
cemento_despachos,1999-08-01,592.912
cemento_despachos,1999-09-01,602.634
cemento_despachos,1999-10-01,621.07
cemento_despachos,1999-11-01,632.184
cemento_despachos,1999-12-01,531.122
cemento_despachos,2000-01-01,515.923
cemento_despachos,2000-02-01,508.851
cemento_despachos,2000-03-01,542.207
cemento_despachos,2000-04-01,455.159
cemento_despachos,2000-05-01,458.899
cemento_despachos,2000-06-01,441.621
cemento_despachos,2000-07-01,460.59
cemento_despachos,2000-08-01,538.57
cemento_despachos,2000-09-01,552.67
cemento_despachos,2000-10-01,507.25
cemento_despachos,2000-11-01,532.593
cemento_despachos,2000-12-01,491.025
cemento_despachos,2001-01-01,499.804
cemento_despachos,2001-02-01,478.457
cemento_despachos,2001-03-01,470.047
cemento_despachos,2001-04-01,461.199
cemento_despachos,2001-05-01,445.259
cemento_despachos,2001-06-01,436.564
cemento_despachos,2001-07-01,450.975
cemento_despachos,2001-08-01,451.521
cemento_despachos,2001-09-01,425.771
cemento_despachos,2001-10-01,404.195
cemento_despachos,2001-11-01,441.476
cemento_despachos,2001-12-01,321.034
cemento_despachos,2002-01-01,305.007
cemento_despachos,2002-02-01,278.133
cemento_despachos,2002-03-01,317.899
cemento_despachos,2002-04-01,283.413
cemento_despachos,2002-05-01,303.346
cemento_despachos,2002-06-01,299.946
cemento_despachos,2002-07-01,314.196
cemento_despachos,2002-08-01,352.198
cemento_despachos,2002-09-01,348.784
cemento_despachos,2002-10-01,356.989
cemento_despachos,2002-11-01,343.331
cemento_despachos,2002-12-01,333.979
cemento_despachos,2003-01-01,381.492
cemento_despachos,2003-02-01,342.765
cemento_despachos,2003-03-01,375.561
cemento_despachos,2003-04-01,363.489
cemento_despachos,2003-05-01,361.98
cemento_despachos,2003-06-01,369.445
cemento_despachos,2003-07-01,418.505
cemento_despachos,2003-08-01,425.718
cemento_despachos,2003-09-01,485.123
cemento_despachos,2003-10-01,509.63
cemento_despachos,2003-11-01,464.318
cemento_despachos,2003-12-01,442.87
cemento_despachos,2004-01-01,465.086
cemento_despachos,2004-02-01,444.547
cemento_despachos,2004-03-01,517.965
cemento_despachos,2004-04-01,413.579
cemento_despachos,2004-05-01,446.043
cemento_despachos,2004-06-01,482.959
cemento_despachos,2004-07-01,500.702
cemento_despachos,2004-08-01,505.924
cemento_despachos,2004-09-01,572.525
cemento_despachos,2004-10-01,551.784
cemento_despachos,2004-11-01,570.859
cemento_despachos,2004-12-01,544.028
cemento_despachos,2005-01-01,532.927
cemento_despachos,2005-02-01,506.271
cemento_despachos,2005-03-01,550.591
cemento_despachos,2005-04-01,571.51
cemento_despachos,2005-05-01,577.467
cemento_despachos,2005-06-01,525.557
cemento_despachos,2005-07-01,600.26
cemento_despachos,2005-08-01,670.329
cemento_despachos,2005-09-01,716.985
cemento_despachos,2005-10-01,701.261
cemento_despachos,2005-11-01,732.679
cemento_despachos,2005-12-01,688.64
cemento_despachos,2006-01-01,644.776
cemento_despachos,2006-02-01,645.765
cemento_despachos,2006-03-01,709.071
cemento_despachos,2006-04-01,687.157
cemento_despachos,2006-05-01,741.468
cemento_despachos,2006-06-01,685.115
cemento_despachos,2006-07-01,727.431
cemento_despachos,2006-08-01,817.491
cemento_despachos,2006-09-01,813.729
cemento_despachos,2006-10-01,762.922
cemento_despachos,2006-11-01,833.199
cemento_despachos,2006-12-01,704.301
cemento_despachos,2007-01-01,721.086
cemento_despachos,2007-02-01,730.495
cemento_despachos,2007-03-01,700.243
cemento_despachos,2007-04-01,698.503
cemento_despachos,2007-05-01,841.984
cemento_despachos,2007-06-01,789.652
cemento_despachos,2007-07-01,811.939
cemento_despachos,2007-08-01,860.142
cemento_despachos,2007-09-01,766.343
cemento_despachos,2007-10-01,868.415
cemento_despachos,2007-11-01,932.947
cemento_despachos,2007-12-01,768.22
cemento_despachos,2008-01-01,796.308
cemento_despachos,2008-02-01,767.339
cemento_despachos,2008-03-01,700.101
cemento_despachos,2008-04-01,890.14
cemento_despachos,2008-05-01,826.04
cemento_despachos,2008-06-01,704.971
cemento_despachos,2008-07-01,878.337
cemento_despachos,2008-08-01,831.019
cemento_despachos,2008-09-01,897.162
cemento_despachos,2008-10-01,863.12
cemento_despachos,2008-11-01,799.048
cemento_despachos,2008-12-01,689.545
cemento_despachos,2009-01-01,726.812
cemento_despachos,2009-02-01,681.739
cemento_despachos,2009-03-01,755.425
cemento_despachos,2009-04-01,759.16
cemento_despachos,2009-05-01,725.205
cemento_despachos,2009-06-01,793.624
cemento_despachos,2009-07-01,804.239
cemento_despachos,2009-08-01,814.803
cemento_despachos,2009-09-01,789.159
cemento_despachos,2009-10-01,862.99
cemento_despachos,2009-11-01,770.394
cemento_despachos,2009-12-01,731.449
cemento_despachos,2010-01-01,741.914
cemento_despachos,2010-02-01,690.094
cemento_despachos,2010-03-01,869.227
cemento_despachos,2010-04-01,817.15
cemento_despachos,2010-05-01,768.72
cemento_despachos,2010-06-01,799.984
cemento_despachos,2010-07-01,832.922
cemento_despachos,2010-08-01,898.657
cemento_despachos,2010-09-01,909.47
cemento_despachos,2010-10-01,932.363
cemento_despachos,2010-11-01,1001.211
cemento_despachos,2010-12-01,904
cemento_despachos,2011-01-01,849.411
cemento_despachos,2011-02-01,817.559
cemento_despachos,2011-03-01,909.02
cemento_despachos,2011-04-01,936.809
cemento_despachos,2011-05-01,986.393
cemento_despachos,2011-06-01,887.565
cemento_despachos,2011-07-01,908.84
cemento_despachos,2011-08-01,1006.094
cemento_despachos,2011-09-01,1092.31
cemento_despachos,2011-10-01,1000.939
cemento_despachos,2011-11-01,1048.395
cemento_despachos,2011-12-01,922.969
cemento_despachos,2012-01-01,859.899
cemento_despachos,2012-02-01,763.164
cemento_despachos,2012-03-01,952.42
cemento_despachos,2012-04-01,782.379
cemento_despachos,2012-05-01,871.336
cemento_despachos,2012-06-01,887.523
cemento_despachos,2012-07-01,904.169
cemento_despachos,2012-08-01,840.612
cemento_despachos,2012-09-01,889.254
cemento_despachos,2012-10-01,954.076
cemento_despachos,2012-11-01,959.055
cemento_despachos,2012-12-01,787.347
cemento_despachos,2013-01-01,888.115
cemento_despachos,2013-02-01,808.885
cemento_despachos,2013-03-01,914.793
cemento_despachos,2013-04-01,946.202
cemento_despachos,2013-05-01,997.86
cemento_despachos,2013-06-01,913.101
cemento_despachos,2013-07-01,1004.647
cemento_despachos,2013-08-01,1070.747
cemento_despachos,2013-09-01,1041.879
cemento_despachos,2013-10-01,1135.823
cemento_despachos,2013-11-01,1046.324
cemento_despachos,2013-12-01,914.744
cemento_despachos,2014-01-01,910.379
cemento_despachos,2014-02-01,783.917
cemento_despachos,2014-03-01,898.807
cemento_despachos,2014-04-01,895.215
cemento_despachos,2014-05-01,919.866
cemento_despachos,2014-06-01,885.732
cemento_despachos,2014-07-01,949.732
cemento_despachos,2014-08-01,993.397
cemento_despachos,2014-09-01,1045.431
cemento_despachos,2014-10-01,1100.852
cemento_despachos,2014-11-01,995.982
cemento_despachos,2014-12-01,892.15
cemento_despachos,2015-01-01,927.973
cemento_despachos,2015-02-01,885.023
cemento_despachos,2015-03-01,967.701
cemento_despachos,2015-04-01,1045.09
cemento_despachos,2015-05-01,995.899
cemento_despachos,2015-06-01,1055.434
cemento_despachos,2015-07-01,1069.622
cemento_despachos,2015-08-01,977.469
cemento_despachos,2015-09-01,1123.491
cemento_despachos,2015-10-01,1128.015
cemento_despachos,2015-11-01,991.175
cemento_despachos,2015-12-01,933.124
cemento_despachos,2016-01-01,858.496
cemento_despachos,2016-02-01,802.226
cemento_despachos,2016-03-01,885.244
cemento_despachos,2016-04-01,756.828
cemento_despachos,2016-05-01,881.663
cemento_despachos,2016-06-01,857.525
cemento_despachos,2016-07-01,847.654
cemento_despachos,2016-08-01,1042.872
cemento_despachos,2016-09-01,996.23
cemento_despachos,2016-10-01,925.679
cemento_despachos,2016-11-01,1007.185
cemento_despachos,2016-12-01,935.891
cemento_despachos,2017-01-01,868.591
cemento_despachos,2017-02-01,795.13
cemento_despachos,2017-03-01,1025.619
cemento_despachos,2017-04-01,841.146
cemento_despachos,2017-05-01,961.787
cemento_despachos,2017-06-01,998.478
cemento_despachos,2017-07-01,1007.897
cemento_despachos,2017-08-01,1112.865
cemento_despachos,2017-09-01,1121.423
cemento_despachos,2017-10-01,1141.073
cemento_despachos,2017-11-01,1163.215
cemento_despachos,2017-12-01,990.472
cemento_despachos,2018-01-01,1021.732
cemento_despachos,2018-02-01,908.513
cemento_despachos,2018-03-01,1073.832
cemento_despachos,2018-04-01,953.024
cemento_despachos,2018-05-01,924.211
cemento_despachos,2018-06-01,968.593
cemento_despachos,2018-07-01,949.74
cemento_despachos,2018-08-01,1113.091
cemento_despachos,2018-09-01,1009.902
cemento_despachos,2018-10-01,1040.197
cemento_despachos,2018-11-01,969.991
cemento_despachos,2018-12-01,808.367
cemento_despachos,2019-01-01,873.987
cemento_despachos,2019-02-01,921.087
cemento_despachos,2019-03-01,940.167
cemento_despachos,2019-04-01,900.938
cemento_despachos,2019-05-01,964.733
cemento_despachos,2019-06-01,860.652
cemento_despachos,2019-07-01,1000.469
cemento_despachos,2019-08-01,1048.46
cemento_despachos,2019-09-01,938.994
cemento_despachos,2019-10-01,948.931
cemento_despachos,2019-11-01,872.207
cemento_despachos,2019-12-01,732.734
cemento_despachos,2020-01-01,745.681
cemento_despachos,2020-02-01,686.602
cemento_despachos,2020-03-01,502.368
cemento_despachos,2020-04-01,403.653
cemento_despachos,2020-05-01,648.543
cemento_despachos,2020-06-01,797.794
cemento_despachos,2020-07-01,862.675
cemento_despachos,2020-08-01,917.233
cemento_despachos,2020-09-01,1037.475
cemento_despachos,2020-10-01,1070.232
cemento_despachos,2020-11-01,1092.246
cemento_despachos,2020-12-01,976.945
cemento_despachos,2021-01-01,895.416
cemento_despachos,2021-02-01,811.697
cemento_despachos,2021-03-01,974.347
cemento_despachos,2021-04-01,947.965
cemento_despachos,2021-05-01,874.188
cemento_despachos,2021-06-01,961.512
cemento_despachos,2021-07-01,1043.235
cemento_despachos,2021-08-01,1083.824
cemento_despachos,2021-09-01,1110.263
cemento_despachos,2021-10-01,1140.962
cemento_despachos,2021-11-01,1142.127
cemento_despachos,2021-12-01,1025.197
cemento_despachos,2022-01-01,877.364
cemento_despachos,2022-02-01,938.072
cemento_despachos,2022-03-01,1047.227
cemento_despachos,2022-04-01,1039.32
cemento_despachos,2022-05-01,1088
cemento_despachos,2022-06-01,1104.066
cemento_despachos,2022-07-01,1146.9
cemento_despachos,2022-08-01,1226.632
cemento_despachos,2022-09-01,1212.881
cemento_despachos,2022-10-01,1131.509
cemento_despachos,2022-11-01,1144.123
cemento_despachos,2022-12-01,932.66
cemento_despachos,2023-01-01,958.23
cemento_despachos,2023-02-01,895.938
cemento_despachos,2023-03-01,1113.909
cemento_despachos,2023-04-01,1028.598
cemento_despachos,2023-05-01,1071.951
cemento_despachos,2023-06-01,1080.354
cemento_despachos,2023-07-01,1067.68
cemento_despachos,2023-08-01,1208.153
cemento_despachos,2023-09-01,1118.07
cemento_despachos,2023-10-01,1125.075
cemento_despachos,2023-11-01,1018.613
cemento_despachos,2023-12-01,808.987
cemento_despachos,2024-01-01,766.803
cemento_despachos,2024-02-01,682.98
cemento_despachos,2024-03-01,634.071
cemento_despachos,2024-04-01,655.409
cemento_despachos,2024-05-01,780.281
cemento_despachos,2024-06-01,725.58
cemento_despachos,2024-07-01,913.03
cemento_despachos,2024-08-01,889.399
cemento_despachos,2024-09-01,912.295
cemento_despachos,2024-10-01,900.251
cemento_despachos,2024-11-01,869.523
cemento_despachos,2024-12-01,764.737
cemento_despachos,2025-01-01,831.622
cemento_despachos,2025-02-01,735.055
cemento_despachos,2025-03-01,740.134
cemento_despachos,2025-04-01,837.3
cemento_despachos,2025-05-01,817.35
cemento_despachos,2025-06-01,809.693
cemento_despachos,2025-07-01,887.274
cemento_despachos,2025-08-01,885.783
cemento_despachos,2025-09-01,917.33
cemento_despachos,2025-10-01,967.813
cemento_despachos,2025-11-01,829.385
cemento_despachos,2025-12-01,755.542
cemento_despachos,2026-01-01,788.128
cemento_despachos,2026-02-01,696.458
cemento_despachos,2026-03-01,826.125
cemento_despachos,2026-04-01,730.432
cemento_despachos,2026-05-01,806.576
cemento_despachos,2026-06-01,810.155
cemento_despachos,2026-07-01,815.781
cemento_despachos,2026-08-01,814.457
cemento_despachos,2026-09-01,959.727
consumo_gas_mm3,1996-01-01,1913.116
consumo_gas_mm3,1996-02-01,1731.663
consumo_gas_mm3,1996-03-01,2018.787
consumo_gas_mm3,1996-04-01,1935.116
consumo_gas_mm3,1996-05-01,2304.546
consumo_gas_mm3,1996-06-01,2601.3
consumo_gas_mm3,1996-07-01,2812.419
consumo_gas_mm3,1996-08-01,2522.663
consumo_gas_mm3,1996-09-01,2466.954
consumo_gas_mm3,1996-10-01,2152.582
consumo_gas_mm3,1996-11-01,1955.893
consumo_gas_mm3,1996-12-01,2030.946
consumo_gas_mm3,1997-01-01,2093.626
consumo_gas_mm3,1997-02-01,1881.045
consumo_gas_mm3,1997-03-01,2018.356
consumo_gas_mm3,1997-04-01,2295.219
consumo_gas_mm3,1997-05-01,2622.098
consumo_gas_mm3,1997-06-01,2817.329
consumo_gas_mm3,1997-07-01,2787.129
consumo_gas_mm3,1997-08-01,2497.152
consumo_gas_mm3,1997-09-01,2197.127
consumo_gas_mm3,1997-10-01,2106.824
consumo_gas_mm3,1997-11-01,1920.908
consumo_gas_mm3,1997-12-01,1820.405
consumo_gas_mm3,1998-01-01,1775.344
consumo_gas_mm3,1998-02-01,1733.141
consumo_gas_mm3,1998-03-01,2010.649
consumo_gas_mm3,1998-04-01,2128.781
consumo_gas_mm3,1998-05-01,2546.102
consumo_gas_mm3,1998-06-01,2923.245
consumo_gas_mm3,1998-07-01,2935.935
consumo_gas_mm3,1998-08-01,2875.579
consumo_gas_mm3,1998-09-01,2611.639
consumo_gas_mm3,1998-10-01,2332.061
consumo_gas_mm3,1998-11-01,2336.451
consumo_gas_mm3,1998-12-01,2306.406
consumo_gas_mm3,1999-01-01,2250.248
consumo_gas_mm3,1999-02-01,2173.552
consumo_gas_mm3,1999-03-01,2636.271
consumo_gas_mm3,1999-04-01,2584.661
consumo_gas_mm3,1999-05-01,3046.874
consumo_gas_mm3,1999-06-01,3170.961
consumo_gas_mm3,1999-07-01,3337.014
consumo_gas_mm3,1999-08-01,3145.912
consumo_gas_mm3,1999-09-01,2695.373
consumo_gas_mm3,1999-10-01,2506.497
consumo_gas_mm3,1999-11-01,2248.429
consumo_gas_mm3,1999-12-01,2411.629
consumo_gas_mm3,2000-01-01,2458.249
consumo_gas_mm3,2000-02-01,2411.112
consumo_gas_mm3,2000-03-01,2623.43
consumo_gas_mm3,2000-04-01,2635.642
consumo_gas_mm3,2000-05-01,3196.96
consumo_gas_mm3,2000-06-01,3193.11
consumo_gas_mm3,2000-07-01,3421.337
consumo_gas_mm3,2000-08-01,3360.649
consumo_gas_mm3,2000-09-01,2978.018
consumo_gas_mm3,2000-10-01,2573.934
consumo_gas_mm3,2000-11-01,2229.808
consumo_gas_mm3,2000-12-01,2530.54
consumo_gas_mm3,2001-01-01,2305.83
consumo_gas_mm3,2001-02-01,2210.165
consumo_gas_mm3,2001-03-01,2684.923
consumo_gas_mm3,2001-04-01,2657.42
consumo_gas_mm3,2001-05-01,3245.847
consumo_gas_mm3,2001-06-01,3067.393
consumo_gas_mm3,2001-07-01,3236.035
consumo_gas_mm3,2001-08-01,2931.18
consumo_gas_mm3,2001-09-01,2854.803
consumo_gas_mm3,2001-10-01,2313.655
consumo_gas_mm3,2001-11-01,2284.569
consumo_gas_mm3,2001-12-01,2373.813
consumo_gas_mm3,2002-01-01,2322.801
consumo_gas_mm3,2002-02-01,2096.33
consumo_gas_mm3,2002-03-01,2450.898
consumo_gas_mm3,2002-04-01,2616.62
consumo_gas_mm3,2002-05-01,2969.517
consumo_gas_mm3,2002-06-01,3255.612
consumo_gas_mm3,2002-07-01,3510.357
consumo_gas_mm3,2002-08-01,3088.538
consumo_gas_mm3,2002-09-01,2639.005
consumo_gas_mm3,2002-10-01,2144.048
consumo_gas_mm3,2002-11-01,1997.585
consumo_gas_mm3,2002-12-01,2085.965
consumo_gas_mm3,2003-01-01,2130.236
consumo_gas_mm3,2003-02-01,2207.641
consumo_gas_mm3,2003-03-01,2508.864
consumo_gas_mm3,2003-04-01,2643.952
consumo_gas_mm3,2003-05-01,3192.619
consumo_gas_mm3,2003-06-01,3321.333
consumo_gas_mm3,2003-07-01,3442.421
consumo_gas_mm3,2003-08-01,3533.654
consumo_gas_mm3,2003-09-01,3240.129
consumo_gas_mm3,2003-10-01,2956.864
consumo_gas_mm3,2003-11-01,2687.454
consumo_gas_mm3,2003-12-01,2694.681
consumo_gas_mm3,2004-01-01,2815.18
consumo_gas_mm3,2004-02-01,2791.944
consumo_gas_mm3,2004-03-01,3024.918
consumo_gas_mm3,2004-04-01,2951.881
consumo_gas_mm3,2004-05-01,3336.883
consumo_gas_mm3,2004-06-01,3391.407
consumo_gas_mm3,2004-07-01,3503.49
consumo_gas_mm3,2004-08-01,3428.872
consumo_gas_mm3,2004-09-01,3306.837
consumo_gas_mm3,2004-10-01,3136.499
consumo_gas_mm3,2004-11-01,2920.775
consumo_gas_mm3,2004-12-01,3097.806
consumo_gas_mm3,2005-01-01,3159.919
consumo_gas_mm3,2005-02-01,2789.645
consumo_gas_mm3,2005-03-01,3055.463
consumo_gas_mm3,2005-04-01,3083.341
consumo_gas_mm3,2005-05-01,3439.26
consumo_gas_mm3,2005-06-01,3399.793
consumo_gas_mm3,2005-07-01,3573.774
consumo_gas_mm3,2005-08-01,3584.862
consumo_gas_mm3,2005-09-01,3429.367
consumo_gas_mm3,2005-10-01,3324.813
consumo_gas_mm3,2005-11-01,3212.91
consumo_gas_mm3,2005-12-01,3151.739
consumo_gas_mm3,2006-01-01,3332.079
consumo_gas_mm3,2006-02-01,3146.734
consumo_gas_mm3,2006-03-01,3468.992
consumo_gas_mm3,2006-04-01,3350.978
consumo_gas_mm3,2006-05-01,3673.645
consumo_gas_mm3,2006-06-01,3648.763
consumo_gas_mm3,2006-07-01,3689.519
consumo_gas_mm3,2006-08-01,3770.548
consumo_gas_mm3,2006-09-01,3510.955
consumo_gas_mm3,2006-10-01,3527.974
consumo_gas_mm3,2006-11-01,3315.912
consumo_gas_mm3,2006-12-01,3423.614
consumo_gas_mm3,2007-01-01,3316.474
consumo_gas_mm3,2007-02-01,3067.131
consumo_gas_mm3,2007-03-01,3730.915
consumo_gas_mm3,2007-04-01,3777.286
consumo_gas_mm3,2007-05-01,3840.596
consumo_gas_mm3,2007-06-01,3619.978
consumo_gas_mm3,2007-07-01,3695.316
consumo_gas_mm3,2007-08-01,3629.961
consumo_gas_mm3,2007-09-01,3448.212
consumo_gas_mm3,2007-10-01,3304.842
consumo_gas_mm3,2007-11-01,3195.443
consumo_gas_mm3,2007-12-01,3394.866
consumo_gas_mm3,2008-01-01,3250.616
consumo_gas_mm3,2008-02-01,3180.747
consumo_gas_mm3,2008-03-01,3444.883
consumo_gas_mm3,2008-04-01,3334.945
consumo_gas_mm3,2008-05-01,3331.768
consumo_gas_mm3,2008-06-01,3505.558
consumo_gas_mm3,2008-07-01,3724.941
consumo_gas_mm3,2008-08-01,3628.089
consumo_gas_mm3,2008-09-01,3414.773
consumo_gas_mm3,2008-10-01,3302.909
consumo_gas_mm3,2008-11-01,3222.315
consumo_gas_mm3,2008-12-01,3425.479
consumo_gas_mm3,2009-01-01,3303.233
consumo_gas_mm3,2009-02-01,3109.052
consumo_gas_mm3,2009-03-01,3445.34
consumo_gas_mm3,2009-04-01,3292.278
consumo_gas_mm3,2009-05-01,3528.737
consumo_gas_mm3,2009-06-01,3511.352
consumo_gas_mm3,2009-07-01,3666.655
consumo_gas_mm3,2009-08-01,3344.909
consumo_gas_mm3,2009-09-01,3293.453
consumo_gas_mm3,2009-10-01,3116.6
consumo_gas_mm3,2009-11-01,2817.909
consumo_gas_mm3,2009-12-01,2789.728
consumo_gas_mm3,2010-01-01,2957.121
consumo_gas_mm3,2010-02-01,2799.674
consumo_gas_mm3,2010-03-01,3113.639
consumo_gas_mm3,2010-04-01,3019.13
consumo_gas_mm3,2010-05-01,3374.402
consumo_gas_mm3,2010-06-01,3370.188
consumo_gas_mm3,2010-07-01,3540.307
consumo_gas_mm3,2010-08-01,3531.389
consumo_gas_mm3,2010-09-01,3247.82
consumo_gas_mm3,2010-10-01,3124.269
consumo_gas_mm3,2010-11-01,3073.519
consumo_gas_mm3,2010-12-01,3240.802
consumo_gas_mm3,2011-01-01,3218.043
consumo_gas_mm3,2011-02-01,2962.879
consumo_gas_mm3,2011-03-01,3219.316
consumo_gas_mm3,2011-04-01,3124.105
consumo_gas_mm3,2011-05-01,3399.572
consumo_gas_mm3,2011-06-01,3532.259
consumo_gas_mm3,2011-07-01,3672.937
consumo_gas_mm3,2011-08-01,3797.811
consumo_gas_mm3,2011-09-01,3487.947
consumo_gas_mm3,2011-10-01,3502.854
consumo_gas_mm3,2011-11-01,3269.439
consumo_gas_mm3,2011-12-01,3323.902
consumo_gas_mm3,2012-01-01,3394.108
consumo_gas_mm3,2012-02-01,3159.624
consumo_gas_mm3,2012-03-01,3269.431
consumo_gas_mm3,2012-04-01,3240.215
consumo_gas_mm3,2012-05-01,3641.68
consumo_gas_mm3,2012-06-01,3664.686
consumo_gas_mm3,2012-07-01,3938.563
consumo_gas_mm3,2012-08-01,3917.228
consumo_gas_mm3,2012-09-01,3574.958
consumo_gas_mm3,2012-10-01,3382.533
consumo_gas_mm3,2012-11-01,3257.389
consumo_gas_mm3,2012-12-01,3175.228
consumo_gas_mm3,2013-01-01,3405.828
consumo_gas_mm3,2013-02-01,3116.166
consumo_gas_mm3,2013-03-01,3344.415
consumo_gas_mm3,2013-04-01,3375.669
consumo_gas_mm3,2013-05-01,3792.579
consumo_gas_mm3,2013-06-01,3713.823
consumo_gas_mm3,2013-07-01,4046.594
consumo_gas_mm3,2013-08-01,4043.197
consumo_gas_mm3,2013-09-01,3696.212
consumo_gas_mm3,2013-10-01,3577.611
consumo_gas_mm3,2013-11-01,3378.564
consumo_gas_mm3,2013-12-01,3482.952
consumo_gas_mm3,2014-01-01,3405.995
consumo_gas_mm3,2014-02-01,3137.131
consumo_gas_mm3,2014-03-01,3505.754
consumo_gas_mm3,2014-04-01,3487.936
consumo_gas_mm3,2014-05-01,3823.882
consumo_gas_mm3,2014-06-01,3883.047
consumo_gas_mm3,2014-07-01,4017.484
consumo_gas_mm3,2014-08-01,3969.176
consumo_gas_mm3,2014-09-01,3633.467
consumo_gas_mm3,2014-10-01,3508.367
consumo_gas_mm3,2014-11-01,3163.903
consumo_gas_mm3,2014-12-01,3278.798
consumo_gas_mm3,2015-01-01,3317.219
consumo_gas_mm3,2015-02-01,3037.785
consumo_gas_mm3,2015-03-01,3526.311
consumo_gas_mm3,2015-04-01,3655.654
consumo_gas_mm3,2015-05-01,3987.53
consumo_gas_mm3,2015-06-01,3886.524
consumo_gas_mm3,2015-07-01,4393.783
consumo_gas_mm3,2015-08-01,4052.703
consumo_gas_mm3,2015-09-01,3793.748
consumo_gas_mm3,2015-10-01,3680.686
consumo_gas_mm3,2015-11-01,3171.484
consumo_gas_mm3,2015-12-01,3243.009
consumo_gas_mm3,2016-01-01,3462.501
consumo_gas_mm3,2016-02-01,3282.928
consumo_gas_mm3,2016-03-01,3343.466
consumo_gas_mm3,2016-04-01,3558.485
consumo_gas_mm3,2016-05-01,4211.786
consumo_gas_mm3,2016-06-01,4209.181
consumo_gas_mm3,2016-07-01,4327.926
consumo_gas_mm3,2016-08-01,4174.227
consumo_gas_mm3,2016-09-01,3855.743
consumo_gas_mm3,2016-10-01,3676.103
consumo_gas_mm3,2016-11-01,3220.78
consumo_gas_mm3,2016-12-01,3406.105
consumo_gas_mm3,2017-01-01,3451.634
consumo_gas_mm3,2017-02-01,3009.952
consumo_gas_mm3,2017-03-01,3412.957
consumo_gas_mm3,2017-04-01,3548.919
consumo_gas_mm3,2017-05-01,4162.504
consumo_gas_mm3,2017-06-01,4203.728
consumo_gas_mm3,2017-07-01,4503.298
consumo_gas_mm3,2017-08-01,4370.757
consumo_gas_mm3,2017-09-01,3915.021
consumo_gas_mm3,2017-10-01,3541.891
consumo_gas_mm3,2017-11-01,3160.029
consumo_gas_mm3,2017-12-01,3440.068
consumo_gas_mm3,2018-01-01,3418.451
consumo_gas_mm3,2018-02-01,3204.652
consumo_gas_mm3,2018-03-01,3614.098
consumo_gas_mm3,2018-04-01,3673.83
consumo_gas_mm3,2018-05-01,4127.699
consumo_gas_mm3,2018-06-01,4442.075
consumo_gas_mm3,2018-07-01,4684.306
consumo_gas_mm3,2018-08-01,4578.549
consumo_gas_mm3,2018-09-01,3743.052
consumo_gas_mm3,2018-10-01,3540.217
consumo_gas_mm3,2018-11-01,3101.47
consumo_gas_mm3,2018-12-01,3222.622
consumo_gas_mm3,2019-01-01,3267.863
consumo_gas_mm3,2019-02-01,3147.144
consumo_gas_mm3,2019-03-01,3284.154
consumo_gas_mm3,2019-04-01,3279.103
consumo_gas_mm3,2019-05-01,3879.933
consumo_gas_mm3,2019-06-01,4172.196
consumo_gas_mm3,2019-07-01,4737.218
consumo_gas_mm3,2019-08-01,4402.664
consumo_gas_mm3,2019-09-01,3855.992
consumo_gas_mm3,2019-10-01,3709.381
consumo_gas_mm3,2019-11-01,3213.379
consumo_gas_mm3,2019-12-01,3472.267
consumo_gas_mm3,2020-01-01,3592.049
consumo_gas_mm3,2020-02-01,3401.103
consumo_gas_mm3,2020-03-01,3595.224
consumo_gas_mm3,2020-04-01,3023.87
consumo_gas_mm3,2020-05-01,3561.54
consumo_gas_mm3,2020-06-01,3973.838
consumo_gas_mm3,2020-07-01,4085.389
consumo_gas_mm3,2020-08-01,3915.905
consumo_gas_mm3,2020-09-01,3470.1
consumo_gas_mm3,2020-10-01,3336.877
consumo_gas_mm3,2020-11-01,3046.862
consumo_gas_mm3,2020-12-01,3119.973
consumo_gas_mm3,2021-01-01,3171.09
consumo_gas_mm3,2021-02-01,2862.707
consumo_gas_mm3,2021-03-01,3247.96
consumo_gas_mm3,2021-04-01,3160.249
consumo_gas_mm3,2021-05-01,3749.205
consumo_gas_mm3,2021-06-01,4249.246
consumo_gas_mm3,2021-07-01,4599.904
consumo_gas_mm3,2021-08-01,4557.108
consumo_gas_mm3,2021-09-01,3635.328
consumo_gas_mm3,2021-10-01,3465.83
consumo_gas_mm3,2021-11-01,3327.325
consumo_gas_mm3,2021-12-01,3394.811
consumo_gas_mm3,2022-01-01,3371.525
consumo_gas_mm3,2022-02-01,2902.272
consumo_gas_mm3,2022-03-01,3240.671
consumo_gas_mm3,2022-04-01,3268.923
consumo_gas_mm3,2022-05-01,3892.106
consumo_gas_mm3,2022-06-01,4203.422
consumo_gas_mm3,2022-07-01,4650.4
consumo_gas_mm3,2022-08-01,4147.089
consumo_gas_mm3,2022-09-01,3662.272
consumo_gas_mm3,2022-10-01,3511.247
consumo_gas_mm3,2022-11-01,3179.273
consumo_gas_mm3,2022-12-01,3312.407
consumo_gas_mm3,2023-01-01,3272.705
consumo_gas_mm3,2023-02-01,2961.841
consumo_gas_mm3,2023-03-01,3355.491
consumo_gas_mm3,2023-04-01,3248.532
consumo_gas_mm3,2023-05-01,3837.004
consumo_gas_mm3,2023-06-01,4539.965
consumo_gas_mm3,2023-07-01,4654.455
consumo_gas_mm3,2023-08-01,4469.913
consumo_gas_mm3,2023-09-01,4014.886
consumo_gas_mm3,2023-10-01,3456.851
consumo_gas_mm3,2023-11-01,3364.695
consumo_gas_mm3,2023-12-01,3163.924
consumo_gas_mm3,2024-01-01,3263.493
consumo_gas_mm3,2024-02-01,3224.073
consumo_gas_mm3,2024-03-01,3449.407
consumo_gas_mm3,2024-04-01,3435.532
consumo_gas_mm3,2024-05-01,3916.615
consumo_gas_mm3,2024-06-01,4020.839
consumo_gas_mm3,2024-07-01,4378.965
consumo_gas_mm3,2024-08-01,4184.06
consumo_gas_mm3,2024-09-01,3615.466
consumo_gas_mm3,2024-10-01,3482.03
consumo_gas_mm3,2024-11-01,3172.896
consumo_gas_mm3,2024-12-01,3148.408
consumo_gas_mm3,2025-01-01,3456.458
consumo_gas_mm3,2025-02-01,3323.304
consumo_gas_mm3,2025-03-01,3252.06
consumo_gas_mm3,2025-04-01,3177.366
consumo_gas_mm3,2025-05-01,3634.194
consumo_gas_mm3,2025-06-01,4336.021
consumo_gas_mm3,2025-07-01,4404.828
consumo_gas_mm3,2025-08-01,4256.523
consumo_gas_mm3,2025-09-01,3332.899
consumo_gas_mm3,2025-10-01,2999.911
consumo_gas_mm3,2025-11-01,2881.842
consumo_gas_mm3,2025-12-01,3213.593
consumo_gas_mm3,2026-01-01,3292.499
consumo_gas_mm3,2026-02-01,3111.487
consumo_gas_mm3,2026-03-01,3438.66
consumo_gas_mm3,2026-04-01,3366.04
consumo_gas_mm3,2026-05-01,3965.349
consumo_gas_mm3,2026-06-01,4241.55
demanda_electrica_gwh,2001-01-01,6866.26
demanda_electrica_gwh,2001-02-01,6473.1
demanda_electrica_gwh,2001-03-01,6952.3
demanda_electrica_gwh,2001-04-01,6183.35
demanda_electrica_gwh,2001-05-01,6668.94
demanda_electrica_gwh,2001-06-01,6559.16
demanda_electrica_gwh,2001-07-01,6806.8
demanda_electrica_gwh,2001-08-01,6531.18
demanda_electrica_gwh,2001-09-01,6211.66
demanda_electrica_gwh,2001-10-01,6268.03
demanda_electrica_gwh,2001-11-01,6132.66
demanda_electrica_gwh,2001-12-01,6448.414
demanda_electrica_gwh,2002-01-01,6471.69
demanda_electrica_gwh,2002-02-01,5745.32
demanda_electrica_gwh,2002-03-01,6462.13
demanda_electrica_gwh,2002-04-01,5970.25
demanda_electrica_gwh,2002-05-01,6320.57
demanda_electrica_gwh,2002-06-01,6634.9
demanda_electrica_gwh,2002-07-01,6891.22
demanda_electrica_gwh,2002-08-01,6514.58
demanda_electrica_gwh,2002-09-01,6136.42
demanda_electrica_gwh,2002-10-01,6344.78
demanda_electrica_gwh,2002-11-01,6384.03
demanda_electrica_gwh,2002-12-01,6597
demanda_electrica_gwh,2003-01-01,7009.41
demanda_electrica_gwh,2003-02-01,6364.91
demanda_electrica_gwh,2003-03-01,6874.26
demanda_electrica_gwh,2003-04-01,6280.38
demanda_electrica_gwh,2003-05-01,6773.8
demanda_electrica_gwh,2003-06-01,6814.53
demanda_electrica_gwh,2003-07-01,7321.71
demanda_electrica_gwh,2003-08-01,7188.13
demanda_electrica_gwh,2003-09-01,6737.75
demanda_electrica_gwh,2003-10-01,6906.96
demanda_electrica_gwh,2003-11-01,6833.97
demanda_electrica_gwh,2003-12-01,7107.56
demanda_electrica_gwh,2004-01-01,7620.56
demanda_electrica_gwh,2004-02-01,6846.54
demanda_electrica_gwh,2004-03-01,7544.99
demanda_electrica_gwh,2004-04-01,7011.91
demanda_electrica_gwh,2004-05-01,7325.25
demanda_electrica_gwh,2004-06-01,7259.35
demanda_electrica_gwh,2004-07-01,7576.6
demanda_electrica_gwh,2004-08-01,7076.07
demanda_electrica_gwh,2004-09-01,6956.97
demanda_electrica_gwh,2004-10-01,7087.33
demanda_electrica_gwh,2004-11-01,7127.32
demanda_electrica_gwh,2004-12-01,7739.52
demanda_electrica_gwh,2005-01-01,7983.28
demanda_electrica_gwh,2005-02-01,7248.88
demanda_electrica_gwh,2005-03-01,7689.91
demanda_electrica_gwh,2005-04-01,7213.14
demanda_electrica_gwh,2005-05-01,7668.55
demanda_electrica_gwh,2005-06-01,7719.71
demanda_electrica_gwh,2005-07-01,8061.62
demanda_electrica_gwh,2005-08-01,7953.5
demanda_electrica_gwh,2005-09-01,7508.4
demanda_electrica_gwh,2005-10-01,7403.31
demanda_electrica_gwh,2005-11-01,7784.34
demanda_electrica_gwh,2005-12-01,8098.31
demanda_electrica_gwh,2006-01-01,7957.9
demanda_electrica_gwh,2006-02-01,7395.7
demanda_electrica_gwh,2006-03-01,8037.6
demanda_electrica_gwh,2006-04-01,7555.6
demanda_electrica_gwh,2006-05-01,8116.1
demanda_electrica_gwh,2006-06-01,8248.9
demanda_electrica_gwh,2006-07-01,8313.5
demanda_electrica_gwh,2006-08-01,8497
demanda_electrica_gwh,2006-09-01,7828.4
demanda_electrica_gwh,2006-10-01,8025.1
demanda_electrica_gwh,2006-11-01,7998.1
demanda_electrica_gwh,2006-12-01,8838.9
demanda_electrica_gwh,2007-01-01,8743.2
demanda_electrica_gwh,2007-02-01,8158.2
demanda_electrica_gwh,2007-03-01,8637.8
demanda_electrica_gwh,2007-04-01,8010.4
demanda_electrica_gwh,2007-05-01,8789.5
demanda_electrica_gwh,2007-06-01,8851.4
demanda_electrica_gwh,2007-07-01,9024.5
demanda_electrica_gwh,2007-08-01,9106.5
demanda_electrica_gwh,2007-09-01,8082.6
demanda_electrica_gwh,2007-10-01,8370.4
demanda_electrica_gwh,2007-11-01,8254.4
demanda_electrica_gwh,2007-12-01,8921.4
demanda_electrica_gwh,2008-01-01,9175.1
demanda_electrica_gwh,2008-02-01,8728.8
demanda_electrica_gwh,2008-03-01,8594.5
demanda_electrica_gwh,2008-04-01,8286.6
demanda_electrica_gwh,2008-05-01,8777.8
demanda_electrica_gwh,2008-06-01,9209.8
demanda_electrica_gwh,2008-07-01,9127.1
demanda_electrica_gwh,2008-08-01,9025.3
demanda_electrica_gwh,2008-09-01,8587.6
demanda_electrica_gwh,2008-10-01,8477.2
demanda_electrica_gwh,2008-11-01,8914.9
demanda_electrica_gwh,2008-12-01,9053.4
demanda_electrica_gwh,2009-01-01,9086.1
demanda_electrica_gwh,2009-02-01,8241.6
demanda_electrica_gwh,2009-03-01,8955.6
demanda_electrica_gwh,2009-04-01,8104.7
demanda_electrica_gwh,2009-05-01,8435.3
demanda_electrica_gwh,2009-06-01,9114.2
demanda_electrica_gwh,2009-07-01,9508
demanda_electrica_gwh,2009-08-01,8738.4
demanda_electrica_gwh,2009-09-01,8350.2
demanda_electrica_gwh,2009-10-01,8420.7
demanda_electrica_gwh,2009-11-01,8644
demanda_electrica_gwh,2009-12-01,9023.6
demanda_electrica_gwh,2010-01-01,9740
demanda_electrica_gwh,2010-02-01,8773.9
demanda_electrica_gwh,2010-03-01,9518.9
demanda_electrica_gwh,2010-04-01,8434.1
demanda_electrica_gwh,2010-05-01,8866.4
demanda_electrica_gwh,2010-06-01,9367
demanda_electrica_gwh,2010-07-01,10081.1
demanda_electrica_gwh,2010-08-01,9733.1
demanda_electrica_gwh,2010-09-01,8755.9
demanda_electrica_gwh,2010-10-01,8567.7
demanda_electrica_gwh,2010-11-01,8834.6
demanda_electrica_gwh,2010-12-01,10125.7
demanda_electrica_gwh,2011-01-01,10231
demanda_electrica_gwh,2011-02-01,9129
demanda_electrica_gwh,2011-03-01,9863
demanda_electrica_gwh,2011-04-01,8917.8
demanda_electrica_gwh,2011-05-01,9560.4
demanda_electrica_gwh,2011-06-01,10135.8
demanda_electrica_gwh,2011-07-01,10562.6
demanda_electrica_gwh,2011-08-01,10311.9
demanda_electrica_gwh,2011-09-01,9089.5
demanda_electrica_gwh,2011-10-01,9062.4
demanda_electrica_gwh,2011-11-01,9505.9
demanda_electrica_gwh,2011-12-01,10118.6
demanda_electrica_gwh,2012-01-01,10806.8
demanda_electrica_gwh,2012-02-01,10089.2
demanda_electrica_gwh,2012-03-01,10178
demanda_electrica_gwh,2012-04-01,8970
demanda_electrica_gwh,2012-05-01,9601.7
demanda_electrica_gwh,2012-06-01,10297
demanda_electrica_gwh,2012-07-01,11071.7
demanda_electrica_gwh,2012-08-01,10408.3
demanda_electrica_gwh,2012-09-01,9338.6
demanda_electrica_gwh,2012-10-01,9608
demanda_electrica_gwh,2012-11-01,10031.4
demanda_electrica_gwh,2012-12-01,10824.3
demanda_electrica_gwh,2013-01-01,11134.11934
demanda_electrica_gwh,2013-02-01,9834.160007
demanda_electrica_gwh,2013-03-01,9756.129308
demanda_electrica_gwh,2013-04-01,9307.334163
demanda_electrica_gwh,2013-05-01,10232.82539
demanda_electrica_gwh,2013-06-01,10360.53719
demanda_electrica_gwh,2013-07-01,11156.17339
demanda_electrica_gwh,2013-08-01,10904.47924
demanda_electrica_gwh,2013-09-01,10195.873
demanda_electrica_gwh,2013-10-01,10045.71563
demanda_electrica_gwh,2013-11-01,10015.70165
demanda_electrica_gwh,2013-12-01,12291.28649
demanda_electrica_gwh,2014-01-01,12004.34237
demanda_electrica_gwh,2014-02-01,9823.968201
demanda_electrica_gwh,2014-03-01,9789.798789
demanda_electrica_gwh,2014-04-01,9595.37435
demanda_electrica_gwh,2014-05-01,10409.10501
demanda_electrica_gwh,2014-06-01,10901.71498
demanda_electrica_gwh,2014-07-01,11363.9421
demanda_electrica_gwh,2014-08-01,10490.68239
demanda_electrica_gwh,2014-09-01,9807.544191
demanda_electrica_gwh,2014-10-01,10706.49314
demanda_electrica_gwh,2014-11-01,10344.73667
demanda_electrica_gwh,2014-12-01,11229.37782
demanda_electrica_gwh,2015-01-01,11706.19009
demanda_electrica_gwh,2015-02-01,10665.08662
demanda_electrica_gwh,2015-03-01,11548.52707
demanda_electrica_gwh,2015-04-01,10026.43476
demanda_electrica_gwh,2015-05-01,10467.63369
demanda_electrica_gwh,2015-06-01,11254.41967
demanda_electrica_gwh,2015-07-01,11907.36192
demanda_electrica_gwh,2015-08-01,11130.26281
demanda_electrica_gwh,2015-09-01,10552.90324
demanda_electrica_gwh,2015-10-01,10722.17439
demanda_electrica_gwh,2015-11-01,10219.18948
demanda_electrica_gwh,2015-12-01,11909.43556
demanda_electrica_gwh,2016-01-01,12344.91176
demanda_electrica_gwh,2016-02-01,11731.8451
demanda_electrica_gwh,2016-03-01,10461.47592
demanda_electrica_gwh,2016-04-01,10292.00086
demanda_electrica_gwh,2016-05-01,11358.01163
demanda_electrica_gwh,2016-06-01,11812.94705
demanda_electrica_gwh,2016-07-01,11929.64538
demanda_electrica_gwh,2016-08-01,10855.44195
demanda_electrica_gwh,2016-09-01,10382.08113
demanda_electrica_gwh,2016-10-01,9956.038875
demanda_electrica_gwh,2016-11-01,10132.54058
demanda_electrica_gwh,2016-12-01,11853.85439
demanda_electrica_gwh,2017-01-01,12524.86565
demanda_electrica_gwh,2017-02-01,11074.9065
demanda_electrica_gwh,2017-03-01,11122.23155
demanda_electrica_gwh,2017-04-01,9793.758585
demanda_electrica_gwh,2017-05-01,10795.21342
demanda_electrica_gwh,2017-06-01,11359.33066
demanda_electrica_gwh,2017-07-01,11796.42576
demanda_electrica_gwh,2017-08-01,11107.2507
demanda_electrica_gwh,2017-09-01,10348.58455
demanda_electrica_gwh,2017-10-01,10227.32931
demanda_electrica_gwh,2017-11-01,10355.72749
demanda_electrica_gwh,2017-12-01,12024.59546
demanda_electrica_gwh,2018-01-01,12350.18334
demanda_electrica_gwh,2018-02-01,11404.20291
demanda_electrica_gwh,2018-03-01,11247.24215
demanda_electrica_gwh,2018-04-01,10493.3146
demanda_electrica_gwh,2018-05-01,10665.46154
demanda_electrica_gwh,2018-06-01,11925.91237
demanda_electrica_gwh,2018-07-01,12607.55275
demanda_electrica_gwh,2018-08-01,11721.30515
demanda_electrica_gwh,2018-09-01,9792.369117
demanda_electrica_gwh,2018-10-01,9904.218691
demanda_electrica_gwh,2018-11-01,10035.1494
demanda_electrica_gwh,2018-12-01,10863.01256
demanda_electrica_gwh,2019-01-01,11698.8204
demanda_electrica_gwh,2019-02-01,10706.95532
demanda_electrica_gwh,2019-03-01,10120.05794
demanda_electrica_gwh,2019-04-01,9572.130645
demanda_electrica_gwh,2019-05-01,10382.06216
demanda_electrica_gwh,2019-06-01,10649.85454
demanda_electrica_gwh,2019-07-01,12004.21019
demanda_electrica_gwh,2019-08-01,11465.4833
demanda_electrica_gwh,2019-09-01,10218.08782
demanda_electrica_gwh,2019-10-01,10380.68688
demanda_electrica_gwh,2019-11-01,10559.96615
demanda_electrica_gwh,2019-12-01,11187.74268
demanda_electrica_gwh,2020-01-01,11993.86706
demanda_electrica_gwh,2020-02-01,10843.47443
demanda_electrica_gwh,2020-03-01,11144.23219
demanda_electrica_gwh,2020-04-01,8537.200407
demanda_electrica_gwh,2020-05-01,9617.328172
demanda_electrica_gwh,2020-06-01,10781.71487
demanda_electrica_gwh,2020-07-01,12183.85264
demanda_electrica_gwh,2020-08-01,10728.37916
demanda_electrica_gwh,2020-09-01,10045.02285
demanda_electrica_gwh,2020-10-01,10013.84402
demanda_electrica_gwh,2020-11-01,10087.84444
demanda_electrica_gwh,2020-12-01,11330.17761
demanda_electrica_gwh,2021-01-01,11941.58099
demanda_electrica_gwh,2021-02-01,10090.3893
demanda_electrica_gwh,2021-03-01,11055.2145
demanda_electrica_gwh,2021-04-01,9817.737877
demanda_electrica_gwh,2021-05-01,10986.11407
demanda_electrica_gwh,2021-06-01,12053.80423
demanda_electrica_gwh,2021-07-01,12418.96037
demanda_electrica_gwh,2021-08-01,11660.28778
demanda_electrica_gwh,2021-09-01,10374.79406
demanda_electrica_gwh,2021-10-01,10451.32417
demanda_electrica_gwh,2021-11-01,10569.43372
demanda_electrica_gwh,2021-12-01,12457.84545
demanda_electrica_gwh,2022-01-01,13067.60493
demanda_electrica_gwh,2022-02-01,10567.7569
demanda_electrica_gwh,2022-03-01,10881.57898
demanda_electrica_gwh,2022-04-01,10147.36407
demanda_electrica_gwh,2022-05-01,11727.995
demanda_electrica_gwh,2022-06-01,13074.47038
demanda_electrica_gwh,2022-07-01,12639.61937
demanda_electrica_gwh,2022-08-01,11782.41963
demanda_electrica_gwh,2022-09-01,10314.00025
demanda_electrica_gwh,2022-10-01,10221.29864
demanda_electrica_gwh,2022-11-01,11323.71316
demanda_electrica_gwh,2022-12-01,13027.4121
demanda_electrica_gwh,2023-01-01,13593.48259
demanda_electrica_gwh,2023-02-01,11906.27588
demanda_electrica_gwh,2023-03-01,13996.9046
demanda_electrica_gwh,2023-04-01,10046.21248
demanda_electrica_gwh,2023-05-01,10815.46972
demanda_electrica_gwh,2023-06-01,12071.78124
demanda_electrica_gwh,2023-07-01,12477.2259
demanda_electrica_gwh,2023-08-01,11756.0005
demanda_electrica_gwh,2023-09-01,10962.24446
demanda_electrica_gwh,2023-10-01,10454.12579
demanda_electrica_gwh,2023-11-01,11040.81114
demanda_electrica_gwh,2023-12-01,11763.00403
demanda_electrica_gwh,2024-01-01,13090.20698
demanda_electrica_gwh,2024-02-01,12851.12412
demanda_electrica_gwh,2024-03-01,11956.62684
demanda_electrica_gwh,2024-04-01,10004.92122
demanda_electrica_gwh,2024-05-01,12213.33845
demanda_electrica_gwh,2024-06-01,11226.22382
demanda_electrica_gwh,2024-07-01,13226.30429
demanda_electrica_gwh,2024-08-01,12171.60664
demanda_electrica_gwh,2024-09-01,10237.19279
demanda_electrica_gwh,2024-10-01,10678.92113
demanda_electrica_gwh,2024-11-01,11064.00596
demanda_electrica_gwh,2024-12-01,11498.92852
demanda_electrica_gwh,2025-01-01,13605.51256
demanda_electrica_gwh,2025-02-01,12908.05892
demanda_electrica_gwh,2025-03-01,11653.16977
demanda_electrica_gwh,2025-04-01,9822.82491
demanda_electrica_gwh,2025-05-01,10944.56115
demanda_electrica_gwh,2025-06-01,12685.14374
demanda_electrica_gwh,2025-07-01,12901.61855
demanda_electrica_gwh,2025-08-01,11718.75634
demanda_electrica_gwh,2025-09-01,10631.54053
demanda_electrica_gwh,2025-10-01,10591.33554
demanda_electrica_gwh,2025-11-01,10711.33419
demanda_electrica_gwh,2025-12-01,13077.04723
demanda_electrica_gwh,2026-01-01,13145.37453
demanda_electrica_gwh,2026-02-01,11780.61632
demanda_electrica_gwh,2026-03-01,11945.03534
demanda_electrica_gwh,2026-04-01,10579.34283
demanda_electrica_gwh,2026-05-01,12151.53118
demanda_electrica_gwh,2026-06-01,12641.17114
demanda_electrica_gwh,2026-07-01,13063.21463
demanda_electrica_gwh,2026-08-01,12432.02772
emae_desest,2004-01-01,98.53181187
emae_desest,2004-02-01,98.02704245
emae_desest,2004-03-01,97.51832921
emae_desest,2004-04-01,95.45367399
emae_desest,2004-05-01,96.92320512
emae_desest,2004-06-01,98.51378468
emae_desest,2004-07-01,100.926817
emae_desest,2004-08-01,102.1001841
emae_desest,2004-09-01,102.3154156
emae_desest,2004-10-01,103.2378936
emae_desest,2004-11-01,103.4296276
emae_desest,2004-12-01,103.0222147
emae_desest,2005-01-01,105.8527112
emae_desest,2005-02-01,105.9735798
emae_desest,2005-03-01,106.8236803
emae_desest,2005-04-01,108.096606
emae_desest,2005-05-01,108.9827032
emae_desest,2005-06-01,108.5960599
emae_desest,2005-07-01,109.1633885
emae_desest,2005-08-01,109.3096096
emae_desest,2005-09-01,109.2726022
emae_desest,2005-10-01,109.9934355
emae_desest,2005-11-01,111.1467861
emae_desest,2005-12-01,113.0087571
emae_desest,2006-01-01,113.8796784
emae_desest,2006-02-01,114.5941914
emae_desest,2006-03-01,114.4158611
emae_desest,2006-04-01,115.8714761
emae_desest,2006-05-01,115.013493
emae_desest,2006-06-01,116.3226146
emae_desest,2006-07-01,118.0903412
emae_desest,2006-08-01,118.7653972
emae_desest,2006-09-01,119.8323491
emae_desest,2006-10-01,120.4848192
emae_desest,2006-11-01,120.7969658
emae_desest,2006-12-01,123.2662282
emae_desest,2007-01-01,122.2246041
emae_desest,2007-02-01,124.4423396
emae_desest,2007-03-01,126.4953687
emae_desest,2007-04-01,125.3747386
emae_desest,2007-05-01,127.2171793
emae_desest,2007-06-01,128.5448446
emae_desest,2007-07-01,127.5539261
emae_desest,2007-08-01,128.9257367
emae_desest,2007-09-01,129.6096888
emae_desest,2007-10-01,131.259475
emae_desest,2007-11-01,132.8429096
emae_desest,2007-12-01,133.970591
emae_desest,2008-01-01,135.3936546
emae_desest,2008-02-01,133.2696351
emae_desest,2008-03-01,133.3338034
emae_desest,2008-04-01,135.5667849
emae_desest,2008-05-01,135.0176708
emae_desest,2008-06-01,133.4328661
emae_desest,2008-07-01,135.2642376
emae_desest,2008-08-01,135.810636
emae_desest,2008-09-01,135.7778228
emae_desest,2008-10-01,132.770077
emae_desest,2008-11-01,130.3714078
emae_desest,2008-12-01,124.8717712
emae_desest,2009-01-01,124.6411434
emae_desest,2009-02-01,126.0508983
emae_desest,2009-03-01,123.292752
emae_desest,2009-04-01,121.7945134
emae_desest,2009-05-01,121.1917358
emae_desest,2009-06-01,122.440874
emae_desest,2009-07-01,124.8630728
emae_desest,2009-08-01,126.7377173
emae_desest,2009-09-01,128.1044967
emae_desest,2009-10-01,129.3673664
emae_desest,2009-11-01,129.753278
emae_desest,2009-12-01,127.8940133
emae_desest,2010-01-01,131.9843881
emae_desest,2010-02-01,132.9869536
emae_desest,2010-03-01,133.8499745
emae_desest,2010-04-01,136.9299606
emae_desest,2010-05-01,139.1671087
emae_desest,2010-06-01,140.5486404
emae_desest,2010-07-01,139.4669808
emae_desest,2010-08-01,139.842654
emae_desest,2010-09-01,139.4534864
emae_desest,2010-10-01,140.2729052
emae_desest,2010-11-01,142.0915351
emae_desest,2010-12-01,142.0391219
emae_desest,2011-01-01,145.9159533
emae_desest,2011-02-01,143.7786723
emae_desest,2011-03-01,144.8647833
emae_desest,2011-04-01,144.9869945
emae_desest,2011-05-01,147.0298202
emae_desest,2011-06-01,146.9145403
emae_desest,2011-07-01,147.2130895
emae_desest,2011-08-01,146.8201418
emae_desest,2011-09-01,148.3374764
emae_desest,2011-10-01,147.2186152
emae_desest,2011-11-01,147.1822711
emae_desest,2011-12-01,147.9549179
emae_desest,2012-01-01,147.6276242
emae_desest,2012-02-01,144.7798769
emae_desest,2012-03-01,145.4242978
emae_desest,2012-04-01,141.9378868
emae_desest,2012-05-01,140.2035808
emae_desest,2012-06-01,140.8384589
emae_desest,2012-07-01,144.6503404
emae_desest,2012-08-01,145.1909128
emae_desest,2012-09-01,146.2022352
emae_desest,2012-10-01,146.9432815
emae_desest,2012-11-01,147.0945471
emae_desest,2012-12-01,149.2775313
emae_desest,2013-01-01,145.8457418
emae_desest,2013-02-01,148.7130257
emae_desest,2013-03-01,148.7946696
emae_desest,2013-04-01,148.4149111
emae_desest,2013-05-01,148.5002642
emae_desest,2013-06-01,149.1481461
emae_desest,2013-07-01,148.0489835
emae_desest,2013-08-01,150.2433082
emae_desest,2013-09-01,150.1989754
emae_desest,2013-10-01,148.8205307
emae_desest,2013-11-01,148.1875159
emae_desest,2013-12-01,147.1112384
emae_desest,2014-01-01,145.6311784
emae_desest,2014-02-01,146.5605818
emae_desest,2014-03-01,145.4072286
emae_desest,2014-04-01,145.0337342
emae_desest,2014-05-01,145.3491157
emae_desest,2014-06-01,144.5358085
emae_desest,2014-07-01,144.0019049
emae_desest,2014-08-01,143.7269582
emae_desest,2014-09-01,143.4381952
emae_desest,2014-10-01,143.9538563
emae_desest,2014-11-01,144.7829133
emae_desest,2014-12-01,144.8303443
emae_desest,2015-01-01,144.3149799
emae_desest,2015-02-01,148.1550156
emae_desest,2015-03-01,147.4682752
emae_desest,2015-04-01,149.8274823
emae_desest,2015-05-01,149.8237446
emae_desest,2015-06-01,150.4183634
emae_desest,2015-07-01,150.625556
emae_desest,2015-08-01,150.2783321
emae_desest,2015-09-01,148.9796308
emae_desest,2015-10-01,149.3637856
emae_desest,2015-11-01,148.5206575
emae_desest,2015-12-01,146.9231202
emae_desest,2016-01-01,147.8875932
emae_desest,2016-02-01,146.9283021
emae_desest,2016-03-01,145.9416682
emae_desest,2016-04-01,144.9015524
emae_desest,2016-05-01,144.3862971
emae_desest,2016-06-01,144.4045978
emae_desest,2016-07-01,144.5902486
emae_desest,2016-08-01,145.5121551
emae_desest,2016-09-01,145.1348282
emae_desest,2016-10-01,145.1063094
emae_desest,2016-11-01,145.6975241
emae_desest,2016-12-01,147.0802778
emae_desest,2017-01-01,146.8861512
emae_desest,2017-02-01,146.9167303
emae_desest,2017-03-01,147.7874717
emae_desest,2017-04-01,147.8052143
emae_desest,2017-05-01,148.5388522
emae_desest,2017-06-01,150.3065797
emae_desest,2017-07-01,150.4181144
emae_desest,2017-08-01,150.3609966
emae_desest,2017-09-01,151.2726088
emae_desest,2017-10-01,151.5552386
emae_desest,2017-11-01,152.6704257
emae_desest,2017-12-01,152.3083212
emae_desest,2018-01-01,150.8164785
emae_desest,2018-02-01,152.3130032
emae_desest,2018-03-01,151.6440897
emae_desest,2018-04-01,146.8445772
emae_desest,2018-05-01,144.543546
emae_desest,2018-06-01,143.2777305
emae_desest,2018-07-01,143.4784046
emae_desest,2018-08-01,146.6859767
emae_desest,2018-09-01,143.0665819
emae_desest,2018-10-01,143.4813874
emae_desest,2018-11-01,141.6963955
emae_desest,2018-12-01,141.9484548
emae_desest,2019-01-01,141.3468169
emae_desest,2019-02-01,143.7521766
emae_desest,2019-03-01,142.3342295
emae_desest,2019-04-01,142.53282
emae_desest,2019-05-01,145.0222171
emae_desest,2019-06-01,143.9990788
emae_desest,2019-07-01,145.8239841
emae_desest,2019-08-01,144.8882724
emae_desest,2019-09-01,140.4451633
emae_desest,2019-10-01,143.7918716
emae_desest,2019-11-01,140.867175
emae_desest,2019-12-01,139.9818227
emae_desest,2020-01-01,141.027228
emae_desest,2020-02-01,139.6902142
emae_desest,2020-03-01,125.8185825
emae_desest,2020-04-01,106.1363364
emae_desest,2020-05-01,117.3343591
emae_desest,2020-06-01,124.1869339
emae_desest,2020-07-01,126.3901937
emae_desest,2020-08-01,128.7588114
emae_desest,2020-09-01,130.5994667
emae_desest,2020-10-01,133.447894
emae_desest,2020-11-01,134.6844207
emae_desest,2020-12-01,136.9390965
emae_desest,2021-01-01,139.8210953
emae_desest,2021-02-01,138.3977794
emae_desest,2021-03-01,140.8414998
emae_desest,2021-04-01,139.5424322
emae_desest,2021-05-01,138.9076827
emae_desest,2021-06-01,141.4107989
emae_desest,2021-07-01,141.5408084
emae_desest,2021-08-01,143.1490948
emae_desest,2021-09-01,144.1365748
emae_desest,2021-10-01,143.3378293
emae_desest,2021-11-01,145.3893272
emae_desest,2021-12-01,149.8660233
emae_desest,2022-01-01,148.2924919
emae_desest,2022-02-01,150.8432274
emae_desest,2022-03-01,150.4630683
emae_desest,2022-04-01,152.3783577
emae_desest,2022-05-01,152.1117988
emae_desest,2022-06-01,154.2742604
emae_desest,2022-07-01,152.614625
emae_desest,2022-08-01,151.5882187
emae_desest,2022-09-01,150.7616217
emae_desest,2022-10-01,148.9897516
emae_desest,2022-11-01,148.1411052
emae_desest,2022-12-01,148.6168629
emae_desest,2023-01-01,149.536382
emae_desest,2023-02-01,150.2042105
emae_desest,2023-03-01,151.0352344
emae_desest,2023-04-01,147.5419266
emae_desest,2023-05-01,145.6087214
emae_desest,2023-06-01,145.9761983
emae_desest,2023-07-01,148.7085273
emae_desest,2023-08-01,150.0715603
emae_desest,2023-09-01,149.7061618
emae_desest,2023-10-01,147.8310782
emae_desest,2023-11-01,146.3815407
emae_desest,2023-12-01,142.9908932
emae_desest,2024-01-01,143.0574157
emae_desest,2024-02-01,143.8710263
emae_desest,2024-03-01,142.3339723
emae_desest,2024-04-01,141.0948493
emae_desest,2024-05-01,143.1200922
emae_desest,2024-06-01,143.3343357
emae_desest,2024-07-01,147.2450323
emae_desest,2024-08-01,147.99748
emae_desest,2024-09-01,147.828695
emae_desest,2024-10-01,149.107195
emae_desest,2024-11-01,150.8702196
emae_desest,2024-12-01,151.4463249
emae_desest,2025-01-01,151.5509588
emae_desest,2025-02-01,153.4167608
emae_desest,2025-03-01,149.4556873
emae_desest,2025-04-01,152.5083725
emae_desest,2025-05-01,152.4631812
emae_desest,2025-06-01,150.9735911
emae_desest,2025-07-01,151.5420666
emae_desest,2025-08-01,152.4776458
emae_desest,2025-09-01,153.2289689
emae_desest,2025-10-01,153.2613988
emae_desest,2025-11-01,152.9540228
emae_desest,2025-12-01,155.989345
emae_desest,2026-01-01,155.9857084
emae_desest,2026-02-01,152.5828198
emae_desest,2026-03-01,156.7369566
emae_desest,2026-04-01,154.6096599
emae_desest,2026-05-01,153.7018968
emae_desest,2026-06-01,154.1172638
emae_desest,2026-07-01,149.647923
internet_penetracion,2014-01-01,49.55
internet_penetracion,2014-04-01,49.86
internet_penetracion,2014-07-01,50.67
internet_penetracion,2014-10-01,50.5
internet_penetracion,2015-01-01,51.36
internet_penetracion,2015-04-01,51.76
internet_penetracion,2015-07-01,52.46
internet_penetracion,2015-10-01,52.63
internet_penetracion,2016-01-01,51.85
internet_penetracion,2016-04-01,53.34
internet_penetracion,2016-07-01,53.73
internet_penetracion,2016-10-01,53.94
internet_penetracion,2017-01-01,54.16
internet_penetracion,2017-04-01,54.9
internet_penetracion,2017-07-01,56.9
internet_penetracion,2017-10-01,57.78
internet_penetracion,2018-01-01,58.82
internet_penetracion,2018-04-01,59.16
internet_penetracion,2018-07-01,60.69
internet_penetracion,2018-10-01,61.42
internet_penetracion,2019-01-01,62.48
internet_penetracion,2019-04-01,64.53
internet_penetracion,2019-07-01,65.79
internet_penetracion,2019-10-01,62.92
internet_penetracion,2020-01-01,62.86
internet_penetracion,2020-04-01,64.21
internet_penetracion,2020-07-01,66.31
internet_penetracion,2020-10-01,67.62
internet_penetracion,2021-01-01,67.95
internet_penetracion,2021-04-01,69.24
internet_penetracion,2021-07-01,70.58
internet_penetracion,2021-10-01,73.18
internet_penetracion,2022-01-01,73.88
internet_penetracion,2022-04-01,68.78
internet_penetracion,2022-07-01,69.5
internet_penetracion,2022-10-01,70.11
internet_penetracion,2023-01-01,70.2
internet_penetracion,2023-04-01,70.14
internet_penetracion,2023-07-01,71.07
internet_penetracion,2023-10-01,71.92
internet_penetracion,2024-01-01,72.42
internet_penetracion,2024-04-01,71.91
internet_penetracion,2024-07-01,72.76
internet_penetracion,2024-10-01,74.15
internet_penetracion,2025-01-01,75.15
internet_penetracion,2025-04-01,76.12
internet_penetracion,2025-07-01,77.96
internet_penetracion,2025-10-01,80.64
internet_penetracion,2026-01-01,84.03
internet_penetracion,2026-04-01,85.4
internet_penetracion_hab,2014-01-01,15.05
internet_penetracion_hab,2014-04-01,15.16
internet_penetracion_hab,2014-07-01,15.43
internet_penetracion_hab,2014-10-01,15.39
internet_penetracion_hab,2015-01-01,15.68
internet_penetracion_hab,2015-04-01,15.82
internet_penetracion_hab,2015-07-01,16.05
internet_penetracion_hab,2015-10-01,16.12
internet_penetracion_hab,2016-01-01,15.9
internet_penetracion_hab,2016-04-01,16.37
internet_penetracion_hab,2016-07-01,16.5
internet_penetracion_hab,2016-10-01,16.56
internet_penetracion_hab,2017-01-01,16.64
internet_penetracion_hab,2017-04-01,16.88
internet_penetracion_hab,2017-07-01,17.51
internet_penetracion_hab,2017-10-01,17.79
internet_penetracion_hab,2018-01-01,18.12
internet_penetracion_hab,2018-04-01,18.24
internet_penetracion_hab,2018-07-01,18.73
internet_penetracion_hab,2018-10-01,18.97
internet_penetracion_hab,2019-01-01,19.31
internet_penetracion_hab,2019-04-01,19.96
internet_penetracion_hab,2019-07-01,20.36
internet_penetracion_hab,2019-10-01,19.49
internet_penetracion_hab,2020-01-01,19.48
internet_penetracion_hab,2020-04-01,19.92
internet_penetracion_hab,2020-07-01,20.59
internet_penetracion_hab,2020-10-01,21.01
internet_penetracion_hab,2021-01-01,21.13
internet_penetracion_hab,2021-04-01,21.55
internet_penetracion_hab,2021-07-01,21.98
internet_penetracion_hab,2021-10-01,22.81
internet_penetracion_hab,2022-01-01,23.05
internet_penetracion_hab,2022-04-01,23.72
internet_penetracion_hab,2022-07-01,24.14
internet_penetracion_hab,2022-10-01,24.35
internet_penetracion_hab,2023-01-01,24.29
internet_penetracion_hab,2023-04-01,24.31
internet_penetracion_hab,2023-07-01,24.67
internet_penetracion_hab,2023-10-01,24.97
internet_penetracion_hab,2024-01-01,25.09
internet_penetracion_hab,2024-04-01,24.92
internet_penetracion_hab,2024-07-01,25.25
internet_penetracion_hab,2024-10-01,25.74
internet_penetracion_hab,2025-01-01,26.08
internet_penetracion_hab,2025-04-01,26.42
internet_penetracion_hab,2025-07-01,27.06
internet_penetracion_hab,2025-10-01,27.99
internet_penetracion_hab,2026-01-01,29.16
internet_penetracion_hab,2026-04-01,29.64
internet_share_fibra,2014-01-01,2.349384955
internet_share_fibra,2014-04-01,2.310522691
internet_share_fibra,2014-07-01,2.357658995
internet_share_fibra,2014-10-01,2.268426017
internet_share_fibra,2015-01-01,2.496210891
internet_share_fibra,2015-04-01,2.21295246
internet_share_fibra,2015-07-01,2.345514132
internet_share_fibra,2015-10-01,1.992703904
internet_share_fibra,2016-01-01,2.37965149
internet_share_fibra,2016-04-01,2.353241808
internet_share_fibra,2016-07-01,2.35741888
internet_share_fibra,2016-10-01,2.455571287
internet_share_fibra,2017-01-01,2.465776075
internet_share_fibra,2017-04-01,2.433178674
internet_share_fibra,2017-07-01,2.510879368
internet_share_fibra,2017-10-01,2.68639182
internet_share_fibra,2018-01-01,2.705718128
internet_share_fibra,2018-04-01,2.79004454
internet_share_fibra,2018-07-01,2.963519381
internet_share_fibra,2018-10-01,4.579051189
internet_share_fibra,2019-01-01,7.366894712
internet_share_fibra,2019-04-01,8.490832942
internet_share_fibra,2019-07-01,9.298967646
internet_share_fibra,2019-10-01,10.70482912
internet_share_fibra,2020-01-01,11.89022183
internet_share_fibra,2020-04-01,12.25465771
internet_share_fibra,2020-07-01,12.51447302
internet_share_fibra,2020-10-01,13.69890306
internet_share_fibra,2021-01-01,14.12707251
internet_share_fibra,2021-04-01,14.92683222
internet_share_fibra,2021-07-01,15.52765489
internet_share_fibra,2021-10-01,19.7547826
internet_share_fibra,2022-01-01,20.89167093
internet_share_fibra,2022-04-01,24.85047475
internet_share_fibra,2022-07-01,25.89043242
internet_share_fibra,2022-10-01,27.30677971
internet_share_fibra,2023-01-01,28.85110562
internet_share_fibra,2023-04-01,30.78581327
internet_share_fibra,2023-07-01,32.51291235
internet_share_fibra,2023-10-01,33.84393601
internet_share_fibra,2024-01-01,34.5142883
internet_share_fibra,2024-04-01,36.08445301
internet_share_fibra,2024-07-01,36.89281884
internet_share_fibra,2024-10-01,40.87974462
internet_share_fibra,2025-01-01,41.61407858
internet_share_fibra,2025-04-01,43.40377696
internet_share_fibra,2025-07-01,45.23674681
internet_share_fibra,2025-10-01,47.37747951
internet_share_fibra,2026-01-01,48.59410576
internet_share_fibra,2026-04-01,50.12167322
internet_vmd_mbps,2014-01-01,3.62
internet_vmd_mbps,2014-04-01,3.76
internet_vmd_mbps,2014-07-01,3.87
internet_vmd_mbps,2014-10-01,4.16
internet_vmd_mbps,2015-01-01,4.35
internet_vmd_mbps,2015-04-01,4.55
internet_vmd_mbps,2015-07-01,4.79
internet_vmd_mbps,2015-10-01,4.99
internet_vmd_mbps,2016-01-01,5.08
internet_vmd_mbps,2016-04-01,5.42
internet_vmd_mbps,2016-07-01,5.94
internet_vmd_mbps,2016-10-01,6.34
internet_vmd_mbps,2017-01-01,6.62
internet_vmd_mbps,2017-04-01,7.16
internet_vmd_mbps,2017-07-01,8.34
internet_vmd_mbps,2017-10-01,12.01
internet_vmd_mbps,2018-01-01,13.22
internet_vmd_mbps,2018-04-01,13.85
internet_vmd_mbps,2018-07-01,15.36
internet_vmd_mbps,2018-10-01,15.95
internet_vmd_mbps,2019-01-01,17.38
internet_vmd_mbps,2019-04-01,20.33
internet_vmd_mbps,2019-07-01,24.18
internet_vmd_mbps,2019-10-01,28.26
internet_vmd_mbps,2020-01-01,37.52
internet_vmd_mbps,2020-04-01,38.32
internet_vmd_mbps,2020-07-01,40.67
internet_vmd_mbps,2020-10-01,42.36
internet_vmd_mbps,2021-01-01,43.11
internet_vmd_mbps,2021-04-01,45.63
internet_vmd_mbps,2021-07-01,48.46
internet_vmd_mbps,2021-10-01,52.34
internet_vmd_mbps,2022-01-01,55.11
internet_vmd_mbps,2022-04-01,58.44
internet_vmd_mbps,2022-07-01,62.46
internet_vmd_mbps,2022-10-01,106.56
internet_vmd_mbps,2023-01-01,110.5
internet_vmd_mbps,2023-04-01,123.95
internet_vmd_mbps,2023-07-01,129.67
internet_vmd_mbps,2023-10-01,139.04
internet_vmd_mbps,2024-01-01,139.15
internet_vmd_mbps,2024-04-01,139.25
internet_vmd_mbps,2024-07-01,142.08
internet_vmd_mbps,2024-10-01,182.21
internet_vmd_mbps,2025-01-01,218.88
internet_vmd_mbps,2025-04-01,224.57
internet_vmd_mbps,2025-07-01,234.48
internet_vmd_mbps,2025-10-01,245.53
internet_vmd_mbps,2026-01-01,252.45
internet_vmd_mbps,2026-04-01,264.56
ipc_nacional,2016-12-01,100
ipc_nacional,2017-01-01,101.5859
ipc_nacional,2017-02-01,103.6859
ipc_nacional,2017-03-01,106.1476
ipc_nacional,2017-04-01,108.9667
ipc_nacional,2017-05-01,110.5301
ipc_nacional,2017-06-01,111.8477
ipc_nacional,2017-07-01,113.7852
ipc_nacional,2017-08-01,115.3819
ipc_nacional,2017-09-01,117.5719
ipc_nacional,2017-10-01,119.3528
ipc_nacional,2017-11-01,120.994
ipc_nacional,2017-12-01,124.7956
ipc_nacional,2018-01-01,126.9887
ipc_nacional,2018-02-01,130.0606
ipc_nacional,2018-03-01,133.1054
ipc_nacional,2018-04-01,136.7512
ipc_nacional,2018-05-01,139.5893
ipc_nacional,2018-06-01,144.8053
ipc_nacional,2018-07-01,149.2966
ipc_nacional,2018-08-01,155.1034
ipc_nacional,2018-09-01,165.2383
ipc_nacional,2018-10-01,174.1473
ipc_nacional,2018-11-01,179.6388
ipc_nacional,2018-12-01,184.2552
ipc_nacional,2019-01-01,189.6101
ipc_nacional,2019-02-01,196.7501
ipc_nacional,2019-03-01,205.9571
ipc_nacional,2019-04-01,212.9596414
ipc_nacional,2019-05-01,219.5691
ipc_nacional,2019-06-01,225.537
ipc_nacional,2019-07-01,230.494
ipc_nacional,2019-08-01,239.6077
ipc_nacional,2019-09-01,253.7102
ipc_nacional,2019-10-01,262.0661
ipc_nacional,2019-11-01,273.2158
ipc_nacional,2019-12-01,283.4442
ipc_nacional,2020-01-01,289.8299
ipc_nacional,2020-02-01,295.666
ipc_nacional,2020-03-01,305.5515
ipc_nacional,2020-04-01,310.1243
ipc_nacional,2020-05-01,314.9087
ipc_nacional,2020-06-01,321.9738
ipc_nacional,2020-07-01,328.2014
ipc_nacional,2020-08-01,337.0632
ipc_nacional,2020-09-01,346.6207
ipc_nacional,2020-10-01,359.657
ipc_nacional,2020-11-01,371.0211
ipc_nacional,2020-12-01,385.8826
ipc_nacional,2021-01-01,401.5071
ipc_nacional,2021-02-01,415.8595
ipc_nacional,2021-03-01,435.8657
ipc_nacional,2021-04-01,453.6503
ipc_nacional,2021-05-01,468.725
ipc_nacional,2021-06-01,483.6049
ipc_nacional,2021-07-01,498.0987
ipc_nacional,2021-08-01,510.3942
ipc_nacional,2021-09-01,528.4968
ipc_nacional,2021-10-01,547.0802
ipc_nacional,2021-11-01,560.9184
ipc_nacional,2021-12-01,582.4575
ipc_nacional,2022-01-01,605.0317
ipc_nacional,2022-02-01,633.4341
ipc_nacional,2022-03-01,676.0566
ipc_nacional,2022-04-01,716.9399
ipc_nacional,2022-05-01,753.147
ipc_nacional,2022-06-01,793.0278
ipc_nacional,2022-07-01,851.761
ipc_nacional,2022-08-01,911.1316
ipc_nacional,2022-09-01,967.3076
ipc_nacional,2022-10-01,1028.706
ipc_nacional,2022-11-01,1079.2787
ipc_nacional,2022-12-01,1134.5875
ipc_nacional,2023-01-01,1202.979
ipc_nacional,2023-02-01,1282.7091
ipc_nacional,2023-03-01,1381.1601
ipc_nacional,2023-04-01,1497.2147
ipc_nacional,2023-05-01,1613.5895
ipc_nacional,2023-06-01,1709.6115
ipc_nacional,2023-07-01,1818.0838
ipc_nacional,2023-08-01,2044.2832
ipc_nacional,2023-09-01,2304.9242
ipc_nacional,2023-10-01,2496.273
ipc_nacional,2023-11-01,2816.0628
ipc_nacional,2023-12-01,3533.1922
ipc_nacional,2024-01-01,4261.5324
ipc_nacional,2024-02-01,4825.7881
ipc_nacional,2024-03-01,5357.0929
ipc_nacional,2024-04-01,5830.2271
ipc_nacional,2024-05-01,6073.7
ipc_nacional,2024-06-01,6351.7145
ipc_nacional,2024-07-01,6607.7479
ipc_nacional,2024-08-01,6883.4412
ipc_nacional,2024-09-01,7122.2421
ipc_nacional,2024-10-01,7313.9542
ipc_nacional,2024-11-01,7491.4314
ipc_nacional,2024-12-01,7694.0075
ipc_nacional,2025-01-01,7864.1257
ipc_nacional,2025-02-01,8052.9927
ipc_nacional,2025-03-01,8353.3158
ipc_nacional,2025-04-01,8585.6078
ipc_nacional,2025-05-01,8714.4871
ipc_nacional,2025-06-01,8855.5681
ipc_nacional,2025-07-01,9023.973
ipc_nacional,2025-08-01,9193.2441
ipc_nacional,2025-09-01,9384.0922
ipc_nacional,2025-10-01,9603.8623
ipc_nacional,2025-11-01,9841.3581
ipc_nacional,2025-12-01,10121.3715
ipc_nacional,2026-01-01,10413.0309
ipc_nacional,2026-02-01,10714.6255
ipc_nacional,2026-03-01,11077.0608
ipc_nacional,2026-04-01,11363.0904
ipc_nacional,2026-05-01,11607.3937
ipc_nacional,2026-06-01,11826.4103
ipc_nacional,2026-07-01,12076.3937
ipc_nacional,2026-08-01,12276.766
isac_asfalto,2012-01-01,174.6555629
isac_asfalto,2012-02-01,159.0425167
isac_asfalto,2012-03-01,169.9144987
isac_asfalto,2012-04-01,136.1741718
isac_asfalto,2012-05-01,120.2089906
isac_asfalto,2012-06-01,113.5118676
isac_asfalto,2012-07-01,110.4106078
isac_asfalto,2012-08-01,100.156451
isac_asfalto,2012-09-01,116.1112813
isac_asfalto,2012-10-01,118.0336304
isac_asfalto,2012-11-01,140.8741995
isac_asfalto,2012-12-01,137.6883084
isac_asfalto,2013-01-01,151.133789
isac_asfalto,2013-02-01,157.7033227
isac_asfalto,2013-03-01,143.8072339
isac_asfalto,2013-04-01,147.5158483
isac_asfalto,2013-05-01,142.4263965
isac_asfalto,2013-06-01,146.2827531
isac_asfalto,2013-07-01,152.6134323
isac_asfalto,2013-08-01,167.4518213
isac_asfalto,2013-09-01,151.8106029
isac_asfalto,2013-10-01,155.4639836
isac_asfalto,2013-11-01,138.1092699
isac_asfalto,2013-12-01,149.8073764
isac_asfalto,2014-01-01,142.9287937
isac_asfalto,2014-02-01,128.5232714
isac_asfalto,2014-03-01,151.2788762
isac_asfalto,2014-04-01,153.1154498
isac_asfalto,2014-05-01,139.1332383
isac_asfalto,2014-06-01,147.5163097
isac_asfalto,2014-07-01,143.9930426
isac_asfalto,2014-08-01,134.7962874
isac_asfalto,2014-09-01,139.5246039
isac_asfalto,2014-10-01,157.6227142
isac_asfalto,2014-11-01,130.748739
isac_asfalto,2014-12-01,154.4265606
isac_asfalto,2015-01-01,144.356655
isac_asfalto,2015-02-01,157.1268286
isac_asfalto,2015-03-01,138.9477115
isac_asfalto,2015-04-01,156.7525297
isac_asfalto,2015-05-01,144.697463
isac_asfalto,2015-06-01,150.6561717
isac_asfalto,2015-07-01,136.9892966
isac_asfalto,2015-08-01,117.3369401
isac_asfalto,2015-09-01,134.4893926
isac_asfalto,2015-10-01,124.9014524
isac_asfalto,2015-11-01,101.9243182
isac_asfalto,2015-12-01,96.74008823
isac_asfalto,2016-01-01,83.01905233
isac_asfalto,2016-02-01,81.97313728
isac_asfalto,2016-03-01,97.17646099
isac_asfalto,2016-04-01,84.86432408
isac_asfalto,2016-05-01,110.7338234
isac_asfalto,2016-06-01,108.3481613
isac_asfalto,2016-07-01,109.0770665
isac_asfalto,2016-08-01,140.9591296
isac_asfalto,2016-09-01,125.8518108
isac_asfalto,2016-10-01,124.8631599
isac_asfalto,2016-11-01,152.3290027
isac_asfalto,2016-12-01,161.8534429
isac_asfalto,2017-01-01,178.0666823
isac_asfalto,2017-02-01,166.2310785
isac_asfalto,2017-03-01,180.0703084
isac_asfalto,2017-04-01,176.3504894
isac_asfalto,2017-05-01,217.4929232
isac_asfalto,2017-06-01,186.5660446
isac_asfalto,2017-07-01,210.0432652
isac_asfalto,2017-08-01,239.5123079
isac_asfalto,2017-09-01,185.1583046
isac_asfalto,2017-10-01,230.5769902
isac_asfalto,2017-11-01,259.4655653
isac_asfalto,2017-12-01,206.4394755
isac_asfalto,2018-01-01,249.0945
isac_asfalto,2018-02-01,242.8910601
isac_asfalto,2018-03-01,241.3444971
isac_asfalto,2018-04-01,227.5785492
isac_asfalto,2018-05-01,222.6939443
isac_asfalto,2018-06-01,209.100492
isac_asfalto,2018-07-01,109.8712808
isac_asfalto,2018-08-01,161.267676
isac_asfalto,2018-09-01,187.5064267
isac_asfalto,2018-10-01,119.6796964
isac_asfalto,2018-11-01,113.0054803
isac_asfalto,2018-12-01,123.4324655
isac_asfalto,2019-01-01,190.99081
isac_asfalto,2019-02-01,206.7434686
isac_asfalto,2019-03-01,176.6864533
isac_asfalto,2019-04-01,206.2397456
isac_asfalto,2019-05-01,126.662621
isac_asfalto,2019-06-01,178.4186242
isac_asfalto,2019-07-01,184.9185989
isac_asfalto,2019-08-01,185.8200514
isac_asfalto,2019-09-01,104.0961047
isac_asfalto,2019-10-01,96.84208123
isac_asfalto,2019-11-01,113.579704
isac_asfalto,2019-12-01,64.90683623
isac_asfalto,2020-01-01,68.4493508
isac_asfalto,2020-02-01,64.2140645
isac_asfalto,2020-03-01,44.29258991
isac_asfalto,2020-04-01,23.94448115
isac_asfalto,2020-05-01,43.05183294
isac_asfalto,2020-06-01,60.40408091
isac_asfalto,2020-07-01,66.80196091
isac_asfalto,2020-08-01,73.25269811
isac_asfalto,2020-09-01,78.27136668
isac_asfalto,2020-10-01,94.15274417
isac_asfalto,2020-11-01,97.97133799
isac_asfalto,2020-12-01,92.82135633
isac_asfalto,2021-01-01,99.08758997
isac_asfalto,2021-02-01,111.2508449
isac_asfalto,2021-03-01,105.7643151
isac_asfalto,2021-04-01,113.806514
isac_asfalto,2021-05-01,107.0716073
isac_asfalto,2021-06-01,116.8481818
isac_asfalto,2021-07-01,115.3760518
isac_asfalto,2021-08-01,115.4645725
isac_asfalto,2021-09-01,105.2616708
isac_asfalto,2021-10-01,128.1318101
isac_asfalto,2021-11-01,111.6212622
isac_asfalto,2021-12-01,124.4713025
isac_asfalto,2022-01-01,113.1845559
isac_asfalto,2022-02-01,136.2779638
isac_asfalto,2022-03-01,133.9567307
isac_asfalto,2022-04-01,133.5604135
isac_asfalto,2022-05-01,126.9770916
isac_asfalto,2022-06-01,109.5979886
isac_asfalto,2022-07-01,102.367684
isac_asfalto,2022-08-01,105.3456425
isac_asfalto,2022-09-01,96.42276019
isac_asfalto,2022-10-01,95.49547192
isac_asfalto,2022-11-01,101.9365039
isac_asfalto,2022-12-01,105.325221
isac_asfalto,2023-01-01,120.9998314
isac_asfalto,2023-02-01,117.1024352
isac_asfalto,2023-03-01,138.3286894
isac_asfalto,2023-04-01,126.5614701
isac_asfalto,2023-05-01,113.546498
isac_asfalto,2023-06-01,125.6222373
isac_asfalto,2023-07-01,106.9560366
isac_asfalto,2023-08-01,83.97048259
isac_asfalto,2023-09-01,100.9772183
isac_asfalto,2023-10-01,88.49875927
isac_asfalto,2023-11-01,56.17859244
isac_asfalto,2023-12-01,53.30327874
isac_asfalto,2024-01-01,45.59651511
isac_asfalto,2024-02-01,40.56750087
isac_asfalto,2024-03-01,45.42973985
isac_asfalto,2024-04-01,48.72757325
isac_asfalto,2024-05-01,57.76366659
isac_asfalto,2024-06-01,60.14701753
isac_asfalto,2024-07-01,71.38784431
isac_asfalto,2024-08-01,58.44983413
isac_asfalto,2024-09-01,74.49135064
isac_asfalto,2024-10-01,71.77458488
isac_asfalto,2024-11-01,70.68833253
isac_asfalto,2024-12-01,82.57928566
isac_asfalto,2025-01-01,88.26925671
isac_asfalto,2025-02-01,73.78748577
isac_asfalto,2025-03-01,74.65408447
isac_asfalto,2025-04-01,84.54206419
isac_asfalto,2025-05-01,83.26956464
isac_asfalto,2025-06-01,89.54610205
isac_asfalto,2025-07-01,92.73502956
isac_asfalto,2025-08-01,96.70743498
isac_asfalto,2025-09-01,92.99260584
isac_asfalto,2025-10-01,94.98568296
isac_asfalto,2025-11-01,86.59070081
isac_asfalto,2025-12-01,80.07906136
isac_asfalto,2026-01-01,87.14415333
isac_asfalto,2026-02-01,79.92833546
isac_asfalto,2026-03-01,81.4140244
isac_asfalto,2026-04-01,70.82192421
isac_asfalto,2026-05-01,78.71804357
isac_asfalto,2026-06-01,73.01327277
isac_asfalto,2026-07-01,70.21150324
isac_desest,2012-01-01,182.1452617
isac_desest,2012-02-01,171.4707726
isac_desest,2012-03-01,182.1640869
isac_desest,2012-04-01,172.3818882
isac_desest,2012-05-01,174.4060984
isac_desest,2012-06-01,176.6807993
isac_desest,2012-07-01,170.5669568
isac_desest,2012-08-01,161.9381474
isac_desest,2012-09-01,167.1133779
isac_desest,2012-10-01,163.3267323
isac_desest,2012-11-01,172.2391298
isac_desest,2012-12-01,179.9960986
isac_desest,2013-01-01,180.2134956
isac_desest,2013-02-01,184.3666113
isac_desest,2013-03-01,187.0200743
isac_desest,2013-04-01,190.2883224
isac_desest,2013-05-01,196.5792401
isac_desest,2013-06-01,189.7989152
isac_desest,2013-07-01,187.8449373
isac_desest,2013-08-01,191.5537726
isac_desest,2013-09-01,187.1950359
isac_desest,2013-10-01,185.5394684
isac_desest,2013-11-01,186.7037767
isac_desest,2013-12-01,195.7608366
isac_desest,2014-01-01,189.2411655
isac_desest,2014-02-01,189.2824503
isac_desest,2014-03-01,183.4101863
isac_desest,2014-04-01,184.1833124
isac_desest,2014-05-01,184.7125245
isac_desest,2014-06-01,184.5697342
isac_desest,2014-07-01,181.4148019
isac_desest,2014-08-01,181.0699019
isac_desest,2014-09-01,188.4449888
isac_desest,2014-10-01,191.5500215
isac_desest,2014-11-01,188.3514724
isac_desest,2014-12-01,182.8223032
isac_desest,2015-01-01,188.4231556
isac_desest,2015-02-01,196.5711418
isac_desest,2015-03-01,187.1310081
isac_desest,2015-04-01,205.338615
isac_desest,2015-05-01,200.2608254
isac_desest,2015-06-01,204.4315707
isac_desest,2015-07-01,202.9171143
isac_desest,2015-08-01,192.2762789
isac_desest,2015-09-01,201.0512287
isac_desest,2015-10-01,201.6848162
isac_desest,2015-11-01,195.5969664
isac_desest,2015-12-01,186.9741187
isac_desest,2016-01-01,186.0016355
isac_desest,2016-02-01,180.8333176
isac_desest,2016-03-01,166.4530379
isac_desest,2016-04-01,159.0706036
isac_desest,2016-05-01,166.684184
isac_desest,2016-06-01,159.587451
isac_desest,2016-07-01,161.0092589
isac_desest,2016-08-01,170.2141567
isac_desest,2016-09-01,171.4336735
isac_desest,2016-10-01,163.6544366
isac_desest,2016-11-01,167.7629443
isac_desest,2016-12-01,176.5951016
isac_desest,2017-01-01,178.2330266
isac_desest,2017-02-01,172.1510771
isac_desest,2017-03-01,184.1645318
isac_desest,2017-04-01,181.5559895
isac_desest,2017-05-01,183.0717152
isac_desest,2017-06-01,191.9095049
isac_desest,2017-07-01,195.5821009
isac_desest,2017-08-01,195.7080899
isac_desest,2017-09-01,198.9261387
isac_desest,2017-10-01,204.0006339
isac_desest,2017-11-01,208.855004
isac_desest,2017-12-01,208.9196368
isac_desest,2018-01-01,207.4371389
isac_desest,2018-02-01,202.1497639
isac_desest,2018-03-01,204.9686456
isac_desest,2018-04-01,203.1111393
isac_desest,2018-05-01,195.9424551
isac_desest,2018-06-01,196.7375157
isac_desest,2018-07-01,189.592476
isac_desest,2018-08-01,194.1797573
isac_desest,2018-09-01,197.8627968
isac_desest,2018-10-01,186.818642
isac_desest,2018-11-01,173.4371744
isac_desest,2018-12-01,168.452051
isac_desest,2019-01-01,175.7247352
isac_desest,2019-02-01,191.5871357
isac_desest,2019-03-01,184.8525574
isac_desest,2019-04-01,182.6097012
isac_desest,2019-05-01,188.8793088
isac_desest,2019-06-01,180.1974142
isac_desest,2019-07-01,181.4556324
isac_desest,2019-08-01,185.6281337
isac_desest,2019-09-01,176.5626642
isac_desest,2019-10-01,167.4990139
isac_desest,2019-11-01,168.589654
isac_desest,2019-12-01,153.1630766
isac_desest,2020-01-01,151.8922725
isac_desest,2020-02-01,153.5659387
isac_desest,2020-03-01,94.56289165
isac_desest,2020-04-01,46.7904308
isac_desest,2020-05-01,104.7746387
isac_desest,2020-06-01,146.0023496
isac_desest,2020-07-01,155.1610483
isac_desest,2020-08-01,157.0764787
isac_desest,2020-09-01,162.6492553
isac_desest,2020-10-01,168.1491277
isac_desest,2020-11-01,182.2206314
isac_desest,2020-12-01,190.4271334
isac_desest,2021-01-01,196.8348445
isac_desest,2021-02-01,186.8579216
isac_desest,2021-03-01,189.0270893
isac_desest,2021-04-01,180.9197813
isac_desest,2021-05-01,176.6784127
isac_desest,2021-06-01,186.1942456
isac_desest,2021-07-01,188.8835056
isac_desest,2021-08-01,186.5733041
isac_desest,2021-09-01,185.3112479
isac_desest,2021-10-01,187.8042604
isac_desest,2021-11-01,191.0446831
isac_desest,2021-12-01,198.9717909
isac_desest,2022-01-01,188.8862083
isac_desest,2022-02-01,199.5875258
isac_desest,2022-03-01,193.8698006
isac_desest,2022-04-01,200.2092061
isac_desest,2022-05-01,201.8717348
isac_desest,2022-06-01,199.026672
isac_desest,2022-07-01,202.6751201
isac_desest,2022-08-01,195.8448068
isac_desest,2022-09-01,192.4564305
isac_desest,2022-10-01,188.6147936
isac_desest,2022-11-01,188.1212264
isac_desest,2022-12-01,182.9187177
isac_desest,2023-01-01,186.102466
isac_desest,2023-02-01,184.0718214
isac_desest,2023-03-01,196.8017211
isac_desest,2023-04-01,197.6658615
isac_desest,2023-05-01,191.9685878
isac_desest,2023-06-01,191.1887842
isac_desest,2023-07-01,192.3566694
isac_desest,2023-08-01,189.4858025
isac_desest,2023-09-01,188.2627391
isac_desest,2023-10-01,187.7131719
isac_desest,2023-11-01,185.543879
isac_desest,2023-12-01,166.950476
isac_desest,2024-01-01,143.5504658
isac_desest,2024-02-01,137.2816443
isac_desest,2024-03-01,119.6390779
isac_desest,2024-04-01,118.3053795
isac_desest,2024-05-01,128.2528447
isac_desest,2024-06-01,132.0340098
isac_desest,2024-07-01,143.7061807
isac_desest,2024-08-01,139.9879135
isac_desest,2024-09-01,141.7167905
isac_desest,2024-10-01,134.6080426
isac_desest,2024-11-01,141.6105853
isac_desest,2024-12-01,145.1156435
isac_desest,2025-01-01,141.1816672
isac_desest,2025-02-01,145.1106554
isac_desest,2025-03-01,139.6726067
isac_desest,2025-04-01,147.9159933
isac_desest,2025-05-01,143.5122968
isac_desest,2025-06-01,146.0264129
isac_desest,2025-07-01,147.0878437
isac_desest,2025-08-01,144.8392373
isac_desest,2025-09-01,146.7560308
isac_desest,2025-10-01,146.5449683
isac_desest,2025-11-01,140.6203759
isac_desest,2025-12-01,145.4111198
isac_desest,2026-01-01,145.1488661
isac_desest,2026-02-01,142.9514368
isac_desest,2026-03-01,151.4363507
isac_desest,2026-04-01,144.0654154
isac_desest,2026-05-01,153.3881373
isac_desest,2026-06-01,146.849176
isac_desest,2026-07-01,140.163348
lineas_moviles,2012-01-01,57017.174
lineas_moviles,2012-02-01,56557.404
lineas_moviles,2012-03-01,56545.142
lineas_moviles,2012-04-01,56585.806
lineas_moviles,2012-05-01,56891.501
lineas_moviles,2012-06-01,57007.69
lineas_moviles,2012-07-01,57248.88
lineas_moviles,2012-08-01,57613.271
lineas_moviles,2012-09-01,57599.081
lineas_moviles,2012-10-01,57940.348
lineas_moviles,2012-11-01,58152.489
lineas_moviles,2012-12-01,58577.536
lineas_moviles,2013-01-01,58882.577
lineas_moviles,2013-02-01,58720.434
lineas_moviles,2013-03-01,58862.861
lineas_moviles,2013-04-01,59328.943
lineas_moviles,2013-05-01,59596.923
lineas_moviles,2013-06-01,59946.735
lineas_moviles,2013-07-01,60350.133
lineas_moviles,2013-08-01,60534.389
lineas_moviles,2013-09-01,60796.19
lineas_moviles,2013-10-01,61127.757
lineas_moviles,2013-11-01,61107.915
lineas_moviles,2013-12-01,61451.484
lineas_moviles,2014-01-01,61238.86359
lineas_moviles,2014-02-01,60531.80024
lineas_moviles,2014-03-01,60151.1947
lineas_moviles,2014-04-01,59681.46768
lineas_moviles,2014-05-01,59457.99916
lineas_moviles,2014-06-01,59285.29052
lineas_moviles,2014-07-01,60139.26498
lineas_moviles,2014-08-01,60825.303
lineas_moviles,2014-09-01,60376.36551
lineas_moviles,2014-10-01,60138.18185
lineas_moviles,2014-11-01,59643.33273
lineas_moviles,2014-12-01,59297.59295
lineas_moviles,2015-01-01,59046.967
lineas_moviles,2015-02-01,58532.953
lineas_moviles,2015-03-01,58356.737
lineas_moviles,2015-04-01,58223.151
lineas_moviles,2015-05-01,58088.849
lineas_moviles,2015-06-01,58174.19
lineas_moviles,2015-07-01,58401.16
lineas_moviles,2015-08-01,58891.845
lineas_moviles,2015-09-01,59160.187
lineas_moviles,2015-10-01,59765.641
lineas_moviles,2015-11-01,60105.169
lineas_moviles,2015-12-01,60328.734
lineas_moviles,2016-01-01,59729.958
lineas_moviles,2016-02-01,59781.028
lineas_moviles,2016-03-01,60103.369
lineas_moviles,2016-04-01,60385.431
lineas_moviles,2016-05-01,60466.876
lineas_moviles,2016-06-01,60701.691
lineas_moviles,2016-07-01,60753.23
lineas_moviles,2016-08-01,61675.651
lineas_moviles,2016-09-01,62158.514
lineas_moviles,2016-10-01,62558.683
lineas_moviles,2016-11-01,63041.209
lineas_moviles,2016-12-01,62906.881
lineas_moviles,2017-01-01,62554.809
lineas_moviles,2017-02-01,62553.64
lineas_moviles,2017-03-01,62767.36
lineas_moviles,2017-04-01,62411.938
lineas_moviles,2017-05-01,62421.96
lineas_moviles,2017-06-01,61932.217
lineas_moviles,2017-07-01,61508.473
lineas_moviles,2017-08-01,61350.624
lineas_moviles,2017-09-01,61236.76
lineas_moviles,2017-10-01,61229.673
lineas_moviles,2017-11-01,61129.795
lineas_moviles,2017-12-01,61052.958
lineas_moviles,2018-01-01,60858.88
lineas_moviles,2018-02-01,60691.91
lineas_moviles,2018-03-01,60604.33
lineas_moviles,2018-04-01,60431.671
lineas_moviles,2018-05-01,60138.838
lineas_moviles,2018-06-01,59687.168
lineas_moviles,2018-07-01,59441.445
lineas_moviles,2018-08-01,59350.454
lineas_moviles,2018-09-01,59166.43
lineas_moviles,2018-10-01,59146.348
lineas_moviles,2018-11-01,59198.425
lineas_moviles,2018-12-01,59194.09
lineas_moviles,2019-01-01,59003.402
lineas_moviles,2019-02-01,59034.069
lineas_moviles,2019-03-01,58850.95
lineas_moviles,2019-04-01,58880.599
lineas_moviles,2019-05-01,58596.425
lineas_moviles,2019-06-01,58819.927
lineas_moviles,2019-07-01,58578.702
lineas_moviles,2019-08-01,58431.633
lineas_moviles,2019-09-01,58125.115
lineas_moviles,2019-10-01,57943.169
lineas_moviles,2019-11-01,57616.827
lineas_moviles,2019-12-01,57703.234
lineas_moviles,2020-01-01,57259.06
lineas_moviles,2020-02-01,57688.309
lineas_moviles,2020-03-01,57615.692
lineas_moviles,2020-04-01,57475.831
lineas_moviles,2020-05-01,57145.696
lineas_moviles,2020-06-01,56963.182
lineas_moviles,2020-07-01,56911.195
lineas_moviles,2020-08-01,56922.411
lineas_moviles,2020-09-01,56725.992
lineas_moviles,2020-10-01,56932.623
lineas_moviles,2020-11-01,56964.29
lineas_moviles,2020-12-01,57069.93
lineas_moviles,2021-01-01,57270.786
lineas_moviles,2021-02-01,57343.017
lineas_moviles,2021-03-01,58249.999
lineas_moviles,2021-04-01,58529.295
lineas_moviles,2021-05-01,58581.802
lineas_moviles,2021-06-01,59285.686
lineas_moviles,2021-07-01,59756.555
lineas_moviles,2021-08-01,60097.927
lineas_moviles,2021-09-01,60474.275
lineas_moviles,2021-10-01,60616.099
lineas_moviles,2021-11-01,61646.76
lineas_moviles,2021-12-01,61732.505
lineas_moviles,2022-01-01,61859.745
lineas_moviles,2022-02-01,61888.838
lineas_moviles,2022-03-01,61878.29
lineas_moviles,2022-04-01,61873.75
lineas_moviles,2022-05-01,61852.652
lineas_moviles,2022-06-01,61965.643
lineas_moviles,2022-07-01,62054.1
lineas_moviles,2022-08-01,62088.342
lineas_moviles,2022-09-01,62122.566
lineas_moviles,2022-10-01,62244.153
lineas_moviles,2022-11-01,62519.13
lineas_moviles,2022-12-01,62712.417
lineas_moviles,2023-01-01,62980.62
lineas_moviles,2023-02-01,63166.383
lineas_moviles,2023-03-01,63312.344
lineas_moviles,2023-04-01,63829.97
lineas_moviles,2023-05-01,63935.878
lineas_moviles,2023-06-01,64076.359
lineas_moviles,2023-07-01,64148.86
lineas_moviles,2023-08-01,64281.696
lineas_moviles,2023-09-01,64514.099
lineas_moviles,2023-10-01,64660.134
lineas_moviles,2023-11-01,64700.068
lineas_moviles,2023-12-01,64935.778
lineas_moviles,2024-01-01,65044.576
lineas_moviles,2024-02-01,64945.263
lineas_moviles,2024-03-01,65122.321
lineas_moviles,2024-04-01,65108.778
lineas_moviles,2024-05-01,65164.234
lineas_moviles,2024-06-01,65228.676
lineas_moviles,2024-07-01,65385.931
lineas_moviles,2024-08-01,65666.358
lineas_moviles,2024-09-01,65893.03
lineas_moviles,2024-10-01,66097.372
lineas_moviles,2024-11-01,66339.075
lineas_moviles,2024-12-01,66709.162
lineas_moviles,2025-01-01,67069.492
lineas_moviles,2025-02-01,67301.986
lineas_moviles,2025-03-01,66962.267
lineas_moviles,2025-04-01,66983.098
lineas_moviles,2025-05-01,66990.108
lineas_moviles,2025-06-01,67005.893
lineas_moviles,2025-07-01,67275.054
lineas_moviles,2025-08-01,67450.528
lineas_moviles,2025-09-01,67392.856
lineas_moviles,2025-10-01,67361.438
lineas_moviles,2025-11-01,67200.538
lineas_moviles,2025-12-01,67435.747
lineas_moviles,2026-01-01,67535.312
lineas_moviles,2026-02-01,67453.08
lineas_moviles,2026-03-01,67349.118
lineas_moviles,2026-04-01,67329.45
lineas_moviles,2026-05-01,67342.044
lineas_moviles,2026-06-01,67308.453
peajes_rutas_nacionales,2012-01-01,22433449
peajes_rutas_nacionales,2012-02-01,20395009.5
peajes_rutas_nacionales,2012-03-01,21116227
peajes_rutas_nacionales,2012-04-01,20697016.5
peajes_rutas_nacionales,2012-05-01,20754873
peajes_rutas_nacionales,2012-06-01,19128770
peajes_rutas_nacionales,2012-07-01,22526330.5
peajes_rutas_nacionales,2012-08-01,18118125.5
peajes_rutas_nacionales,2012-09-01,19920947.5
peajes_rutas_nacionales,2012-10-01,20761934.5
peajes_rutas_nacionales,2012-11-01,20425401.5
peajes_rutas_nacionales,2012-12-01,20448734.5
peajes_rutas_nacionales,2013-01-01,21716449.5
peajes_rutas_nacionales,2013-02-01,19451619.5
peajes_rutas_nacionales,2013-03-01,21508954
peajes_rutas_nacionales,2013-04-01,20929011
peajes_rutas_nacionales,2013-05-01,19536876.5
peajes_rutas_nacionales,2013-06-01,18560694.5
peajes_rutas_nacionales,2013-07-01,20164698.5
peajes_rutas_nacionales,2013-08-01,19276864.5
peajes_rutas_nacionales,2013-09-01,18586726.5
peajes_rutas_nacionales,2013-10-01,19779360
peajes_rutas_nacionales,2013-11-01,18865889
peajes_rutas_nacionales,2013-12-01,19134726.5
peajes_rutas_nacionales,2014-01-01,20219893.5
peajes_rutas_nacionales,2014-02-01,17692286
peajes_rutas_nacionales,2014-03-01,19000808
peajes_rutas_nacionales,2014-04-01,18653900
peajes_rutas_nacionales,2014-05-01,18724240.5
peajes_rutas_nacionales,2014-06-01,17918053
peajes_rutas_nacionales,2014-07-01,19774207.5
peajes_rutas_nacionales,2014-08-01,19516612
peajes_rutas_nacionales,2014-09-01,18744521
peajes_rutas_nacionales,2014-10-01,19853733.5
peajes_rutas_nacionales,2014-11-01,18435708
peajes_rutas_nacionales,2014-12-01,19120269.5
peajes_rutas_nacionales,2015-01-01,20330977
peajes_rutas_nacionales,2015-02-01,19097725
peajes_rutas_nacionales,2015-03-01,20071503
peajes_rutas_nacionales,2015-04-01,20719425
peajes_rutas_nacionales,2015-05-01,19687717.5
peajes_rutas_nacionales,2015-06-01,18978946.5
peajes_rutas_nacionales,2015-07-01,21633416
peajes_rutas_nacionales,2015-08-01,19344070
peajes_rutas_nacionales,2015-09-01,20143065
peajes_rutas_nacionales,2015-10-01,20559643
peajes_rutas_nacionales,2015-11-01,19242310.5
peajes_rutas_nacionales,2015-12-01,20197295
peajes_rutas_nacionales,2016-01-01,21045032
peajes_rutas_nacionales,2016-02-01,19992047
peajes_rutas_nacionales,2016-03-01,20321635.5
peajes_rutas_nacionales,2016-04-01,17409047
peajes_rutas_nacionales,2016-05-01,18716463.5
peajes_rutas_nacionales,2016-06-01,18089324
peajes_rutas_nacionales,2016-07-01,20374994.5
peajes_rutas_nacionales,2016-08-01,20543250
peajes_rutas_nacionales,2016-09-01,19434579.5
peajes_rutas_nacionales,2016-10-01,19684992
peajes_rutas_nacionales,2016-11-01,19577662
peajes_rutas_nacionales,2016-12-01,20355472
peajes_rutas_nacionales,2017-01-01,21378767
peajes_rutas_nacionales,2017-02-01,19099889
peajes_rutas_nacionales,2017-03-01,20303100.5
peajes_rutas_nacionales,2017-04-01,18999148.5
peajes_rutas_nacionales,2017-05-01,19190111
peajes_rutas_nacionales,2017-06-01,18766847.5
peajes_rutas_nacionales,2017-07-01,21805624.5
peajes_rutas_nacionales,2017-08-01,20831309
peajes_rutas_nacionales,2017-09-01,20149731.5
peajes_rutas_nacionales,2017-10-01,21022939
peajes_rutas_nacionales,2017-11-01,20848169
peajes_rutas_nacionales,2017-12-01,20473184
peajes_rutas_nacionales,2018-01-01,22263473
peajes_rutas_nacionales,2018-02-01,20085884
peajes_rutas_nacionales,2018-03-01,20904136
peajes_rutas_nacionales,2018-04-01,20224515.5
peajes_rutas_nacionales,2018-05-01,18982279
peajes_rutas_nacionales,2018-06-01,17364459.5
peajes_rutas_nacionales,2018-07-01,18736165
peajes_rutas_nacionales,2018-08-01,16096321.5
peajes_rutas_nacionales,2018-09-01,14452901.5
peajes_rutas_nacionales,2018-10-01,15793210
peajes_rutas_nacionales,2018-11-01,14947941.5
peajes_rutas_nacionales,2018-12-01,15381206
peajes_rutas_nacionales,2019-01-01,16195235.5
peajes_rutas_nacionales,2019-02-01,15135413
peajes_rutas_nacionales,2019-03-01,15471524.5
peajes_rutas_nacionales,2019-04-01,14656942.5
peajes_rutas_nacionales,2019-05-01,14707740.5
peajes_rutas_nacionales,2019-06-01,14134407
peajes_rutas_nacionales,2019-07-01,16932981
peajes_rutas_nacionales,2019-08-01,16012369
peajes_rutas_nacionales,2019-09-01,15324571
peajes_rutas_nacionales,2019-10-01,15860374
peajes_rutas_nacionales,2019-11-01,15711571
peajes_rutas_nacionales,2019-12-01,16014334.5
peajes_rutas_nacionales,2020-01-01,17194548.5
peajes_rutas_nacionales,2020-02-01,16466700.16
peajes_rutas_nacionales,2020-03-01,10561040.4
peajes_rutas_nacionales,2020-04-01,0
peajes_rutas_nacionales,2020-05-01,3489790.093
peajes_rutas_nacionales,2020-06-01,8579870.096
peajes_rutas_nacionales,2020-07-01,9182286.245
peajes_rutas_nacionales,2020-08-01,9385206.702
peajes_rutas_nacionales,2020-09-01,9615838.029
peajes_rutas_nacionales,2020-10-01,10173562.05
peajes_rutas_nacionales,2020-11-01,11198308.63
peajes_rutas_nacionales,2020-12-01,10343495
peajes_rutas_nacionales,2021-01-01,13377692.5
peajes_rutas_nacionales,2021-02-01,13007813.5
peajes_rutas_nacionales,2021-03-01,13901423.5
peajes_rutas_nacionales,2021-04-01,12757292.5
peajes_rutas_nacionales,2021-05-01,11678955
peajes_rutas_nacionales,2021-06-01,11848042
peajes_rutas_nacionales,2021-07-01,14771643.5
peajes_rutas_nacionales,2021-08-01,15243675
peajes_rutas_nacionales,2021-09-01,15101284
peajes_rutas_nacionales,2021-10-01,16219099.5
peajes_rutas_nacionales,2021-11-01,15952860
peajes_rutas_nacionales,2021-12-01,16856895.5
peajes_rutas_nacionales,2022-01-01,16488675
peajes_rutas_nacionales,2022-02-01,16157295.5
peajes_rutas_nacionales,2022-03-01,16672033.5
peajes_rutas_nacionales,2022-04-01,16478545
peajes_rutas_nacionales,2022-05-01,16253691
peajes_rutas_nacionales,2022-06-01,15624170.5
peajes_rutas_nacionales,2022-07-01,18123840
peajes_rutas_nacionales,2022-08-01,16892133.5
peajes_rutas_nacionales,2022-09-01,15841991.5
peajes_rutas_nacionales,2022-10-01,16470823.5
peajes_rutas_nacionales,2022-11-01,15802350.5
peajes_rutas_nacionales,2022-12-01,15579041.5
peajes_rutas_nacionales,2023-01-01,17001253.5
peajes_rutas_nacionales,2023-02-01,16423956
peajes_rutas_nacionales,2023-03-01,16281789.5
peajes_rutas_nacionales,2023-04-01,15543885.5
peajes_rutas_nacionales,2023-05-01,16020800
peajes_rutas_nacionales,2023-06-01,15739839.5
peajes_rutas_nacionales,2023-07-01,17095190
peajes_rutas_nacionales,2023-08-01,16170675
peajes_rutas_nacionales,2023-09-01,13994917.5
peajes_rutas_nacionales,2023-10-01,14894322
peajes_rutas_nacionales,2023-11-01,14774742
peajes_rutas_nacionales,2023-12-01,14652747
peajes_rutas_nacionales,2024-01-01,15767454
peajes_rutas_nacionales,2024-02-01,14299293.5
peajes_rutas_nacionales,2024-03-01,14259291
peajes_rutas_nacionales,2024-04-01,14081248.5
peajes_rutas_nacionales,2024-05-01,14323717
peajes_rutas_nacionales,2024-06-01,14183440.5
peajes_rutas_nacionales,2024-07-01,16611133
peajes_rutas_nacionales,2024-08-01,15006813.5
peajes_rutas_nacionales,2024-09-01,15123785
peajes_rutas_nacionales,2024-10-01,15953381.5
peajes_rutas_nacionales,2024-11-01,15584014
peajes_rutas_nacionales,2024-12-01,15991472
peajes_rutas_nacionales,2025-01-01,17163451.5
peajes_rutas_nacionales,2025-02-01,15420330
peajes_rutas_nacionales,2025-03-01,15595240.5
peajes_rutas_nacionales,2025-04-01,12201928.5
peajes_rutas_nacionales,2025-05-01,12868946
peajes_rutas_nacionales,2025-06-01,12366662
peajes_rutas_nacionales,2025-07-01,14036447
peajes_rutas_nacionales,2025-08-01,13317345
peajes_rutas_nacionales,2025-09-01,12953589
peajes_rutas_nacionales,2025-10-01,13164849
peajes_rutas_nacionales,2025-11-01,13027239
peajes_rutas_nacionales,2025-12-01,12842265
peajes_rutas_nacionales,2026-01-01,13489031
peajes_rutas_nacionales,2026-02-01,12847756
peajes_rutas_nacionales,2026-03-01,13568142
peajes_rutas_nacionales,2026-04-01,12708187
peajes_rutas_nacionales,2026-05-01,13472099
peajes_rutas_nacionales,2026-06-01,12369969
pib_nominal_anualizado,2004-01-01,439195.865
pib_nominal_anualizado,2004-04-01,509498.6632
pib_nominal_anualizado,2004-07-01,488462.3826
pib_nominal_anualizado,2004-10-01,503303.8681
pib_nominal_anualizado,2005-01-01,510703.427
pib_nominal_anualizado,2005-04-01,605771.7758
pib_nominal_anualizado,2005-07-01,590219.5591
pib_nominal_anualizado,2005-10-01,623457.9297
pib_nominal_anualizado,2006-01-01,643562.3796
pib_nominal_anualizado,2006-04-01,727989.1873
pib_nominal_anualizado,2006-07-01,729299.498
pib_nominal_anualizado,2006-10-01,762766.0221
pib_nominal_anualizado,2007-01-01,774387.7878
pib_nominal_anualizado,2007-04-01,904350.3881
pib_nominal_anualizado,2007-07-01,914103.9674
pib_nominal_anualizado,2007-10-01,995078.553
pib_nominal_anualizado,2008-01-01,1032356.873
pib_nominal_anualizado,2008-04-01,1213883.411
pib_nominal_anualizado,2008-07-01,1183692.27
pib_nominal_anualizado,2008-10-01,1168651.808
pib_nominal_anualizado,2009-01-01,1112307.488
pib_nominal_anualizado,2009-04-01,1251464.728
pib_nominal_anualizado,2009-07-01,1269734.745
pib_nominal_anualizado,2009-10-01,1358210.114
pib_nominal_anualizado,2010-01-01,1418857.95
pib_nominal_anualizado,2010-04-01,1686066.954
pib_nominal_anualizado,2010-07-01,1712834.549
pib_nominal_anualizado,2010-10-01,1829124.25
pib_nominal_anualizado,2011-01-01,1888827.152
pib_nominal_anualizado,2011-04-01,2237123.835
pib_nominal_anualizado,2011-07-01,2250487.264
pib_nominal_anualizado,2011-10-01,2339658.163
pib_nominal_anualizado,2012-01-01,2345559.603
pib_nominal_anualizado,2012-04-01,2651098.046
pib_nominal_anualizado,2012-07-01,2704827.55
pib_nominal_anualizado,2012-10-01,2850170.193
pib_nominal_anualizado,2013-01-01,2888980.859
pib_nominal_anualizado,2013-04-01,3387810.912
pib_nominal_anualizado,2013-07-01,3436546.546
pib_nominal_anualizado,2013-10-01,3679895.635
pib_nominal_anualizado,2014-01-01,3917648.861
pib_nominal_anualizado,2014-04-01,4702629.525
pib_nominal_anualizado,2014-07-01,4685503.119
pib_nominal_anualizado,2014-10-01,5010564.197
pib_nominal_anualizado,2015-01-01,5092693.74
pib_nominal_anualizado,2015-04-01,5951478.855
pib_nominal_anualizado,2015-07-01,6221730.756
pib_nominal_anualizado,2015-10-01,6552140.231
pib_nominal_anualizado,2016-01-01,7006645.045
pib_nominal_anualizado,2016-04-01,8414556.482
pib_nominal_anualizado,2016-07-01,8527628.825
pib_nominal_anualizado,2016-10-01,8963807.874
pib_nominal_anualizado,2017-01-01,9240877.731
pib_nominal_anualizado,2017-04-01,10558208.3
pib_nominal_anualizado,2017-07-01,11116422.32
pib_nominal_anualizado,2017-10-01,11725405.63
pib_nominal_anualizado,2018-01-01,12457790.35
pib_nominal_anualizado,2018-04-01,14431394.01
pib_nominal_anualizado,2018-07-01,15276275.65
pib_nominal_anualizado,2018-10-01,16813782.7
pib_nominal_anualizado,2019-01-01,17484108.86
pib_nominal_anualizado,2019-04-01,21233558.15
pib_nominal_anualizado,2019-07-01,22303884.01
pib_nominal_anualizado,2019-10-01,25212225.58
pib_nominal_anualizado,2020-01-01,24999988.08
pib_nominal_anualizado,2020-04-01,24025361.94
pib_nominal_anualizado,2020-07-01,27536379.51
pib_nominal_anualizado,2020-10-01,32277527.05
pib_nominal_anualizado,2021-01-01,36785109.79
pib_nominal_anualizado,2021-04-01,46340281.48
pib_nominal_anualizado,2021-07-01,47462528.99
pib_nominal_anualizado,2021-10-01,54288413.78
pib_nominal_anualizado,2022-01-01,60345325.43
pib_nominal_anualizado,2022-04-01,78676963.28
pib_nominal_anualizado,2022-07-01,87863363.94
pib_nominal_anualizado,2022-10-01,104354529.2
pib_nominal_anualizado,2023-01-01,122260810.8
pib_nominal_anualizado,2023-04-01,160137437.4
pib_nominal_anualizado,2023-07-01,208506894.4
pib_nominal_anualizado,2023-10-01,284879571.9
pib_nominal_anualizado,2024-01-01,431840977.8
pib_nominal_anualizado,2024-04-01,559535913.2
pib_nominal_anualizado,2024-07-01,637639916.3
pib_nominal_anualizado,2024-10-01,708491236.7
pib_nominal_anualizado,2025-01-01,729698211.1
pib_nominal_anualizado,2025-04-01,835447894.2
pib_nominal_anualizado,2025-07-01,888000914.2
pib_nominal_anualizado,2025-10-01,947812173.3
pib_nominal_anualizado,2026-01-01,977714351.9
pib_nominal_anualizado,2026-04-01,1127339492
pot_instalada_mw,2002-01-01,23589.89
pot_instalada_mw,2003-01-01,23899.79
pot_instalada_mw,2004-01-01,23953.39
pot_instalada_mw,2005-01-01,24123.89
pot_instalada_mw,2006-01-01,24107.89
pot_instalada_mw,2007-01-01,24551.69
pot_instalada_mw,2008-01-01,26390.15
pot_instalada_mw,2009-01-01,27235.754
pot_instalada_mw,2010-01-01,28427.304
pot_instalada_mw,2011-01-01,29940.834
pot_instalada_mw,2012-01-01,31319.844
pot_instalada_mw,2013-01-01,31447.684
pot_instalada_mw,2014-01-01,32264.189
pot_instalada_mw,2015-01-01,33563.5
pot_instalada_mw,2016-01-01,33971.157
pot_instalada_mw,2017-01-01,36149.938
pot_instalada_mw,2018-01-01,38537.684
pot_instalada_mw,2019-01-01,39718.762
pot_instalada_mw,2020-01-01,41951.189
pot_instalada_mw,2021-01-01,42988.923
pot_instalada_mw,2022-01-01,42926.723
pot_instalada_mw,2023-01-01,43773.651
pot_instalada_mw,2024-01-01,43350.917
pot_instalada_mw,2025-01-01,44176.997
pot_maxima_mw,2001-01-01,13501
pot_maxima_mw,2001-02-01,14061
pot_maxima_mw,2001-03-01,13780
pot_maxima_mw,2001-04-01,12866
pot_maxima_mw,2001-05-01,12968
pot_maxima_mw,2001-06-01,13639
pot_maxima_mw,2001-07-01,13794
pot_maxima_mw,2001-08-01,13030
pot_maxima_mw,2001-09-01,12642
pot_maxima_mw,2001-10-01,12365
pot_maxima_mw,2001-11-01,12595
pot_maxima_mw,2001-12-01,12626
pot_maxima_mw,2002-01-01,12296
pot_maxima_mw,2002-02-01,13481
pot_maxima_mw,2002-03-01,13481
pot_maxima_mw,2002-04-01,12209
pot_maxima_mw,2002-05-01,12444
pot_maxima_mw,2002-06-01,13428
pot_maxima_mw,2002-07-01,13405
pot_maxima_mw,2002-08-01,12908
pot_maxima_mw,2002-09-01,12392
pot_maxima_mw,2002-10-01,12394
pot_maxima_mw,2002-11-01,12828
pot_maxima_mw,2002-12-01,12939
pot_maxima_mw,2003-01-01,13774
pot_maxima_mw,2003-02-01,13900
pot_maxima_mw,2003-03-01,13721
pot_maxima_mw,2003-04-01,12670
pot_maxima_mw,2003-05-01,13218
pot_maxima_mw,2003-06-01,13567
pot_maxima_mw,2003-07-01,14359
pot_maxima_mw,2003-08-01,14331
pot_maxima_mw,2003-09-01,13570
pot_maxima_mw,2003-10-01,13384
pot_maxima_mw,2003-11-01,13461
pot_maxima_mw,2003-12-01,14185
pot_maxima_mw,2004-01-01,14350
pot_maxima_mw,2004-02-01,14207
pot_maxima_mw,2004-03-01,14655
pot_maxima_mw,2004-04-01,14732
pot_maxima_mw,2004-05-01,14257
pot_maxima_mw,2004-06-01,14512
pot_maxima_mw,2004-07-01,14789
pot_maxima_mw,2004-08-01,14848
pot_maxima_mw,2004-09-01,13611
pot_maxima_mw,2004-10-01,13569
pot_maxima_mw,2004-11-01,14708
pot_maxima_mw,2004-12-01,15032
pot_maxima_mw,2005-01-01,15129
pot_maxima_mw,2005-02-01,15717
pot_maxima_mw,2005-03-01,15211
pot_maxima_mw,2005-04-01,14552
pot_maxima_mw,2005-05-01,14900
pot_maxima_mw,2005-06-01,15699
pot_maxima_mw,2005-07-01,15792
pot_maxima_mw,2005-08-01,15648
pot_maxima_mw,2005-09-01,15485
pot_maxima_mw,2005-10-01,14799
pot_maxima_mw,2005-11-01,16143
pot_maxima_mw,2005-12-01,15657
pot_maxima_mw,2006-01-01,15831
pot_maxima_mw,2006-02-01,16753
pot_maxima_mw,2006-03-01,16335
pot_maxima_mw,2006-04-01,15898
pot_maxima_mw,2006-05-01,16876
pot_maxima_mw,2006-06-01,17037
pot_maxima_mw,2006-07-01,17395
pot_maxima_mw,2006-08-01,17309
pot_maxima_mw,2006-09-01,17097
pot_maxima_mw,2006-10-01,17252
pot_maxima_mw,2006-11-01,17237
pot_maxima_mw,2006-12-01,17323
pot_maxima_mw,2007-01-01,17073
pot_maxima_mw,2007-02-01,17654
pot_maxima_mw,2007-03-01,17400
pot_maxima_mw,2007-04-01,17881
pot_maxima_mw,2007-05-01,18279
pot_maxima_mw,2007-06-01,18345
pot_maxima_mw,2007-07-01,17743
pot_maxima_mw,2007-08-01,17669
pot_maxima_mw,2007-09-01,16590
pot_maxima_mw,2007-10-01,16745
pot_maxima_mw,2007-11-01,17291
pot_maxima_mw,2007-12-01,17786
pot_maxima_mw,2008-01-01,17885
pot_maxima_mw,2008-02-01,17930
pot_maxima_mw,2008-03-01,17697
pot_maxima_mw,2008-04-01,17129
pot_maxima_mw,2008-05-01,18670
pot_maxima_mw,2008-06-01,19126
pot_maxima_mw,2008-07-01,18389
pot_maxima_mw,2008-08-01,18071
pot_maxima_mw,2008-09-01,17615
pot_maxima_mw,2008-10-01,16652
pot_maxima_mw,2008-11-01,18441
pot_maxima_mw,2008-12-01,17571
pot_maxima_mw,2009-01-01,17351
pot_maxima_mw,2009-02-01,18596
pot_maxima_mw,2009-03-01,17218
pot_maxima_mw,2009-04-01,16963
pot_maxima_mw,2009-05-01,17780
pot_maxima_mw,2009-06-01,18948
pot_maxima_mw,2009-07-01,19566
pot_maxima_mw,2009-08-01,17862
pot_maxima_mw,2009-09-01,17895
pot_maxima_mw,2009-10-01,18023
pot_maxima_mw,2009-11-01,17426
pot_maxima_mw,2009-12-01,18422
pot_maxima_mw,2010-01-01,19370
pot_maxima_mw,2010-02-01,19332
pot_maxima_mw,2010-03-01,18408
pot_maxima_mw,2010-04-01,16937
pot_maxima_mw,2010-05-01,18228
pot_maxima_mw,2010-06-01,18770
pot_maxima_mw,2010-07-01,20396
pot_maxima_mw,2010-08-01,20843
pot_maxima_mw,2010-09-01,19346
pot_maxima_mw,2010-10-01,17211
pot_maxima_mw,2010-11-01,18353
pot_maxima_mw,2010-12-01,20209
pot_maxima_mw,2011-01-01,20531
pot_maxima_mw,2011-02-01,20171
pot_maxima_mw,2011-03-01,20913
pot_maxima_mw,2011-04-01,18309
pot_maxima_mw,2011-05-01,18765
pot_maxima_mw,2011-06-01,21024
pot_maxima_mw,2011-07-01,21403
pot_maxima_mw,2011-08-01,21564
pot_maxima_mw,2011-09-01,18648
pot_maxima_mw,2011-10-01,17565
pot_maxima_mw,2011-11-01,19508
pot_maxima_mw,2011-12-01,20513
pot_maxima_mw,2012-01-01,21309
pot_maxima_mw,2012-02-01,21949
pot_maxima_mw,2012-03-01,20095
pot_maxima_mw,2012-04-01,18264
pot_maxima_mw,2012-05-01,18472
pot_maxima_mw,2012-06-01,20978
pot_maxima_mw,2012-07-01,20912
pot_maxima_mw,2012-08-01,19995
pot_maxima_mw,2012-09-01,18626
pot_maxima_mw,2012-10-01,17834
pot_maxima_mw,2012-11-01,20091
pot_maxima_mw,2012-12-01,20921
pot_maxima_mw,2013-01-01,21982
pot_maxima_mw,2013-02-01,22169
pot_maxima_mw,2013-03-01,19523
pot_maxima_mw,2013-04-01,18443
pot_maxima_mw,2013-05-01,20035
pot_maxima_mw,2013-06-01,21270
pot_maxima_mw,2013-07-01,22552
pot_maxima_mw,2013-08-01,21773
pot_maxima_mw,2013-09-01,21711
pot_maxima_mw,2013-10-01,19484
pot_maxima_mw,2013-11-01,20436
pot_maxima_mw,2013-12-01,23794
pot_maxima_mw,2014-01-01,24034
pot_maxima_mw,2014-02-01,21507
pot_maxima_mw,2014-03-01,19105
pot_maxima_mw,2014-04-01,19537
pot_maxima_mw,2014-05-01,20933
pot_maxima_mw,2014-06-01,21716
pot_maxima_mw,2014-07-01,21950
pot_maxima_mw,2014-08-01,20947
pot_maxima_mw,2014-09-01,19419
pot_maxima_mw,2014-10-01,22147
pot_maxima_mw,2014-11-01,22055
pot_maxima_mw,2014-12-01,23104
pot_maxima_mw,2015-01-01,23949
pot_maxima_mw,2015-02-01,23573
pot_maxima_mw,2015-03-01,23409
pot_maxima_mw,2015-04-01,20116
pot_maxima_mw,2015-05-01,20450
pot_maxima_mw,2015-06-01,23529
pot_maxima_mw,2015-07-01,22997
pot_maxima_mw,2015-08-01,22363
pot_maxima_mw,2015-09-01,21398
pot_maxima_mw,2015-10-01,20628
pot_maxima_mw,2015-11-01,20411
pot_maxima_mw,2015-12-01,23727
pot_maxima_mw,2016-01-01,24885
pot_maxima_mw,2016-02-01,25380
pot_maxima_mw,2016-03-01,23139
pot_maxima_mw,2016-04-01,21340
pot_maxima_mw,2016-05-01,21679
pot_maxima_mw,2016-06-01,22368
pot_maxima_mw,2016-07-01,22230
pot_maxima_mw,2016-08-01,21455
pot_maxima_mw,2016-09-01,22265
pot_maxima_mw,2016-10-01,19051
pot_maxima_mw,2016-11-01,20425
pot_maxima_mw,2016-12-01,23266
pot_maxima_mw,2017-01-01,24717
pot_maxima_mw,2017-02-01,25628
pot_maxima_mw,2017-03-01,24906
pot_maxima_mw,2017-04-01,20056
pot_maxima_mw,2017-05-01,22058
pot_maxima_mw,2017-06-01,22987
pot_maxima_mw,2017-07-01,23529
pot_maxima_mw,2017-08-01,21931
pot_maxima_mw,2017-09-01,20369
pot_maxima_mw,2017-10-01,19953
pot_maxima_mw,2017-11-01,21585
pot_maxima_mw,2017-12-01,24696
pot_maxima_mw,2018-01-01,25209
pot_maxima_mw,2018-02-01,26320
pot_maxima_mw,2018-03-01,22960
pot_maxima_mw,2018-04-01,21763
pot_maxima_mw,2018-05-01,21308
pot_maxima_mw,2018-06-01,23831
pot_maxima_mw,2018-07-01,23776
pot_maxima_mw,2018-08-01,23054
pot_maxima_mw,2018-09-01,19541
pot_maxima_mw,2018-10-01,18952
pot_maxima_mw,2018-11-01,21190
pot_maxima_mw,2018-12-01,23100
pot_maxima_mw,2019-01-01,26113
pot_maxima_mw,2019-02-01,25897
pot_maxima_mw,2019-03-01,22426
pot_maxima_mw,2019-04-01,18876
pot_maxima_mw,2019-05-01,21075
pot_maxima_mw,2019-06-01,22594
pot_maxima_mw,2019-07-01,23859
pot_maxima_mw,2019-08-01,23365
pot_maxima_mw,2019-09-01,22079
pot_maxima_mw,2019-10-01,19908
pot_maxima_mw,2019-11-01,23674
pot_maxima_mw,2019-12-01,25382
pot_maxima_mw,2020-01-01,24891
pot_maxima_mw,2020-02-01,25791
pot_maxima_mw,2020-03-01,23847
pot_maxima_mw,2020-04-01,16405
pot_maxima_mw,2020-05-01,19000
pot_maxima_mw,2020-06-01,22114
pot_maxima_mw,2020-07-01,23559
pot_maxima_mw,2020-08-01,22430
pot_maxima_mw,2020-09-01,22683
pot_maxima_mw,2020-10-01,19659
pot_maxima_mw,2020-11-01,22289
pot_maxima_mw,2020-12-01,24079
pot_maxima_mw,2021-01-01,26450
pot_maxima_mw,2021-02-01,22431
pot_maxima_mw,2021-03-01,22447
pot_maxima_mw,2021-04-01,19676
pot_maxima_mw,2021-05-01,20557
pot_maxima_mw,2021-06-01,25913
pot_maxima_mw,2021-07-01,24816
pot_maxima_mw,2021-08-01,24816
pot_maxima_mw,2021-09-01,20771
pot_maxima_mw,2021-10-01,23317
pot_maxima_mw,2021-11-01,21920
pot_maxima_mw,2021-12-01,27088
pot_maxima_mw,2022-01-01,28231
pot_maxima_mw,2022-02-01,25050
pot_maxima_mw,2022-03-01,21332
pot_maxima_mw,2022-04-01,19783
pot_maxima_mw,2022-05-01,25362
pot_maxima_mw,2022-06-01,26062
pot_maxima_mw,2022-07-01,24477
pot_maxima_mw,2022-08-01,23389
pot_maxima_mw,2022-09-01,20194
pot_maxima_mw,2022-10-01,19630
pot_maxima_mw,2022-11-01,26610
pot_maxima_mw,2022-12-01,28283
pot_maxima_mw,2023-01-01,27420
pot_maxima_mw,2023-02-01,28207
pot_maxima_mw,2023-03-01,29105
pot_maxima_mw,2023-04-01,19984
pot_maxima_mw,2023-05-01,21837
pot_maxima_mw,2023-06-01,24935
pot_maxima_mw,2023-07-01,25476
pot_maxima_mw,2023-08-01,22313
pot_maxima_mw,2023-09-01,23085
pot_maxima_mw,2023-10-01,19520
pot_maxima_mw,2023-11-01,24791
pot_maxima_mw,2023-12-01,25688
pot_maxima_mw,2024-01-01,28719
pot_maxima_mw,2024-02-01,29653
pot_maxima_mw,2024-03-01,24053
pot_maxima_mw,2024-04-01,19122
pot_maxima_mw,2024-05-01,25104
pot_maxima_mw,2024-06-01,24051
pot_maxima_mw,2024-07-01,26675
pot_maxima_mw,2024-08-01,23806
pot_maxima_mw,2024-09-01,19829
pot_maxima_mw,2024-10-01,22158
pot_maxima_mw,2024-11-01,22856
pot_maxima_mw,2024-12-01,23961
pot_maxima_mw,2025-01-01,27696
pot_maxima_mw,2025-02-01,30257
pot_maxima_mw,2025-03-01,28739
pot_maxima_mw,2025-04-01,18247
pot_maxima_mw,2025-05-01,23439
pot_maxima_mw,2025-06-01,27719
pot_maxima_mw,2025-07-01,28119
pot_maxima_mw,2025-08-01,23083
pot_maxima_mw,2025-09-01,22292
pot_maxima_mw,2025-10-01,20808
pot_maxima_mw,2025-11-01,23537
pot_maxima_mw,2025-12-01,27891
pot_maxima_mw,2026-01-01,26716
pot_maxima_mw,2026-02-01,28000
pot_maxima_mw,2026-03-01,26480
pot_maxima_mw,2026-04-01,23251
pot_maxima_mw,2026-05-01,24345
pot_maxima_mw,2026-06-01,25785
pot_maxima_mw,2026-07-01,27189
pot_maxima_mw,2026-08-01,24956
produccion_gas_mm3,1996-01-01,2504.98
produccion_gas_mm3,1996-02-01,2325.37
produccion_gas_mm3,1996-03-01,2735.07
produccion_gas_mm3,1996-04-01,2584.15
produccion_gas_mm3,1996-05-01,3006.48
produccion_gas_mm3,1996-06-01,3300.45
produccion_gas_mm3,1996-07-01,3444.13
produccion_gas_mm3,1996-08-01,3157.73
produccion_gas_mm3,1996-09-01,3172.15
produccion_gas_mm3,1996-10-01,2791.9
produccion_gas_mm3,1996-11-01,2730.48
produccion_gas_mm3,1996-12-01,2896.85
produccion_gas_mm3,1997-01-01,2969.282037
produccion_gas_mm3,1997-02-01,2755.327894
produccion_gas_mm3,1997-03-01,3000.320347
produccion_gas_mm3,1997-04-01,3101.483266
produccion_gas_mm3,1997-05-01,3385.946529
produccion_gas_mm3,1997-06-01,3412.905575
produccion_gas_mm3,1997-07-01,3435.120633
produccion_gas_mm3,1997-08-01,3282.289739
produccion_gas_mm3,1997-09-01,3041.873365
produccion_gas_mm3,1997-10-01,3015.910343
produccion_gas_mm3,1997-11-01,2877.988242
produccion_gas_mm3,1997-12-01,2795.535222
produccion_gas_mm3,1998-01-01,2804.792142
produccion_gas_mm3,1998-02-01,2671.370838
produccion_gas_mm3,1998-03-01,3002.888449
produccion_gas_mm3,1998-04-01,3028.558963
produccion_gas_mm3,1998-05-01,3430.681248
produccion_gas_mm3,1998-06-01,3580.751742
produccion_gas_mm3,1998-07-01,3637.280169
produccion_gas_mm3,1998-08-01,3573.17639
produccion_gas_mm3,1998-09-01,3347.462976
produccion_gas_mm3,1998-10-01,3258.617534
produccion_gas_mm3,1998-11-01,3131.026728
produccion_gas_mm3,1998-12-01,3162.961828
produccion_gas_mm3,1999-01-01,3081.644832
produccion_gas_mm3,1999-02-01,2911.730577
produccion_gas_mm3,1999-03-01,3326.795757
produccion_gas_mm3,1999-04-01,3281.384052
produccion_gas_mm3,1999-05-01,3863.717776
produccion_gas_mm3,1999-06-01,3938.727917
produccion_gas_mm3,1999-07-01,2589.526998
produccion_gas_mm3,1999-08-01,3725.757619
produccion_gas_mm3,1999-09-01,3557.337401
produccion_gas_mm3,1999-10-01,3543.547491
produccion_gas_mm3,1999-11-01,3264.773485
produccion_gas_mm3,1999-12-01,3664.07524
produccion_gas_mm3,2000-01-01,3446.401696
produccion_gas_mm3,2000-02-01,3422.254317
produccion_gas_mm3,2000-03-01,3512.253074
produccion_gas_mm3,2000-04-01,3539.964068
produccion_gas_mm3,2000-05-01,4179.967815
produccion_gas_mm3,2000-06-01,4187.277168
produccion_gas_mm3,2000-07-01,4291.256466
produccion_gas_mm3,2000-08-01,5297.801606
produccion_gas_mm3,2000-09-01,3877.096064
produccion_gas_mm3,2000-10-01,3491.87444
produccion_gas_mm3,2000-11-01,3158.01581
produccion_gas_mm3,2000-12-01,2807.402062
produccion_gas_mm3,2001-01-01,3471.212554
produccion_gas_mm3,2001-02-01,3146.144156
produccion_gas_mm3,2001-03-01,4926.902997
produccion_gas_mm3,2001-04-01,4759.759319
produccion_gas_mm3,2001-05-01,4364.391186
produccion_gas_mm3,2001-06-01,4158.594528
produccion_gas_mm3,2001-07-01,4418.598976
produccion_gas_mm3,2001-08-01,4078.893344
produccion_gas_mm3,2001-09-01,4023.157653
produccion_gas_mm3,2001-10-01,3669.013824
produccion_gas_mm3,2001-11-01,3473.277769
produccion_gas_mm3,2001-12-01,3548.621083
produccion_gas_mm3,2002-01-01,3573.02799
produccion_gas_mm3,2002-02-01,3315.089186
produccion_gas_mm3,2002-03-01,3710.399533
produccion_gas_mm3,2002-04-01,3698.136622
produccion_gas_mm3,2002-05-01,4138.281123
produccion_gas_mm3,2002-06-01,4340.715329
produccion_gas_mm3,2002-07-01,4616.961738
produccion_gas_mm3,2002-08-01,4932.249236
produccion_gas_mm3,2002-09-01,3928.778445
produccion_gas_mm3,2002-10-01,3531.870689
produccion_gas_mm3,2002-11-01,3273.908024
produccion_gas_mm3,2002-12-01,3397.682041
produccion_gas_mm3,2003-01-01,3544.375537
produccion_gas_mm3,2003-02-01,3434.176149
produccion_gas_mm3,2003-03-01,3840.152971
produccion_gas_mm3,2003-04-01,3884.812207
produccion_gas_mm3,2003-05-01,4506.552959
produccion_gas_mm3,2003-06-01,4682.107014
produccion_gas_mm3,2003-07-01,4856.778121
produccion_gas_mm3,2003-08-01,4950.347564
produccion_gas_mm3,2003-09-01,4593.593965
produccion_gas_mm3,2003-10-01,4434.742469
produccion_gas_mm3,2003-11-01,4041.656896
produccion_gas_mm3,2003-12-01,4178.445374
produccion_gas_mm3,2004-01-01,4175.749264
produccion_gas_mm3,2004-02-01,4048.24644
produccion_gas_mm3,2004-03-01,4358.095065
produccion_gas_mm3,2004-04-01,4255.319617
produccion_gas_mm3,2004-05-01,4509.981462
produccion_gas_mm3,2004-06-01,4542.590373
produccion_gas_mm3,2004-07-01,4651.124141
produccion_gas_mm3,2004-08-01,4624.813813
produccion_gas_mm3,2004-09-01,4421.646243
produccion_gas_mm3,2004-10-01,4314.954754
produccion_gas_mm3,2004-11-01,4036.368883
produccion_gas_mm3,2004-12-01,4218.098429
produccion_gas_mm3,2005-01-01,4101.340068
produccion_gas_mm3,2005-02-01,3802.649939
produccion_gas_mm3,2005-03-01,4120.50676
produccion_gas_mm3,2005-04-01,4106.024944
produccion_gas_mm3,2005-05-01,4575.123722
produccion_gas_mm3,2005-06-01,4497.283206
produccion_gas_mm3,2005-07-01,4665.64788
produccion_gas_mm3,2005-08-01,4626.976582
produccion_gas_mm3,2005-09-01,4325.311421
produccion_gas_mm3,2005-10-01,4200.577797
produccion_gas_mm3,2005-11-01,4119.896848
produccion_gas_mm3,2005-12-01,4137.260263
produccion_gas_mm3,2006-01-01,4255.400461
produccion_gas_mm3,2006-02-01,3908.454279
produccion_gas_mm3,2006-03-01,4303.839622
produccion_gas_mm3,2006-04-01,4191.323397
produccion_gas_mm3,2006-05-01,4443.557877
produccion_gas_mm3,2006-06-01,4405.041605
produccion_gas_mm3,2006-07-01,4528.931214
produccion_gas_mm3,2006-08-01,4552.091502
produccion_gas_mm3,2006-09-01,4364.020569
produccion_gas_mm3,2006-10-01,4365.485819
produccion_gas_mm3,2006-11-01,4119.40943
produccion_gas_mm3,2006-12-01,4208.218386
produccion_gas_mm3,2007-01-01,4201.253384
produccion_gas_mm3,2007-02-01,3717.967974
produccion_gas_mm3,2007-03-01,4255.22909
produccion_gas_mm3,2007-04-01,4267.507297
produccion_gas_mm3,2007-05-01,4481.828654
produccion_gas_mm3,2007-06-01,4319.919313
produccion_gas_mm3,2007-07-01,4488.181023
produccion_gas_mm3,2007-08-01,4448.882711
produccion_gas_mm3,2007-09-01,4320.295875
produccion_gas_mm3,2007-10-01,4214.19
produccion_gas_mm3,2007-11-01,4000.709788
produccion_gas_mm3,2007-12-01,4255.187016
produccion_gas_mm3,2008-01-01,4160.121989
produccion_gas_mm3,2008-02-01,3961.077288
produccion_gas_mm3,2008-03-01,4284.245779
produccion_gas_mm3,2008-04-01,4137.521777
produccion_gas_mm3,2008-05-01,4146.380866
produccion_gas_mm3,2008-06-01,4236.280257
produccion_gas_mm3,2008-07-01,4456.899345
produccion_gas_mm3,2008-08-01,4473.686138
produccion_gas_mm3,2008-09-01,4261.131314
produccion_gas_mm3,2008-10-01,4256.773561
produccion_gas_mm3,2008-11-01,4030.73581
produccion_gas_mm3,2008-12-01,4083.401168
produccion_gas_mm3,2009-01-01,4067.913335
produccion_gas_mm3,2009-02-01,3719.331513
produccion_gas_mm3,2009-03-01,4196.197348
produccion_gas_mm3,2009-04-01,4064.797384
produccion_gas_mm3,2009-05-01,4196.607422
produccion_gas_mm3,2009-06-01,4167.750107
produccion_gas_mm3,2009-07-01,4284.284033
produccion_gas_mm3,2009-08-01,4017.115531
produccion_gas_mm3,2009-09-01,3994.427037
produccion_gas_mm3,2009-10-01,4116.822337
produccion_gas_mm3,2009-11-01,3729.921571
produccion_gas_mm3,2009-12-01,3864.081821
produccion_gas_mm3,2010-01-01,3884.051647
produccion_gas_mm3,2010-02-01,3621.945737
produccion_gas_mm3,2010-03-01,3943.164422
produccion_gas_mm3,2010-04-01,3814.661948
produccion_gas_mm3,2010-05-01,4107.18554
produccion_gas_mm3,2010-06-01,4002.775784
produccion_gas_mm3,2010-07-01,4160.354847
produccion_gas_mm3,2010-08-01,4152.315067
produccion_gas_mm3,2010-09-01,3938.797734
produccion_gas_mm3,2010-10-01,3963.187583
produccion_gas_mm3,2010-11-01,3712.019802
produccion_gas_mm3,2010-12-01,3807.123634
produccion_gas_mm3,2011-01-01,3816.956012
produccion_gas_mm3,2011-02-01,3456.999753
produccion_gas_mm3,2011-03-01,3768.122755
produccion_gas_mm3,2011-04-01,3612.723759
produccion_gas_mm3,2011-05-01,3874.478674
produccion_gas_mm3,2011-06-01,3817.520903
produccion_gas_mm3,2011-07-01,3921.512473
produccion_gas_mm3,2011-08-01,3959.770484
produccion_gas_mm3,2011-09-01,3818.038792
produccion_gas_mm3,2011-10-01,3921.320554
produccion_gas_mm3,2011-11-01,3742.394646
produccion_gas_mm3,2011-12-01,3817.714811
produccion_gas_mm3,2012-01-01,3814.073047
produccion_gas_mm3,2012-02-01,3466.246323
produccion_gas_mm3,2012-03-01,3752.605675
produccion_gas_mm3,2012-04-01,3673.305155
produccion_gas_mm3,2012-05-01,3796.377982
produccion_gas_mm3,2012-06-01,3648.946403
produccion_gas_mm3,2012-07-01,3764.95091
produccion_gas_mm3,2012-08-01,3764.320748
produccion_gas_mm3,2012-09-01,3637.90655
produccion_gas_mm3,2012-10-01,3712.063158
produccion_gas_mm3,2012-11-01,3515.920509
produccion_gas_mm3,2012-12-01,3576.97768
produccion_gas_mm3,2013-01-01,3553.750383
produccion_gas_mm3,2013-02-01,3227.568137
produccion_gas_mm3,2013-03-01,3459.741648
produccion_gas_mm3,2013-04-01,3375.429323
produccion_gas_mm3,2013-05-01,3547.854901
produccion_gas_mm3,2013-06-01,3451.275304
produccion_gas_mm3,2013-07-01,3548.431131
produccion_gas_mm3,2013-08-01,3573.394214
produccion_gas_mm3,2013-09-01,3461.45695
produccion_gas_mm3,2013-10-01,3551.818897
produccion_gas_mm3,2013-11-01,3440.690582
produccion_gas_mm3,2013-12-01,3516.880667
produccion_gas_mm3,2014-01-01,3540.191875
produccion_gas_mm3,2014-02-01,3191.659464
produccion_gas_mm3,2014-03-01,3477.93738
produccion_gas_mm3,2014-04-01,3256.037079
produccion_gas_mm3,2014-05-01,3543.982672
produccion_gas_mm3,2014-06-01,3434.501534
produccion_gas_mm3,2014-07-01,3574.374624
produccion_gas_mm3,2014-08-01,3558.876769
produccion_gas_mm3,2014-09-01,3455.631437
produccion_gas_mm3,2014-10-01,3482.318629
produccion_gas_mm3,2014-11-01,3419.435771
produccion_gas_mm3,2014-12-01,3549.077938
produccion_gas_mm3,2015-01-01,3595.40708
produccion_gas_mm3,2015-02-01,3229.373741
produccion_gas_mm3,2015-03-01,3612.211088
produccion_gas_mm3,2015-04-01,3515.64586
produccion_gas_mm3,2015-05-01,3669.901558
produccion_gas_mm3,2015-06-01,3540.099709
produccion_gas_mm3,2015-07-01,3637.084577
produccion_gas_mm3,2015-08-01,3715.732611
produccion_gas_mm3,2015-09-01,3539.315325
produccion_gas_mm3,2015-10-01,3706.588471
produccion_gas_mm3,2015-11-01,3556.907265
produccion_gas_mm3,2015-12-01,3587.265325
produccion_gas_mm3,2016-01-01,3711.411548
produccion_gas_mm3,2016-02-01,3483.496269
produccion_gas_mm3,2016-03-01,3782.02302
produccion_gas_mm3,2016-04-01,3687.599885
produccion_gas_mm3,2016-05-01,3852.540914
produccion_gas_mm3,2016-06-01,3721.520079
produccion_gas_mm3,2016-07-01,3894.395747
produccion_gas_mm3,2016-08-01,3870.624751
produccion_gas_mm3,2016-09-01,3719.824227
produccion_gas_mm3,2016-10-01,3863.05722
produccion_gas_mm3,2016-11-01,3637.018345
produccion_gas_mm3,2016-12-01,3764.317305
produccion_gas_mm3,2017-01-01,3815.974108
produccion_gas_mm3,2017-02-01,3273.868247
produccion_gas_mm3,2017-03-01,3788.793731
produccion_gas_mm3,2017-04-01,3698.591827
produccion_gas_mm3,2017-05-01,3785.383086
produccion_gas_mm3,2017-06-01,3668.738619
produccion_gas_mm3,2017-07-01,3825.169846
produccion_gas_mm3,2017-08-01,3838.459344
produccion_gas_mm3,2017-09-01,3702.521106
produccion_gas_mm3,2017-10-01,3869.446688
produccion_gas_mm3,2017-11-01,3575.788366
produccion_gas_mm3,2017-12-01,3813.923598
produccion_gas_mm3,2018-01-01,3845.35116
produccion_gas_mm3,2018-02-01,3495.466114
produccion_gas_mm3,2018-03-01,3901.881262
produccion_gas_mm3,2018-04-01,3877.433194
produccion_gas_mm3,2018-05-01,3945.44338
produccion_gas_mm3,2018-06-01,3966.859298
produccion_gas_mm3,2018-07-01,4096.351346
produccion_gas_mm3,2018-08-01,4147.953475
produccion_gas_mm3,2018-09-01,3953.977048
produccion_gas_mm3,2018-10-01,4103.284672
produccion_gas_mm3,2018-11-01,3696.854175
produccion_gas_mm3,2018-12-01,3990.351063
produccion_gas_mm3,2019-01-01,4000.194452
produccion_gas_mm3,2019-02-01,3770.580137
produccion_gas_mm3,2019-03-01,4014.104313
produccion_gas_mm3,2019-04-01,3948.832523
produccion_gas_mm3,2019-05-01,4245.779178
produccion_gas_mm3,2019-06-01,4199.870454
produccion_gas_mm3,2019-07-01,4476.974328
produccion_gas_mm3,2019-08-01,4477.107179
produccion_gas_mm3,2019-09-01,4138.295547
produccion_gas_mm3,2019-10-01,4336.926499
produccion_gas_mm3,2019-11-01,3809.53616
produccion_gas_mm3,2019-12-01,3932.834451
produccion_gas_mm3,2020-01-01,4037.20264
produccion_gas_mm3,2020-02-01,3703.765145
produccion_gas_mm3,2020-03-01,3925.258648
produccion_gas_mm3,2020-04-01,3502.206717
produccion_gas_mm3,2020-05-01,3858.60529
produccion_gas_mm3,2020-06-01,3780.652476
produccion_gas_mm3,2020-07-01,3931.664441
produccion_gas_mm3,2020-08-01,3895.836427
produccion_gas_mm3,2020-09-01,3685.613012
produccion_gas_mm3,2020-10-01,3778.316292
produccion_gas_mm3,2020-11-01,3471.828699
produccion_gas_mm3,2020-12-01,3530.069407
produccion_gas_mm3,2021-01-01,3596.46049
produccion_gas_mm3,2021-02-01,3208.218315
produccion_gas_mm3,2021-03-01,3550.242307
produccion_gas_mm3,2021-04-01,3427.197366
produccion_gas_mm3,2021-05-01,3759.885634
produccion_gas_mm3,2021-06-01,3810.686737
produccion_gas_mm3,2021-07-01,4052.60567
produccion_gas_mm3,2021-08-01,4145.486521
produccion_gas_mm3,2021-09-01,3980.180374
produccion_gas_mm3,2021-10-01,3944.133438
produccion_gas_mm3,2021-11-01,3836.342407
produccion_gas_mm3,2021-12-01,3994.720004
produccion_gas_mm3,2022-01-01,4028.555578
produccion_gas_mm3,2022-02-01,3565.156348
produccion_gas_mm3,2022-03-01,3889.770182
produccion_gas_mm3,2022-04-01,3821.221502
produccion_gas_mm3,2022-05-01,4226.644953
produccion_gas_mm3,2022-06-01,4192.53421
produccion_gas_mm3,2022-07-01,4354.746042
produccion_gas_mm3,2022-08-01,4395.136678
produccion_gas_mm3,2022-09-01,4090.437826
produccion_gas_mm3,2022-10-01,4122.414338
produccion_gas_mm3,2022-11-01,3802.607562
produccion_gas_mm3,2022-12-01,4000.121788
produccion_gas_mm3,2023-01-01,3999.872319
produccion_gas_mm3,2023-02-01,3645.35594
produccion_gas_mm3,2023-03-01,3994.46631
produccion_gas_mm3,2023-04-01,3863.489774
produccion_gas_mm3,2023-05-01,4184.22437
produccion_gas_mm3,2023-06-01,4146.53266
produccion_gas_mm3,2023-07-01,4283.186203
produccion_gas_mm3,2023-08-01,4477.024219
produccion_gas_mm3,2023-09-01,4296.923314
produccion_gas_mm3,2023-10-01,3905.392633
produccion_gas_mm3,2023-11-01,3789.920718
produccion_gas_mm3,2023-12-01,3539.010723
produccion_gas_mm3,2024-01-01,3837.920216
produccion_gas_mm3,2024-02-01,3887.644921
produccion_gas_mm3,2024-03-01,4174.404509
produccion_gas_mm3,2024-04-01,4084.724312
produccion_gas_mm3,2024-05-01,4654.367873
produccion_gas_mm3,2024-06-01,4426.718359
produccion_gas_mm3,2024-07-01,4709.051282
produccion_gas_mm3,2024-08-01,4744.006328
produccion_gas_mm3,2024-09-01,4416.56055
produccion_gas_mm3,2024-10-01,4128.077408
produccion_gas_mm3,2024-11-01,3815.321985
produccion_gas_mm3,2024-12-01,3858.998605
produccion_gas_mm3,2025-01-01,4294.227608
produccion_gas_mm3,2025-02-01,4054.482672
produccion_gas_mm3,2025-03-01,4147.937866
produccion_gas_mm3,2025-04-01,4101.625997
produccion_gas_mm3,2025-05-01,4578.093685
produccion_gas_mm3,2025-06-01,4780.534288
produccion_gas_mm3,2025-07-01,4983.609463
produccion_gas_mm3,2025-08-01,4901.064491
produccion_gas_mm3,2025-09-01,4159.37725
produccion_gas_mm3,2025-10-01,3843.234359
produccion_gas_mm3,2025-11-01,3666.51031
produccion_gas_mm3,2025-12-01,4084.105014
produccion_gas_mm3,2026-01-01,4081.939118
produccion_gas_mm3,2026-02-01,3923.676721
produccion_gas_mm3,2026-03-01,4396.835464
produccion_gas_mm3,2026-04-01,4218.858757
produccion_gas_mm3,2026-05-01,4857.306894
produccion_gas_mm3,2026-06-01,4795.644082
